cnpj,razao_social,sigla_uf,cnae_secao,archetype,headcount,receita_point_brl,receita_pia_brl,convergencia_pct,confidence
50781434000144,MINERACAO HORICAL LTDA,SP,C,labor_intensive_midcap,269,249006917.36688426,241869918.92000002,2.866184812194861,alta
33565527000112,LACTMILK INDUSTRIA E COMERCIO DE LATICINIOS LTDA,RJ,C,labor_intensive_midcap,205,248783182.4443542,232253841.85000002,6.644074744904162,alta
07740586000170,ORTHOMETRIC - INDUSTRIA E COMERCIO DE PRODUTOS MEDICOS E ODONTOLOGICOS LTDA,SP,C,labor_intensive_midcap,483,246760029.62271902,189566371.68,23.177845305888727,alta
74372285000128,KAWAGRAF EMBALAGENS LTDA,SP,C,standard,216,244601720.58693045,225073296.0,7.9837641943283595,alta
55295125000188,ARTERRA PAISAGISMO LTDA,SP,G,labor_intensive_midcap,117,241453113.35803923,208431427.23,13.676231243733422,alta
59160689000164,LUCHETI LUBRIFICANTES LTDA,SP,C,standard,73,234700275.83622587,204133188.64999998,13.023882088470847,alta
11500075000158,PREMAG - ACO E ESTRUTURAS PRE-MOLDADAS DE CONCRETO LTDA,RJ,G,labor_intensive_midcap,100,231481474.4487708,178146519.0,23.040701453875677,alta
28266449000115,AGRO COMERCIAL AMAZON LTDA,SP,G,labor_intensive_midcap,100,229985586.6552732,178146519.0,22.540137583915246,alta
03523294000124,COMERCIO DE HORTIFRUTIGRANJEIRO SITIO VERDE LTDA,SP,G,labor_intensive_midcap,100,229985586.6552732,178146519.0,22.540137583915246,alta
01681499000102,LTM INDUSTRIA E COMERCIO DE CHICOTES ELETRICOS LTDA,SP,C,standard,303,229522994.5312167,195141699.03,14.979455793280275,alta
06885217000102,SOLEFER INDUSTRIA E COMERCIO DE ESTAMPOS E MOLDES LTDA,SP,C,labor_intensive_midcap,291,229339285.90511504,180250509.96,21.404433937857736,alta
60433778000116,SOLVENTEX INDUSTRIA QUIMICA LIMITADA,SP,C,labor_intensive_midcap,159,228101664.62455833,175410790.68,23.09973231948322,alta
13373000000189,TMA MAQUINAS E EQUIPAMENTOS AGRICOLAS LTDA,SP,C,family_mature_sweet_spot,200,227440669.61304867,198265240.0,12.827710040902387,alta
07223780000188,MALCON METALURGICA LTDA,SP,C,labor_intensive_midcap,363,225281665.42694837,219258965.96999997,2.673408617400943,alta
46270518000146,SPAAL INDUSTRIA E COMERCIO LTDA,SP,C,standard,404,224995660.695957,250244694.24,11.222009111616929,alta
05304298000147,ALUX DO BRASIL INDUSTRIA E COMERCIO LTDA.,SP,C,capital_intensive,86,222449195.53949085,174877779.3,21.38529479691717,alta
09287935000175,ORNNA DISTRIBUIDORA LTDA,SP,G,labor_intensive_midcap,118,222334712.91047394,210212892.42,5.4520593441272345,alta
07777870000110,LUKMA COMERCIO DE ELETRO ELETRONICOS IMPORTACAO E EXPORTACAO LTDA,SP,G,family_mature_sweet_spot,97,219139264.5716289,172802123.43,21.145065550990253,alta
33191990000141,CAPRICHOSA AUTO ONIBUS LTDA,RJ,H,standard,816,216089817.11571383,175264127.52,18.892926164055243,alta
33474997000170,RENASCER TERCEIRIZACAO E SERVICOS LTDA,SP,G,labor_intensive_midcap,108,215818720.14946023,192398240.51999998,10.85192221195684,alta
50770445000129,PALETRANS EQUIPAMENTOS LTDA,SP,C,labor_intensive_midcap,370,215695619.9268462,215044784.4,0.3017379430639032,alta
13848752000159,CP PLACAS ELETRONICAS LTDA,SP,C,labor_intensive_midcap,184,213981909.77463272,199464072.08,6.784609834505637,alta
01230247000167,FERLAGOS DISTRIBUIDORA LTDA,RJ,G,labor_intensive_midcap,90,211812466.12527883,160331867.1,24.30480130231337,alta
11358358000107,PAPER BOX SAQ INDUSTRIA DE EMBALAGENS LTDA,RJ,C,labor_intensive_midcap,264,210247067.70064038,167228276.16,20.46106612145124,alta
20963304000161,TOP GRILL COMERCIO ATACADISTA DE CARNES E SEUS DERIVADOS LTDA,RJ,G,labor_intensive_midcap,106,207867766.04994383,188835310.14,9.156040049697253,alta
04038350000106,STARCAST INDUSTRIAL LTDA,SP,C,labor_intensive_midcap,105,207273355.93118674,213513567.75,3.010619377863969,alta
18625207000117,"AQUA DO BRASIL INDUSTRIA, COMERCIO, IMPORTACAO E EXPORTACAO DE PRODUTOS AGRICOLAS LTDA",SP,C,labor_intensive_midcap,51,205249915.28807712,168772866.9,17.772016293833786,alta
64949480000114,L'ESSENCE INDUSTRIA E COMERCIO LTDA,SP,C,labor_intensive_midcap,128,202907235.95054972,211038931.2,4.007592539199554,alta
35503800000100,TOP PAPER & BOX INDUSTRIA DE PAPEL E EMBALAGENS LTDA,RJ,C,labor_intensive_midcap,201,201372004.20347476,183334389.39000002,8.957359730724425,alta
16977024000135,BFA ALIMENTOS LTDA,SP,G,labor_intensive_midcap,92,199756485.88850936,163894797.48,17.952702886716256,alta
44395752000174,FRIGORIFICO TRIANGULO DO SOL LTDA,SP,C,labor_intensive_midcap,170,197766987.1413221,162888850.7,17.635975015586695,alta
43189012000119,FS ATACADISTA DE SORVETES E ACAI SOCIEDADE UNIPESSOAL LTDA,SP,G,labor_intensive_midcap,96,195900014.0839738,171020658.24,12.700027593315582,alta
07655264000122,COTHERPACK INDUSTRIA E COMERCIO DE EMBALAGENS LTDA.,RJ,C,labor_intensive_midcap,107,192593389.83699495,157613808.75,18.162399611222675,alta
05477854000187,QUALI BANANAS LTDA,RJ,G,labor_intensive_midcap,84,191077503.439271,149643075.96,21.684618405347674,alta
52742277000193,PRODUTOS QUIMICOS GUACU INDUSTRIA E COMERCIO LTDA,SP,C,family_mature_sweet_spot,102,190416274.7341407,143179202.34,24.807266322215956,alta
50873658000186,FERROFIX INDUSTRIA E SERVICOS METALURGICOS LTDA,SP,C,labor_intensive_midcap,120,190367621.41280803,196255184.4,3.0927333879036727,alta
00075511000172,CONSIGLIO & NATHAN LTDA,SP,G,labor_intensive_midcap,80,189599843.84793678,142517215.2,24.83263049820763,alta
04810807000140,MAILA COSMETICOS LTDA,SP,C,standard,180,189402540.17028165,202958931.60000002,7.157449640079036,alta
11001107000170,ROMANATO ALIMENTOS LTDA,SP,C,labor_intensive_midcap,269,188900848.73137632,182920949.57,3.1656285302772544,alta
03670607000177,RV DISTRIBUIDORA DE GENEROS ALIMENTICIOS LTDA,SP,G,labor_intensive_midcap,96,187147020.74067807,171020658.24,8.61694855566186,alta
62328190000128,CENTRO DE ALIMENTOS LTDA,SP,G,labor_intensive_midcap,99,186537258.20401472,176365053.81,5.453175677584708,alta
11441067000188,TRENAMAR COMERCIO DE MATERIAIS DE CONSTRUCAO LTDA,RJ,G,labor_intensive_midcap,91,184929395.10533646,162113332.29,12.337715592667328,alta
61733242000189,GREENWOOD INDUSTRIA E COMERCIO LIMITADA,SP,C,labor_intensive_midcap,190,184097095.60483328,214234427.8,16.370346363234813,alta
52930484000171,GCABE PRODUTOS ELETRICOS LTDA,SP,C,standard,168,183589771.10517046,187715172.96,2.247076092527121,alta
45972312000103,EMIBRA IND E COM DE EMBALAGENS LTDA,SP,C,labor_intensive_midcap,165,182844877.59808365,171930990.0,5.968932650152641,alta
57607673000121,ATI GEL FRUTAS CONGELADAS ATIBAIA LTDA,SP,C,labor_intensive_midcap,211,181378787.96353203,152328662.69,16.0162748906299,alta
51212892000125,CITEL ANALISE E PROGRAMACAO DE SISTEMAS LTDA,SP,J,labor_intensive_midcap,346,180754612.89915133,146572973.26,18.910521336582622,alta
09170450000105,"FOSFERPET - INDUSTRIA, COMERCIO, IMPORTACAO E EXPORTACAO DE RACAO ANIMAL LTDA",SP,C,capital_intensive,162,180642227.81631538,156943502.1,13.119150490334547,baixa
03786147000147,RIO CHEN'S IMPORTADORA E EXPORTADORA LTDA,RJ,G,labor_intensive_midcap,81,179703097.30875537,144298680.39,19.701617528564675,alta
67506865000103,CASA LUANDA SUPERMERCADOS LTDA,SP,G,labor_intensive_midcap,88,179266869.96846497,156768936.72,12.549967125784372,alta
11613991000102,VERTAS AMBIENTAL LTDA,SP,G,labor_intensive_midcap,99,178251186.1447015,176365053.81,1.0581317159765635,alta
19949583000120,A C GARCIA - COMERCIO E INDUSTRIA DE EMBALAGENS LTDA,SP,G,labor_intensive_midcap,98,178197315.68157956,174583588.62,2.0279357451359803,alta
14943817000108,ARRICO AGRONEGOCIO EM BENEFICIAMENTO E COMERCIO DE VEGETAIS LTDA,SP,G,labor_intensive_midcap,81,177319315.22790876,144298680.39,18.622130812690827,alta
61974911000104,STETSOM INDUSTRIA ELETRONICA LTDA.,SP,C,labor_intensive_midcap,349,176149955.54530334,155363146.89,11.80063235948832,alta
40166597000163,PERFUMARIA MARCIA LTDA,RJ,C,labor_intensive_midcap,129,174996701.3920153,145453900.98000002,16.881918445900066,alta
52938438000119,CASA DA UVA COMERCIO DE FRUTAS LTDA,SP,G,labor_intensive_midcap,77,173129016.0468071,137172819.63,20.768440344561313,alta
69308518000193,TEC BOR BORRACHA TECNICA LIMITADA,SP,C,labor_intensive_midcap,363,171968722.08491048,154985144.16,9.8759691407864,alta
05389365000173,R. GONCALVES SUPRIMENTOS MEDICOS LTDA,SP,G,capital_intensive,76,170993518.89109868,135391354.44,20.820768343724637,alta
29270061000150,"COMZ COMERCIO, IMPORTACAO E EXPORTACAO LTDA.",SP,G,labor_intensive_midcap,81,169745394.46729937,144298680.39,14.991107215107135,alta
51125349000190,INSTITUTO RENOVATEC BEAUTY LTDA,SP,C,labor_intensive_midcap,130,168873446.30026478,146581450.60000002,13.200414978580206,alta
53398145000159,ALMEIDA INDUSTRIA E COMERCIO DE METAIS LTDA,SP,C,labor_intensive_midcap,99,168727189.17316553,201312792.45000002,19.312597712625752,alta
61270369000109,DRIVEWAY INDUSTRIA BRASILEIRA DE AUTO PECAS LTDA,SP,C,standard,148,167251443.1800264,130678192.48,21.867225779725935,alta
16726055000113,IMPERIO PESCADOS LTDA,SP,G,labor_intensive_midcap,74,166339702.76056957,131828424.06,20.747469261890725,alta
50373604000151,ICDER INDUSTRIA E COMERCIO DISCOS E REBOLOS LTDA,SP,C,labor_intensive_midcap,140,166319115.29249182,132699161.0,20.21412525756114,alta
62970991000192,ENVASAMENTO TECNOLOGIA DE AEROSOIS LTDA,SP,C,labor_intensive_midcap,141,165964429.2034197,150967789.14000002,9.03605678361268,alta
64810955000197,INCESA INDUSTRIA DE COMPONENTES ELETRICOS LTDA,SP,C,labor_intensive_midcap,250,164521098.34352842,151004797.5,8.215542553275263,alta
09566851000170,INTERNACIONAL FIBER DO BRASIL INDUSTRIA E COMERCIO DE FIBRAS LTDA,SP,C,capital_intensive,231,163925783.63184854,132618987.27000001,19.098152632387997,baixa
72681794000107,LATICINIOS LUSO BRASILEIRO LIMITADA,SP,G,labor_intensive_midcap,75,163053823.39154887,133609889.25,18.057800503606565,alta
49945795000108,GRAZIELA GONCALVES DA SILVA LTDA,SP,G,labor_intensive_midcap,96,162140488.37855816,171020658.24,5.476836754499493,alta
67290858000109,VIDROBENS INDUSTRIA E COMERCIO LTDA,SP,G,labor_intensive_midcap,79,161927830.1109302,140735750.01,13.087361256191956,alta
14373705000169,NOVA RESINA FLORESTAL LTDA,SP,G,labor_intensive_midcap,74,160264314.24834788,131828424.06,17.74312037069164,alta
55915516000158,DELTEC EQUIPAMENTOS INDUSTRIAIS LIMITADA,SP,C,labor_intensive_midcap,251,159721183.37981656,126602966.78999999,20.73501829188276,alta
06218670000165,DI FIORENA INDUSTRIA COSMETICA LTDA,SP,C,labor_intensive_midcap,155,159471857.3062927,174770191.10000002,9.593124487365987,alta
02711341000109,EMPLACA COMERCIO DE PLACAS E SERVICOS DE EMPLACAMENTO E LACRACAO LTDA,RJ,G,standard,171,159466374.0454464,122381539.92,23.255582468362622,alta
27854505000170,ALIANZA COMERCIO DE ALIMENTOS LTDA,SP,G,labor_intensive_midcap,91,159402286.02871332,162113332.29,1.700757453878881,alta
45175387000155,DAIDO INDUSTRIAL E COMERCIAL LTDA,SP,C,family_mature_sweet_spot,192,157987245.4017431,118855618.56,24.768851904617968,alta
04646199000180,H R S TECNOLOGIA INDUSTRIAL LTDA.,SP,C,labor_intensive_midcap,211,156640469.18461263,135890754.11,13.246714072439039,alta
96370416000170,"AF DATALINK CABOS, CONEXOES E SISTEMAS LTDA.",SP,C,labor_intensive_midcap,119,154971104.0463259,132964914.17999999,14.200189126708121,alta
49343692000160,APICE ARTES GRAFICAS LTDA,SP,C,family_mature_sweet_spot,124,154736031.2172193,129208744.0,16.497312885958635,alta
05658781000120,METALURGICA PLAXTEX INDUSTRIA E COMERCIO LTDA,SP,C,labor_intensive_midcap,201,154292061.04558453,129450434.01,16.100392247819695,alta
07510982000100,SERRA AZUL PRODUTORA E DISTRIBUIDORA DE LEGUMES LTDA,RJ,G,labor_intensive_midcap,86,153911284.53275916,153206006.34,0.45823683097716056,alta
09165609000195,WWW DISTRIBUIDORA E IMPORTADORA LTDA,SP,G,labor_intensive_midcap,93,153719322.64215985,165676262.67,7.778423572470755,alta
01585178000104,A ABREU BENEFICIAMENTOS LTDA,RJ,C,standard,219,153699558.3035293,144375169.65,6.0666333439392695,alta
33839828000197,NEVE INDUSTRIA E COMERCIO DE PRODUTOS CIRURGICOS LTDA.,SP,C,standard,408,153600137.67062792,160130599.68,4.2515990600058355,alta
04429716000160,COLOR TRASH RECUPERADORA DE PAPEL LTDA,SP,G,labor_intensive_midcap,73,152723376.9292641,130046958.86999999,14.848033428285834,alta
09641405000183,T T F ALIMENTOS SOROCABA LTDA,SP,G,labor_intensive_midcap,68,152188602.7617963,121139632.92,20.401639333264498,alta
29616029000184,PETRUS DISTRIBUIDORA DE PRODUTOS DE BELEZA LTDA,RJ,G,labor_intensive_midcap,67,150924935.87485602,119358167.72999999,20.91554186316208,alta
61014585000193,LOPSA INDUSTRIA E COMERCIO DE TORNEADOS LTDA,SP,C,labor_intensive_midcap,203,150701494.04965103,130738498.03,13.246714072439053,alta
63106249000104,GRAFICA E EDITORA SARAPUI LTDA,SP,C,labor_intensive_midcap,160,149522262.51921514,166720960.0,11.502432608371382,alta
11041102000171,BTL INDUSTRIA E COMERCIO DE ACO LTDA,SP,C,labor_intensive_midcap,153,148735628.85831806,177076643.04,19.054623562104876,alta
15411690000149,M.P. COMERCIO E TRANSPORTES DE APARAS LTDA,SP,G,labor_intensive_midcap,64,148459701.2440844,114013772.16,23.20220827297195,alta
10362443000186,W&C ALIMENTOS LTDA,SP,G,standard,78,148404455.7982811,138954284.82,6.367848544336339,alta
04405310000147,EXPRESSO RODA BRASIL LTDA.,SP,H,standard,562,147985689.1000945,120708872.14,18.432064023194172,alta
08457474000179,A D COMERCIO DE BEBIDAS E CONDIMENTOS LTDA,SP,G,labor_intensive_midcap,74,147922307.31798255,131828424.06,10.879956883978418,alta
05167596000132,TURIN PRODUTOS SIDERUGICOS LTDA,SP,C,labor_intensive_midcap,96,147265046.41446295,157004147.52,6.6133147971361215,alta
67742023000142,SLIP QUIMICA INDUSTRIA E COMERCIO LTDA,SP,C,labor_intensive_midcap,133,146942796.43102002,142402240.82,3.0900157893425697,alta
12039470000148,PURA HORTA COMERCIO DE HORTIFRUTI LTDA,SP,G,labor_intensive_midcap,62,145435941.76176217,110450841.78,24.05533292387316,alta
41372167000160,MUNDIAL TERCEIRIZACAO E SERVICOS LTDA,SP,G,labor_intensive_midcap,64,145368724.37994257,114013772.16,21.56925594118291,alta
01567613000178,DELLY KOSMETIC COMERCIO E INDUSTRIA LTDA,RJ,C,capital_intensive,107,145152302.70500496,120647809.34000002,16.88191844590007,baixa
07016142000196,TECNOPERFIL ALUMINIO LTDA,SP,C,labor_intensive_midcap,74,144533418.6329405,150476228.70000002,4.1117204057505745,alta
05589448000106,RODRILAGOS DISTRIBUIDORA DE BEBIDAS LTDA,RJ,G,labor_intensive_midcap,64,144242956.86130452,114013772.16,20.957130496410382,alta
10573660000115,GOTA D'AGUA LTDA,SP,G,labor_intensive_midcap,67,143777067.5981747,119358167.72999999,16.983862778743102,alta
05958357000109,INBRASC - INDUSTRIA BRASILEIRA DE COMPONENTES LTDA.,SP,C,family_mature_sweet_spot,108,143556137.6887062,179376771.24,24.952352527740018,alta
18816410000170,TRADING CARE INDUSTRIA E COMERCIO DE PRODUTOS AUTOMOTIVOS E PRODUTOS PARA ANIMAIS LTDA,SP,C,labor_intensive_midcap,162,143046621.62057644,110979883.62,22.416983803806115,alta
29913399000183,VIACAO NOSSA SENHORA DA PENHA LTDA,RJ,H,standard,627,142850143.49996206,134669862.69,5.726477138585609,alta
96366174000141,UNIBEER INDUSTRIA DE BEBIDAS LTDA,SP,C,labor_intensive_midcap,137,142618772.98511782,174926355.26999998,22.653106325808476,alta
12574376000199,ALPHA7 DESENVOLVIMENTO DE SOFTWARE LTDA,SP,J,labor_intensive_midcap,269,142514364.09201732,113954132.39,20.04024779114674,alta
53560033000152,TAKAHARU EBISAWA E CIA LTDA,SP,C,labor_intensive_midcap,164,142193325.21782777,111520578.92,21.571157612946877,alta
03305905000168,MOBEL MORETTO DISTRIBUIDORA LTDA,SP,G,labor_intensive_midcap,65,141993865.4971036,115795237.35,18.450535208253775,alta
34747727000159,MFM COMERCIO DE COSMETICOS LTDA,SP,G,labor_intensive_midcap,72,141521765.07023057,128265493.67999999,9.36694888143327,alta
03883810000121,M M DE CARVALHO & CIA. LTDA,SP,G,labor_intensive_midcap,67,140260070.21359652,119358167.72999999,14.902247269494342,alta
46640423000177,SAFRA BROKER E LOGISTICA LTDA,SP,G,labor_intensive_midcap,65,139813771.9213501,115795237.35,17.178947568098888,alta
31648272000126,ATN CONTACT CENTER E CORRETAGEM DE SEGUROS LTDA,RJ,N,standard,792,139621100.24229094,109874405.52,21.305300323998402,alta
60160546000131,DIGICROM ANALITICA LTDA,SP,C,labor_intensive_midcap,208,139487333.88846067,111242699.36000001,20.24888836935268,alta
48628374000182,METALURGICA DELLA ROSA LTDA,SP,C,family_mature_sweet_spot,142,139437765.82482415,125380427.92,10.08144229912892,alta
29766007000109,ATACADISTA BRASILEIRO LTDA,SP,G,standard,82,138026853.14049903,146080145.57999998,5.834583819210472,alta
44003911000148,EMBALAGENS JAGUARE LTDA,SP,C,labor_intensive_midcap,190,137738887.56504482,120353683.6,12.621855942342327,alta
30741805000157,VIACAO SAO JOSE LTDA,RJ,H,standard,600,137653920.20368907,128870682.0,6.380666958625186,alta
66554965000134,J OVIDIO COMERCIO DE ALIMENTOS LTDA,SP,G,labor_intensive_midcap,63,136965211.64890105,112232306.97,18.05780050360656,alta
53929956000139,BUENO GESTAO AMBIENTAL LTDA,SP,G,family_mature_sweet_spot,71,136606816.91539928,126484028.49,7.410163455948425,alta
69183242000164,FLEXMETAL COMPONENTES METALICOS LTDA,SP,C,labor_intensive_midcap,155,136128514.12741062,102183339.25,24.936123849584778,alta
26011559000100,MAG SAC EMBALAGENS LTDA,SP,C,standard,240,135471840.71916747,123555422.4,8.796232675298292,alta
02298244000128,RFR INDY RECYCLING COMERCIO DE RESIDUOS LTDA.,SP,G,labor_intensive_midcap,62,134855706.9523092,110450841.78,18.097020677767688,alta
12833928000136,ARCO FORJADO EXPORTACAO IMPORTACAO INDUSTRIA E COMERCIO LTDA,SP,C,labor_intensive_midcap,208,134188932.05304825,133958658.08,0.17160429666227744,alta
04959007000196,IMPACTO DISTRIBUIDORA DE MATERIAIS PARA CONSTRUCAO LTDA,SP,G,labor_intensive_midcap,69,134149541.05271046,122921098.11,8.370094190854179,alta
52783321000103,INCOMAGRI INDUSTRIA COMERCIO DE MAQUINAS AGRICOLAS LTDA,SP,C,family_mature_sweet_spot,106,133624906.59735577,105080577.19999999,21.361533657319413,alta
05408610000142,CALDEIRARIA CALDLASER LTDA,SP,C,labor_intensive_midcap,201,133586337.31955618,131326803.18,1.691441044716321,alta
60608866000101,ACOS VIC LTDA,SP,C,family_mature_sweet_spot,87,133458948.31310704,142285008.69,6.613314797136121,alta
47080197000180,LOREN-SID LTDA,SP,C,standard,211,133349905.4478966,100239499.91999999,24.8297180389331,alta
07525932000105,SH INDUSTRIA DE METALURGIA E SERVICOS LTDA,RJ,C,standard,155,133339278.04087992,102183339.25,23.36591231679532,alta
07064875000104,SPAN VALE COMERCIO DE PRODUTOS ALIMENTICIOS LTDA,SP,G,labor_intensive_midcap,66,133092816.53931819,117576702.53999999,11.65811529334826,alta
04625459000131,FABRICA AURICCHIO INDUSTRIA E COMERCIO DE METAIS LTDA,SP,C,labor_intensive_midcap,138,132891581.1903312,119118932.46000001,10.363823356579381,alta
04643290000142,FLEXTINTAS - INDUSTRIA E COMERCIO LTDA,SP,C,capital_intensive,107,132078839.63093574,118043739.64,10.626304735984686,baixa
65838344000110,ALPAX COMERCIO DE PRODUTOS PARA LABORATORIOS LTDA,SP,G,labor_intensive_midcap,58,131655950.3790727,103324981.02,21.51894333488176,alta
46142725000115,POLIMAQUINAS INDUSTRIA E COMERCIO LIMITADA,SP,C,standard,214,131427493.66673614,99606115.96000001,24.212116368456638,alta
50106134000160,MS SPICES DISTRIBUIDORA LTDA,SP,G,labor_intensive_midcap,56,130998847.64432193,99762050.64,23.845092965347067,alta
47003579000100,NHEEL QUIMICA LTDA,SP,C,capital_intensive,89,130560350.47728513,124930872.63,4.311782119690735,alta
17400143000193,MAXIMIL ATACADISTA PRODUTOS ALIMENTICIOS LTDA,RJ,G,labor_intensive_midcap,79,130284531.63010436,140735750.01,8.021841310807385,alta
07028841000156,DE SA SERVICOS LTDA,RJ,N,standard,1820,130097829.3782476,102060795.2,21.55073171646275,alta
03893635000153,JORENTI & SOUZA LTDA,SP,G,labor_intensive_midcap,62,129955272.50718948,110450841.78,15.008572065523884,alta
26377641000153,ALFA VET COMERCIO DE PRODUTOS AGROPECUARIOS LTDA,RJ,G,labor_intensive_midcap,69,129904456.53925823,122921098.11,5.375765093284384,alta
28331938000103,SUPERMERCADO MAXIMO DE TREMEMBE LTDA,SP,G,labor_intensive_midcap,65,129743838.48862296,115795237.35,10.750877499162398,alta
30418405000296,MGK SOLUCOES INDUSTRIAIS PARA CALDEIRARIA LTDA,SP,C,labor_intensive_midcap,403,128953842.44845603,103916451.60000001,19.415777283615014,alta
06111433000109,SUCATAS S J LTDA,SP,G,labor_intensive_midcap,61,128723979.04579504,108669376.59,15.579538951837698,alta
03936142000153,FORJAFIX ELEMENTOS DE FIXACAO LTDA,SP,C,labor_intensive_midcap,155,128291588.1070087,112518437.0,12.294766429933212,alta
54150503000172,POLYSER COMERCIO DE COSMETICOS LTDA,SP,G,labor_intensive_midcap,63,128112907.6032016,112232306.97,12.395785038606629,alta
02513332000103,LANTERY INDUSTRIA E COMERCIO LTDA,SP,C,labor_intensive_midcap,86,126865641.72941785,120683152.42,4.873257428204248,alta
00713316000120,GONCALVES TRANSPORTES E DISTRIBUIDORA DE PRODUTOS ALIMENTICIOS LTDA,SP,G,labor_intensive_midcap,55,126551765.53503664,97980585.45,22.57667442587083,alta
03487676000140,POTENCIAL MANUTENCAO E COMERCIO DE EQUIPAMENTOS LTDA,SP,C,labor_intensive_midcap,159,125818251.44824164,112336106.01,10.715572091532232,alta
53031654000149,MAJICPLAST EMBALAGENS LTDA,SP,C,labor_intensive_midcap,195,125759854.61127344,100388780.7,20.174223316093993,alta
29270061000150,"COMZ COMERCIO, IMPORTACAO E EXPORTACAO LTDA.",SP,G,labor_intensive_midcap,60,125737329.23503658,106887911.39999999,14.99110721510714,alta
33263906000158,RODOVIARIA A MATIAS LTDA,RJ,H,labor_intensive_midcap,473,125257945.46045667,101593054.31,18.892926164055247,alta
08404010000102,JS ESPUMAS FLEXIVEIS LTDA,SP,C,family_mature_sweet_spot,172,124899784.2427931,129048767.16000001,3.3218495471070564,alta
30450803000109,ZAMMI INSTRUMENTAL LTDA,RJ,C,labor_intensive_midcap,269,124188707.94418316,103010722.81,17.053068257785274,alta
03101823000100,GUERREIRO ATACADISTA DE ALIMENTOS LTDA,SP,G,labor_intensive_midcap,61,124187965.63510396,108669376.59,12.496049005828423,alta
04758568000127,HELIPARK TAXI AEREO E MANUTENCAO AERONAUTICA LTDA,SP,C,family_mature_sweet_spot,120,123730639.87860793,120689532.0,2.457845430680354,alta
07049373000104,DISTRIBUIDORA DE CIMENTO FRANCANA LTDA,SP,G,labor_intensive_midcap,55,123542528.55285905,97980585.45,20.690804536934895,alta
08762404000124,GRIN AMBIENTAL COMERCIO DE RECICLAVEIS LTDA,SP,G,labor_intensive_midcap,57,123292339.64876606,101543515.83,17.64004469436129,alta
12571333000150,KEHOME COMERCIO DE ARTIGOS DE BAZAR LTDA,RJ,G,labor_intensive_midcap,72,122610162.30830196,128265493.67999999,4.61244913572316,alta
66047275000199,ARAMEFICIO CHAVANTES INDUSTRIA E COMERCIO LTDA,SP,C,labor_intensive_midcap,211,122507230.33717145,139101190.85,13.545290728684087,alta
28503548000173,VIACAO SENHOR DO BONFIM LTDA,RJ,H,standard,523,121710098.34877613,112332277.81,7.705047211368414,alta
04406602000102,ENERBRAX - ACUMULADORES LTDA.,SP,C,labor_intensive_midcap,175,121244933.45563772,94839603.25,21.778501957196557,alta
00901682000103,CROMO AZUL INDUSTRIA E COMERCIO DE ART DE ARAME LTDA,SP,C,labor_intensive_midcap,233,120236642.10809717,117215440.48,2.51271290941491,alta
36749076000161,REBUSS BRASIL SOLUCOES E SERVICOS DE INVENTARIO LTDA,SP,J,labor_intensive_midcap,322,120202055.8486182,136406061.82,13.480639625489463,alta
04753102000210,NOVEMP INDUSTRIA E COMERCIO LTDA,SP,C,labor_intensive_midcap,248,120156153.04860663,149796759.11999997,24.66840467121385,alta
10604541000182,ALLIGARE GERENCIAMENTO E COMERCIO DE RESIDUOS LTDA,SP,G,labor_intensive_midcap,59,120006758.99338618,105106446.21,12.416227976132054,alta
48524730000118,MATRA INDUSTRIA E COMERCIO LTDA,SP,C,labor_intensive_midcap,222,119904230.9693545,114609609.0,4.41570904258392,alta
05674820000182,DBTEC INDUSTRIA E COMERCIO DE MATERIAIS ELETRICOS E ELETRONICOS LTDA,SP,C,labor_intensive_midcap,236,119582179.92747375,142548528.83999997,19.205494436090095,alta
17337846000114,TURP TRANSPORTE URBANO DE PETROPOLIS LTDA.,RJ,H,standard,501,119472558.84458113,107607019.47,9.931602276985389,alta
45252368000185,TSG INDUSTRIA MECANICA LTDA,SP,C,labor_intensive_midcap,206,119466912.86969058,119727636.72,0.21823938029921566,alta
50106134000160,MS SPICES DISTRIBUIDORA LTDA,SP,G,labor_intensive_midcap,51,119302521.96179318,90854724.69,23.845092965347067,alta
02573636000158,CICOPLAST INDUSTRIA E COMERCIO DE PLASTICOS LTDA,SP,C,labor_intensive_midcap,146,119024160.88491139,109541395.38000001,7.967092928368212,alta
07499258000123,M P - COMERCIO E INDUSTRIA DE MATERIAIS HOSPITALARES LTDA,SP,C,labor_intensive_midcap,269,118802708.69518104,105576302.24000001,11.133084927479883,alta
02821683000173,MAX GEAR INDUSTRIA E COMERCIO DE AUTO PECAS LTDA.,SP,C,labor_intensive_midcap,162,118707145.81861125,104333185.62,12.108757311522904,alta
73113367000195,PLASTICOS JUQUITIBA INDUSTRIA E COMERCIO LTDA,SP,C,labor_intensive_midcap,202,118579910.29107581,103992480.52,12.301771636753926,alta
06970556000197,ART FRITAS INDUSTRIA E COMERCIO LTDA,SP,C,labor_intensive_midcap,125,118531317.44236945,90242098.75,23.866450911695818,alta
23112563000177,GY DISTRIBUICAO E TRANSPORTES DE HIGIENICOS LTDA.,SP,G,capital_intensive,59,118372347.64457674,105106446.21,11.206926024994258,alta
60402401000108,METALURGICA PASCHOAL LTDA,SP,C,labor_intensive_midcap,165,117722256.60451998,96225830.25,18.260290767901076,alta
12327316000171,FRIGOPADUA INDUSTRIA E COMERCIO DE ALIMENTOS LTDA,RJ,G,labor_intensive_midcap,55,117080438.73478542,97980585.45,16.313445261382267,alta
00641670000197,PHIBRO SAUDE E NUTRICAO ANIMAL LTDA.,SP,C,labor_intensive_midcap,89,117075255.19469908,110115069.33,5.945052909023446,alta
47336497000187,R&M FRUIT LTDA,SP,G,labor_intensive_midcap,55,117038688.50812921,97980585.45,16.283592460800243,alta
47100862000150,LABORATIL FARMACEUTICA LTDA.,SP,C,standard,147,116935788.78887483,99960518.91000001,14.516744663623319,alta
29655537000171,VIACAO PONTE COBERTA LTDA,RJ,H,labor_intensive_midcap,432,116316726.77775511,92786891.04,20.22910753215508,alta
54177886000172,COZIL EQUIPAMENTOS INDUSTRIAIS LTDA,SP,C,labor_intensive_midcap,215,115951175.35576253,108444772.35,6.473761893944856,alta
15790987000162,EVOLUX MULTI SERVICOS LTDA,RJ,H,standard,598,115943978.30024785,128441113.06,10.778597511454754,alta
06262571000180,METAL ALFA LTDA,SP,C,standard,207,115374074.42467956,87168203.01,24.447321944145596,alta
00286296000159,CONDE MERCANTIL COMERCIO DE FRIOS - LTDA.,SP,G,labor_intensive_midcap,53,115224701.86336118,94417655.07,18.057800503606554,alta
02275654000153,GRAFICA SUPREMA EMBALAGENS LTDA.,SP,C,labor_intensive_midcap,103,115152848.67858751,107326618.0,6.796384777620171,alta
47082017000107,CABONNET INTERNET LTDA,SP,J,capital_intensive,137,114937009.81951676,95921574.75999999,16.544222865529843,baixa
48861901000102,CARBOSERVICES COSMOPOLIS LTDA,SP,C,capital_intensive,107,114849751.52776736,101420073.05,11.693258626267427,baixa
43807239000180,NEW OLDANY INDUSTRIA METALURGICA LTDA,SP,C,labor_intensive_midcap,178,114834759.16078168,114637697.78,0.17160429666227808,alta
61451290000184,CAQ CASA DA QUIMICA INDUSTRIA E COMERCIO LIMITADA,SP,C,labor_intensive_midcap,82,114753743.32971075,110389309.38000001,3.8033042087096356,alta
59602144000160,HECE MAQUINAS LTDA,SP,C,labor_intensive_midcap,209,114590938.16554168,97278870.26,15.107711118074723,alta
54363569000140,EACIAL EQUIP E ACESSORIOS INDUSTRIAIS E AGRIC LTDA,SP,C,family_mature_sweet_spot,91,114085007.60665143,90210684.2,20.926784252814908,alta
50248731000129,FREIOS FARJ INDUSTRIA E COMERCIO LTDA,SP,C,labor_intensive_midcap,147,113692140.19541432,102515233.38000001,9.830852683574621,alta
04165939000167,TECSYS DO BRASIL INDUSTRIAL LTDA,SP,C,capital_intensive,64,113559282.23231202,97118801.92,14.4774429611832,alta
01364300000112,ALIMENTA AGROINDUSTRIA E COMERCIO DE ALIMENTOS LTDA,SP,C,labor_intensive_midcap,196,112963116.41394328,102149194.56,9.572966997755817,alta
28927868000150,L'OCCITANE OPERA INDUSTRIA E COMERCIO DE COSMETICOS LTDA.,SP,C,capital_intensive,80,112882830.90079726,90203969.60000001,20.0906206194702,alta
37896592000181,CONEXFORT LTDA,SP,G,standard,48,112763499.7190777,85510329.12,24.168432752594782,alta
56948207000147,SUPERMERCADO MAXIMO AQUARIUS LTDA,SP,G,recent_startup,57,112674277.78005795,101543515.83,9.878707163125007,baixa
43989292000140,VAN DER HOEVEN ESTUFAS AGRICOLAS LTDA,SP,C,family_mature_sweet_spot,131,112359409.42412229,129863732.19999999,15.578866839540115,alta
04681311000114,NOVA LIMP COMERCIO DE EMBALAGENS E DESCARTAVEIS LTDA,SP,G,labor_intensive_midcap,57,112137026.00991939,101543515.83,9.446933414287546,alta
66788688000124,INDUSTRIA E COMERCIO DE METAIS CAPIXABA LTDA,SP,C,labor_intensive_midcap,57,112078515.30601029,115907365.35000001,3.4162212387768784,alta
04656253000179,UNITHER INDUSTRIA FARMACEUTICA LTDA.,SP,C,capital_intensive,159,111928752.35624774,135270549.03,20.854156043354976,baixa
41577204000177,L4 CONSERVACAO E LIMPEZA LTDA,SP,G,labor_intensive_midcap,64,111819051.87380673,114013772.16,1.962742707450351,alta
36244692000160,LIMES FRESH FRUITS LTDA,SP,G,labor_intensive_midcap,52,111696056.53060453,92636189.88,17.064046164765145,alta
10361097000111,VILHETO ALIMENTOS INDUSTRIA E COMERCIO LTDA.,SP,C,labor_intensive_midcap,146,111510059.18989713,86010766.64,22.8672576583184,alta
34661049000107,PREARO ALIMENTOS LTDA,SP,C,labor_intensive_midcap,239,111373139.26800412,124559477.03999999,11.839782786641909,alta
09304378000153,RAMOS E VEIGA COMERCIAL LTDA,RJ,G,labor_intensive_midcap,59,111045136.65473583,105106446.21,5.347996880944509,alta
46920195000199,IRMAOS CORSO E CIA LTDA,SP,C,labor_intensive_midcap,105,110977878.22547345,99524370.75,10.320532036306721,alta
96405568000161,MELTING COLOR GRAFICA E EDITORA LTDA,SP,C,labor_intensive_midcap,216,110431641.72824639,84346870.32000001,23.620740396522038,alta
44626007000199,CIDADE REAL TRANSPORTES LTDA,RJ,H,labor_intensive_midcap,462,110172299.77284727,99230425.14,9.931602276985387,alta
59974154000127,CIRCULAR SANTA LUZIA LTDA,SP,H,labor_intensive_midcap,426,110153838.9547171,91498184.22,16.936000516864613,alta
43486604000100,ELECON INDUSTRIA E COMERCIO LTDA,SP,C,capital_intensive,93,110085306.76798373,116711815.68,6.019430845555376,alta
02175187000190,CREATIVE DISPLAY INDUSTRIA E COMERCIO LTDA,SP,C,standard,235,109449280.35639216,92348011.10000001,15.624834809974505,alta
00601672000152,FIVELTEC INDUSTRIA DE METAIS LTDA,SP,C,labor_intensive_midcap,172,109121958.99427733,113390544.2,3.911756391714459,alta
14819447000100,PET NUTRITION IND. E COM. DE ALIMENTOS PARA ANIMAIS LTDA.,SP,C,standard,131,109000008.01781274,126911103.55000001,16.432196527233504,alta
32205648000190,PRISMA DO BRASIL DISTRIBUIDORA DE ALIMENTOS LTDA,RJ,G,labor_intensive_midcap,72,108919843.66401677,128265493.67999999,17.761364105202382,alta
01214149000136,BRUNNSCHWEILER LATINA LTDA,SP,C,labor_intensive_midcap,178,108281725.0425864,94940299.66,12.321031436596822,alta
00965070000184,A.G.N. GUIMARAES COMERCIO ATACADO E VAREJO DE GENEROS ALIMENTICIOS LTDA,SP,G,family_mature_sweet_spot,46,108005445.5970155,81947398.74,24.12660464754896,alta
62829510000123,PIGMA GRAFICA E EDITORA LTDA,SP,J,labor_intensive_midcap,286,107849731.77476308,92559386.91999999,14.177452834742276,alta
39495657000102,4 M TOYS COMERCIO DE BRINQUEDOS LTDA,SP,G,labor_intensive_midcap,59,107613324.95626275,105106446.21,2.3295244778298865,alta
55278220000173,AGROMIX-INDUSTRIA E COMERCIO DE ALIMENTOS LTDA,SP,C,labor_intensive_midcap,117,106811912.9117451,113348084.85000001,6.119328603032805,alta
49039829000197,INDUSTRIA QUIMICA RIVER LTDA,SP,C,labor_intensive_midcap,88,106746632.59707029,94221031.52000001,11.73395429188841,alta
09270215000105,DMFLEX INDUSTRIA E COMERCIO DE METAIS LTDA.,SP,C,labor_intensive_midcap,119,106489012.07084033,102718499.73,3.5407524847089804,alta
30074561000104,AUTO LOTACAO INGA LTDA,RJ,H,labor_intensive_midcap,467,106149484.16872665,100304347.49,5.506514444701117,alta
05043249000106,VIAR PAINEIS ELETRICOS LTDA,SP,C,labor_intensive_midcap,215,106144046.41179292,129864125.85,22.34706537018896,alta
56520703000103,SCALLA CERAMICA ARTISTICA LTDA,SP,C,labor_intensive_midcap,386,106078738.73119158,83805367.10000001,20.997017779060627,alta
62754569000108,METALURGICA CENTENARIO LTDA,SP,G,labor_intensive_midcap,50,105949492.90122291,89073259.5,15.928564582141687,alta
65029035000107,AMERIPAN PRODUTOS PARA PANIFICACAO LTDA,SP,G,family_mature_sweet_spot,48,105693834.2482869,85510329.12,19.09619919821769,alta
67601435000162,PERFIL CONDUTORES ELETRICOS LTDA,SP,C,standard,107,105522609.08997452,119556687.53999999,13.299593870029526,alta
02086067000116,SIDI - COMERCIO DE MOVEIS LTDA,SP,G,labor_intensive_midcap,54,105383409.05463217,96199120.25999999,8.71511832557146,baixa
05341231000182,"EMBRATECH INDUSTRIA, COMERCIO & MONTAGENS INDUSTRIAIS LTDA.",SP,C,labor_intensive_midcap,200,105314056.30001435,130673436.00000001,24.079767308309645,alta
55014617000158,H LOUIS BAXMANN PRODUTOS METALURGICOS LTDA,SP,C,family_mature_sweet_spot,122,104659083.51739846,80428176.7,23.15222530433331,alta
02528634000147,SABAF DO BRASIL LTDA,SP,C,capital_intensive,110,104658328.78679441,82087077.60000001,21.566607692327683,baixa
33479445000155,MANUFATURA PRODUTOS KING LTDA,RJ,C,labor_intensive_midcap,147,104466367.01594245,100703968.47,3.601540527745434,alta
00886764000126,PRESTO BLOCOS E PISOS DE CONCRETO LTDA,SP,C,standard,156,104421854.86673218,80536482.0,22.873921266018264,alta
13558970000159,MONTALFRIG FRIGORIFICO INDUSTRIA E COMERCIO DE CARNES LTDA,SP,C,labor_intensive_midcap,90,104301296.77884465,86235273.89999999,17.320995459098626,alta
28877719000124,DEZAM DISTRIBUIDORA DE GENEROS ALIMENTICIOS LTDA,SP,G,labor_intensive_midcap,53,104066195.28262599,94417655.07,9.271541240094548,alta
42285148000160,COESA TRANSPORTES LTDA,RJ,H,labor_intensive_midcap,439,103734734.66682038,94290382.33,9.104329776476655,alta
30075428000164,SANTO ANTONIO TRANSPORTES LTDA,RJ,H,labor_intensive_midcap,455,103421874.29715335,97726933.85,5.506514444701096,alta
02162804000112,AGATA INDUSTRIA E COMERCIO DE UTILIDADES DOMESTICAS LTDA,SP,G,labor_intensive_midcap,51,103132499.33680575,90854724.69,11.904855138543198,alta
60820321000164,SOLOTEST APARELHOS PARA MECANICA DO SOLO LTDA,SP,C,labor_intensive_midcap,60,103022163.83420384,99653761.8,3.2695896774452304,alta
61299178000170,METALURGICA CARTEC LTDA,SP,C,family_mature_sweet_spot,193,102775685.17661743,119547589.08000001,16.318941464180455,alta
49559487000136,VITIVINICOLA GOES LTDA,SP,C,labor_intensive_midcap,116,102500009.699373,104072617.84,1.5342516993309285,alta
04166015000185,VICTOR COSTA ATACADO DISTRIBUIDOR LTDA,RJ,G,labor_intensive_midcap,61,102436624.72124243,108669376.59,6.084495546117971,alta
56001720000126,BELFARMA COMERCIAL LTDA,SP,G,labor_intensive_midcap,52,102210163.6618332,92636189.88,9.366948881433272,alta
53918116000170,DIGUINHO INDUSTRIA E COMERCIO DE FRALDAS LTDA,SP,C,family_mature_sweet_spot,105,102177095.72057502,89377288.35000001,12.52708082991398,alta
02444314000109,SPORTIVE INDUSTRIA E COMERCIO DE PECAS PARA MOTOCICLETAS LTDA,SP,C,labor_intensive_midcap,232,101912897.36296947,88841961.67999999,12.825595210404513,alta
47401062000179,REAL MECANICA DE PRECISAO LTDA,SP,C,labor_intensive_midcap,147,101805854.70696211,94672705.47,7.0066198623784075,alta
41881034000110,"USIMETA INDUSTRIA, COMERCIO E SERVICOS LTDA",RJ,C,labor_intensive_midcap,415,101182684.0435101,101622216.15,0.4343945909765609,alta
02534572000186,CANTA CLARO INDUSTRIA DE EMBALAGENS PLASTICAS E SERVICOS GRAFICOS LTDA,SP,C,labor_intensive_midcap,171,100588855.48999092,88033238.46000001,12.48211540814306,alta
00580693000139,CATARINENSE DISTRIBUIDORA DE VARIEDADES LTDA,SP,G,standard,48,100043293.05720672,85510329.12,14.526674895533958,alta
64080021000147,ELLO CORRENTES COMERCIO E INDUSTRIA LTDA,SP,C,labor_intensive_midcap,132,99133165.8875914,81713237.76,17.572250388274817,alta
49896528000180,NOVA ERA LIGAS ESPECIAIS LTDA,SP,G,standard,47,98931592.82996707,83728863.92999999,15.366910068956315,alta
18080229000149,AGRARIA ORGANICA CAMPOS LTDA,RJ,G,labor_intensive_midcap,52,98924924.34612118,92636189.88,6.357077862519247,alta
01197462000103,R3 QUIMICA LTDA,SP,C,standard,77,98893480.55679804,82443402.58,16.634137947395004,alta
37218268000104,DICON ATACADAO DE ALIMENTOS LTDA,RJ,G,standard,44,98618279.81038044,78384468.36,20.517303170654834,alta
01027145000149,REAL INDUSTRIA E COMERCIO DE CARNES E EMBUTIDOS LTDA,SP,C,labor_intensive_midcap,140,98245325.29639263,82476077.6,16.050888577974565,alta
11437574000148,V. S. P. PRODUTOS ALIMENTICIOS LTDA,RJ,G,labor_intensive_midcap,52,98084815.88896827,92636189.88,5.555014769193336,alta
53791992000189,COMERCIO DE APARAS E TRANSPORTES ALECARDO LTDA,SP,G,family_mature_sweet_spot,44,97788041.55962163,78384468.36,19.842480624577416,alta
13160332000185,F A APARAS DE PAPEIS LTDA,SP,G,family_mature_sweet_spot,44,97558772.82020211,78384468.36,19.654105833762156,alta
01394209000140,J.F. INDUSTRIA DE COSMETICOS LTDA,SP,C,family_mature_sweet_spot,95,96900325.20352435,107117213.9,10.543709399340651,alta
67184853000100,ACETECH INDUSTRIA E COMERCIO DE EMBALAGENS E ADESIVOS LTDA,SP,C,labor_intensive_midcap,152,96422393.20683955,78251767.52,18.8448192193913,alta
55773964000164,PLASTICOS SANTANA LTDA,SP,C,labor_intensive_midcap,197,96296210.0435488,75439079.53,21.659347241305145,alta
26894175000183,HAYASHI & DAVILA - INDUSTRIA E COMERCIO DE SUCATAS TERMOPLASTICAS LTDA,SP,G,standard,46,96236648.47597463,81947398.74,14.84803342828583,alta
08274505000156,AGRI-PECAS MATAO SANTO EXPEDITO LTDA.,SP,G,standard,44,96227521.0691705,78384468.36,18.542567148066215,alta
61332250000113,ZEKTOR INDUSTRIA E COMERCIO LTDA,SP,C,standard,170,96127735.63379514,91843797.1,4.456506236779664,alta
51890978000107,WEILER - C. HOLZBERGER INDUSTRIAL LTDA,SP,C,labor_intensive_midcap,68,95994366.47237842,112940930.04,17.653706347963475,alta
04548536000105,SUERO - TERRAPLENAGEM E LOCACAO DE EQUIPAMENTOS LTDA,SP,H,labor_intensive_midcap,455,95773671.66407704,97726933.85,2.039456305668172,alta
14312023000146,DEL CARMEN - COMERCIO DE PERFUMES E COSMETICOS LTDA.,SP,G,family_mature_sweet_spot,43,95661452.79407865,76603003.17,19.922810147054705,alta
18603652000186,R & R COSMETICOS COMERCIO IMPORTACAO E EXPORTACAO LTDA,SP,G,standard,47,95592265.8810806,83728863.92999999,12.410420280066385,alta
08012968000140,COMERCIAL DE PRODUTOS ALIMENTICIOS MINARDI LTDA,SP,G,family_mature_sweet_spot,48,95468429.0311589,85510329.12,10.430778019725008,alta
07129148000170,CVC LIMA DISTRIBUIDORA DE MATERIAL DE CONSTRUCAO LTDA,RJ,G,labor_intensive_midcap,50,95401605.95285606,89073259.5,6.6333751823667395,alta
05116902000101,FRIGOPOTI - FRIGORIFICO POTI LTDA,SP,C,labor_intensive_midcap,95,95047720.70894694,91026122.45,4.231135927248367,alta
08267165000136,DDP INDUSTRIA E COMERCIO LTDA,SP,C,labor_intensive_midcap,88,95021720.67164043,99224366.56,4.422826548134559,alta
15228214000197,JCS ALIMENTOS LTDA,SP,G,family_mature_sweet_spot,42,94973124.68102826,74821537.98,21.218199115495374,alta
02057329000114,DIVAMED - DISTRIBUIDORA IRMAOS VALOTTO DE MEDICAMENTOS LTDA,SP,G,labor_intensive_midcap,51,94741897.35419402,90854724.69,4.102907765992657,alta
01990619000153,CEVISKO ALIMENTOS LTDA,SP,G,family_mature_sweet_spot,47,94562705.72633842,83728863.92999999,11.45678067597942,alta
08915525000169,POLIPET - EMBALAGENS PLASTICAS LTDA,SP,C,labor_intensive_midcap,152,94461625.21235494,78251767.52,17.160257041856198,alta
33673701000140,MOGI MOB  TRANSPORTES DE PASSAGEIROS LTDA.,SP,H,standard,357,94450688.46135047,76678055.79,18.81683761217165,alta
61796546000195,VIVACOR INDUSTRIA DE TINTAS E VERNIZES LTDA,SP,C,standard,67,94019454.21501422,70624559.3,24.88303629322518,alta
05917945000196,SASIM - COMERCIO DE HORTIFRUTIGRANJEIROS LTDA.,SP,G,family_mature_sweet_spot,47,94002810.07079849,83728863.92999999,10.929403209394104,alta
03447413000107,GRAMPAC INDUSTRIAL LTDA.,SP,C,labor_intensive_midcap,128,93992649.01087567,75181921.28,20.012977534763515,baixa
28255600000110,BOREAL INDUSTRIA DE FIOS E CABOS LTDA,SP,C,labor_intensive_midcap,82,93991970.97795483,91622882.03999999,2.5205226715699967,alta
08665318000101,DISTRIMAR ALIMENTICIOS LTDA,SP,G,family_mature_sweet_spot,44,93656826.631354,78384468.36,16.306721913041194,alta
01141767000101,UNIFILTER INDUSTRIA E COMERCIO DE FILTROS LTDA,SP,C,labor_intensive_midcap,112,93612111.63139956,72131585.12,22.946311259359,alta
08832207000134,H.L. DE CARVALHO ALIMENTOS PARA PEQUENOS ANIMAIS LTDA,SP,G,standard,44,93376183.65834026,78384468.36,16.055181001179434,alta
05348791000169,GENERAL ROLLER EQUIPAMENTOS INDUSTRIAIS LTDA,SP,C,family_mature_sweet_spot,181,93282564.45285165,105197583.72,12.773039996312091,alta
59556621000107,MARK MED INDUSTRIA E COMERCIO LTDA,SP,C,labor_intensive_midcap,236,93263890.02627861,92624562.56,0.6855037529514068,alta
06180593000100,GREEN COMERCIO E GERENCIAMENTO DE RESIDUOS RECICLAVEIS E APARAS LTDA,SP,G,family_mature_sweet_spot,42,93124283.14655656,74821537.98,19.65410583376215,alta
40812330000104,FAZENDA DAS MARIAS COMERCIO E INTERMEDIACAO LTDA,RJ,G,labor_intensive_midcap,52,93062637.15934275,92636189.88,0.4582368309771713,alta
02785261000190,VILA BOA CONSTRUCOES E SERVICOS LIMITADA,SP,H,standard,501,92921674.67389594,107607019.47,15.804003584353765,alta
04282779000136,NEWJET INDUSTRIA E COMERCIO DE PECAS INJETADAS LTDA,SP,C,labor_intensive_midcap,125,92796486.48377527,80504001.25,13.246714072439064,alta
67693440000142,OMEL BOMBAS E COMPRESSORES LTDA,SP,C,labor_intensive_midcap,150,92785978.70184532,110469822.0,19.05874523884608,alta
02793452000101,BIOCLEAN COMERCIAL LTDA,SP,C,labor_intensive_midcap,85,92536095.18586706,95841717.7,3.5722520033866862,alta
01515829000190,ITALYTEC IMEX INDUSTRIA E COMERCIO LTDA,SP,C,labor_intensive_midcap,111,92456466.55031046,71487553.11,22.67976943386666,alta
03928279000166,M.S.B. COMERCIO DE MATERIAIS PARA CONSTRUCAO LTDA,SP,G,standard,47,92152233.55382362,83728863.92999999,9.14071129801077,alta
05928228000160,MULTIAGUAS DISTRIBUIDORA DE BEBIDAS LTDA,RJ,G,labor_intensive_midcap,50,91865968.95574787,89073259.5,3.0399825827702633,alta
64170582000137,RINEN - INDUSTRIA E COMERCIO DE PRODUTOS QUIMICOS LTDA.,SP,C,labor_intensive_midcap,73,91805894.91033834,78160628.42,14.86317028298118,alta
55892905000105,CARNEMI FUNDICAO INDUSTRIA E COMERCIO LTDA,SP,C,labor_intensive_midcap,205,91564563.41496919,79683756.25,12.975333165872868,alta
02240675000133,"JCA INDUSTRIA DE MOLDES, MATRIZES E PECAS LTDA",SP,C,labor_intensive_midcap,201,91269726.85191157,90380152.5,0.9746652943915798,alta
10956219000112,COMERCIAL SHIVA DE ALIMENTOS LTDA,RJ,G,standard,47,90919737.76676305,83728863.92999999,7.909034950375513,alta
60712023000150,J.B. BLOCOS DE CONCRETO LTDA,SP,C,labor_intensive_midcap,137,90856623.46368769,70727551.5,22.15476560355844,alta
19952823000145,METALURGICA LAMIFIL LTDA.,SP,C,labor_intensive_midcap,59,90787180.7292477,96492132.33000001,6.283873510475053,alta
11699331000188,WIDE STOCK COMERCIO E DISTRIBUICAO LTDA,SP,G,standard,39,90701068.41328135,69477142.41,23.399863281184388,alta
15080217000126,MASTIFLEX - INDUSTRIA DE SELANTES E MASSAS LTDA,SP,C,labor_intensive_midcap,69,90221041.47705066,73877854.26,18.11460713541845,alta
16442942000160,COELHO E FILHOS DISTRIBUIDOR DE MATERIAL DE CONSTRUCAO LTDA,RJ,G,family_mature_sweet_spot,39,90021343.53467047,69477142.41,22.821478016219743,alta
66908781000125,CIMAPI INDUSTRIA E COMERCIO LTDA.,SP,C,labor_intensive_midcap,183,89810160.36506319,86164448.34,4.059353652464243,alta
56917891000108,RECOFER - INDUSTRIA E COMERCIO DE FERRAGENS LTDA,SP,G,standard,47,89476076.7063172,83728863.92999999,6.423183702143081,alta
14026139000119,RHEMA MOBILIDADE LTDA,SP,H,labor_intensive_midcap,421,89379471.61568047,90424261.87,1.1689376043886108,alta
00316355000194,MACCRO EMBALLAGE INDUSTRIA E COMERCIO LTDA,SP,C,labor_intensive_midcap,138,89369715.41240527,71044367.88,20.505097781548447,alta
07269512000105,ANTARES EMBALAGENS PEDERNEIRAS LTDA,SP,C,labor_intensive_midcap,126,89328811.15252046,79813495.44,10.652012032572522,alta
61367827000122,MERHEJE BRAZIL & COMPANHIA LTDA,SP,C,family_mature_sweet_spot,193,89238067.21602175,80477830.94,9.816703285174851,alta
29775845000130,SOLUTIAL SOLUCOES E ANALISE DE DADOS LTDA,SP,J,labor_intensive_midcap,163,89214946.05822913,69050273.53,22.602347946349685,alta
11657758000113,N. A. S. COMERCIO DE ALIMENTOS LTDA,RJ,G,labor_intensive_midcap,53,89002313.28239097,94417655.07,6.084495546117953,alta
17352826000112,HULTER INDUSTRIA E COMERCIO DE PECAS PARA REFRIGERACAO LTDA.,SP,C,family_mature_sweet_spot,118,88966131.09706615,68816048.3,22.649161595081036,alta
03102481000134,AB5 INDUSTRIA E COMERCIO LTDA,SP,C,labor_intensive_midcap,166,88847300.05212443,69903003.38,21.32230991939012,alta
28771213000136,METALRIB PORTAS FRIGORIFICAS LTDA,SP,G,standard,46,88712025.3566305,81947398.74,7.625377269244038,alta
20168935000199,NJ CAETANO EMPREENDIMENTOS IMOBILIARIOS LTDA,SP,C,standard,98,88330469.44329152,92889412.7,5.161235172236174,alta
34006815000108,EFICIENCE SERVICOS AVANCADOS LTDA,SP,N,standard,600,88160639.72789839,83238186.0,5.583505000747722,alta
07136639000148,A M C - LATICINIO LTDA,SP,C,labor_intensive_midcap,67,87823302.48741233,89751024.51,2.195000606887872,alta
01553804000180,MEGA BRASIL IND E COM DE EQUIPAMENTOS INDUSTRIAIS LTDA,SP,C,labor_intensive_midcap,139,87261562.12832429,65447313.22,24.99869172207219,alta
01578916000196,SOAZA COMERCIO DE PRODUTOS ALIMENTICIOS LTDA,SP,G,family_mature_sweet_spot,47,86974448.43448302,83728863.92999999,3.7316528738068344,alta
14126985000100,PAVANI ATACADISTA DE FRANGOS E DERIVADOS LTDA.,SP,G,labor_intensive_midcap,53,86807483.17657432,94417655.07,8.766723345665824,alta
51462562000198,LIMEIRENSE FERTILIZANTES LTDA,SP,C,family_mature_sweet_spot,20,86693415.41683881,66185438.0,23.65574976857523,alta
49480403000174,COMERCIO DE OVOS E CEREAIS GEMAR LTDA,SP,G,family_mature_sweet_spot,43,86355535.86634754,76603003.17,11.293465553200353,alta
07833406000102,MAXPAR IKE ASSISTENCIA LTDA,SP,J,standard,408,86265040.25865996,77025218.39999999,10.710969160803705,alta
02464838000161,CEQ ESPECIALIDADES QUIMICAS LTDA,SP,C,labor_intensive_midcap,81,86094536.6914189,91331519.22000001,6.082827935240037,alta
29746625000189,COMAF INDUSTRIA AERONAUTICA LTDA,RJ,C,labor_intensive_midcap,77,85990772.57508874,77442449.7,9.940976943339102,alta
19172610000109,M.B.F. METALURGICA BRASILEIRA DE FIXADORES LTDA,SP,C,labor_intensive_midcap,123,85815405.27482663,72245127.48,15.813335322914773,alta
28376169000160,KLARKE COMERCIO LTDA,SP,G,standard,39,85304205.36081183,69477142.41,18.55367256967929,alta
15078055000191,SERV PET COMERCIO DE PRODUTOS PARA ANIMAIS LTDA,SP,G,standard,43,85071026.29387046,76603003.17,9.954062496693544,alta
26530754000147,UNITAAL METALURGICA LTDA,SP,C,labor_intensive_midcap,101,84778657.17785215,66583982.349999994,21.46138595906588,alta
53247425000166,BUSSOLA FERRAMENTAS AGRICOLAS LTDA,SP,C,family_mature_sweet_spot,161,84098241.38376422,72394052.5,13.917281373762236,alta
13734851000100,COMERCIO DE HORTIFRUTI DONA NONECA LTDA,SP,G,family_mature_sweet_spot,38,83955398.39448637,67695677.22,19.367094297004968,alta
67038844000100,STARPACK PLASTICOS INDUSTRIAIS LTDA,SP,C,labor_intensive_midcap,130,83839903.07418229,66925853.800000004,20.174223316093986,alta
13689432000101,TRANS - ADIMAX TRANSPORTE RODOVIARIO DE CARGAS LTDA,SP,H,standard,298,83750485.98333474,64005772.06,23.575641014505486,alta
29011140000147,STEELLASER SERVICOS LTDA,SP,C,labor_intensive_midcap,117,83432448.55860361,64665307.98,22.493814939904862,alta
00772967000191,DECON DISTRIBUIDORA DE FERRO E ACO E MATERIAL DE CONSTRUCAO LTDA,RJ,G,standard,41,83319837.3551516,73040072.78999999,12.337715592667337,alta
04360443000144,INDUSTRIA E COMERCIO DE CEREAIS TARUMA LTDA,SP,G,family_mature_sweet_spot,45,83307879.68046036,80165933.55,3.771487334105445,alta
02960381000186,ALLPARTS COMPONENTES LTDA,SP,C,labor_intensive_midcap,124,83195059.71230198,68945356.55999999,17.128064096088274,alta
01591749000113,FRIGORIFICO AVICOLA FAMILIA LTDA,SP,C,family_mature_sweet_spot,133,83149225.40630038,69315524.88,16.637197110019233,alta
06178512000129,INDC INDUSTRIA E COMERCIO DE CHOCOLATES E ALIMENTOS LTDA,SP,C,standard,93,83027036.53546435,86710300.25999999,4.436222076844049,alta
51182194000124,BYG TRANSEQUIP IND E COM DE EMPILHADEIRAS LTDA,SP,C,labor_intensive_midcap,127,82947332.46157244,73812669.24,11.012606373814759,alta
06944297000120,R M PASCHOAL INDUSTRIA E COMERCIO LTDA,SP,G,standard,40,82939762.50433601,71258607.6,14.083902041225812,alta
00637923000159,FORTPAV PAVIMENTACAO E SERVICOS LTDA,SP,C,family_mature_sweet_spot,89,82561168.88302028,84358752.35000001,2.1772747301176136,alta
33107905000114,AGUA SANITARIA SUPER GLOBO LTDA,RJ,C,labor_intensive_midcap,116,82436044.72006343,79467077.16,3.6015405277454366,alta
73122996000181,"INDUSTRIA, COMERCIO, IMPORTACAO E EXPORTACAO DE VIDROS TEMPERADOS SPEED TEMPER LTDA.",SP,C,labor_intensive_midcap,153,82428164.80420986,83966979.87,1.8668559095610906,alta
54651344000190,3 X PRODUTOS QUIMICOS LTDA,SP,C,labor_intensive_midcap,106,82229202.90164699,72616467.06,11.69017271533645,alta
05321226000108,AGROLEITE CABINAS AGRICOLAS LTDA,SP,C,labor_intensive_midcap,98,82218082.14482854,97149967.6,18.16131569314483,alta
07853465000134,REDISA RECICLAGEM LTDA,SP,G,standard,38,82194893.09917738,67695677.22,17.640044694361297,alta
08930783000114,SANTA LUCIA COMERCIO ATACADISTA DE CITRUS LTDA,SP,G,family_mature_sweet_spot,45,82066159.08832775,80165933.55,2.315480046144894,alta
00250937000115,PROMOEN-EQUIPAMENTOS INDUSTRIAIS LTDA,SP,C,labor_intensive_midcap,106,81913962.75978862,69256921.08,15.451629067080042,alta
10848178000140,FITOWAY LABORATORIO NUTRICIONAL LTDA,SP,C,labor_intensive_midcap,138,81837388.56736355,93840487.14,14.667010742597483,alta
03548504000139,VALE DO TAMBAU INDUSTRIA DE PAPEL LTDA,SP,C,labor_intensive_midcap,93,81774248.44460183,84826359.27,3.732361817382916,alta
59302869000133,DISTRIBUIDORA DE BEBIDAS B M LTDA,SP,G,family_mature_sweet_spot,44,81435249.30905238,78384468.36,3.746265867590649,alta
28952091000184,COMERCIO E INDUSTRIA PAQUEQUER LTDA,RJ,C,labor_intensive_midcap,116,81385164.5170029,68337321.44,16.032213185828184,alta
15596868000173,BRASTERC SERVICOS TERCEIRIZADOS DE MAO DE OBRA LTDA,SP,N,standard,612,81383545.91856125,84902949.72,4.324466035137545,alta
07961213000129,EGF DISTRIBUIDORA LTDA,RJ,G,standard,40,81287646.2001479,71258607.6,12.337715592667333,alta
96624952000155,NOBELKRAFT INDUSTRIA DE EMBALAGENS LTDA,SP,C,labor_intensive_midcap,64,81266207.63852371,66688384.0,17.938358466740105,alta
56099834000150,SUPERMERCADO MAXIMO VILA TESOURO LTDA,SP,G,recent_startup,41,81046410.33302413,73040072.78999999,9.878707163125004,baixa
13844830000147,CORTICAL VALE COMERCIO DE PRODUTOS CIRURGICOS LTDA,SP,G,family_mature_sweet_spot,36,80996930.00104675,64132746.839999996,20.820768343724644,alta
46370631000101,DINSER FERRAMENTAS DIAMANTADAS LTDA,SP,C,labor_intensive_midcap,85,80875693.16365585,80567347.75,0.3812584493487995,alta
60879848000164,LABORATORIO TAYUYNA LTDA,SP,C,standard,117,80741869.16113724,99538705.89,23.2801604968418,alta
52582376000155,MINAMI INDUSTRIA DE APARELHOS PARA A LAVOURA LTDA,SP,C,family_mature_sweet_spot,90,80689389.32747996,89219358.0,10.571363525755467,alta
05804728000190,INDUSTRIA ALIMENTICIA RALSTON LTDA,SP,C,labor_intensive_midcap,89,80664353.89540103,60520314.17,24.972666057081643,alta
02040069000174,ROCKFIBRAS ISOLANTES LTDA.,SP,C,labor_intensive_midcap,103,80634876.85806552,97628668.45,21.07498920330363,alta
02372083000175,EPASA SERVICOS TECNICOS LTDA,RJ,C,labor_intensive_midcap,136,80631008.7853925,64142233.52,20.449670063385934,alta
05371573000145,PLATODIESEL INDUSTRIA E COMERCIO DE PECAS AUTOMOTIVAS LTDA.,SP,C,standard,115,80563896.67796274,71233019.4,11.581958746683956,alta
08740765000170,DUPLAS - INDUSTRIA DE PECAS PLASTICAS LTDA,SP,C,labor_intensive_midcap,188,80146612.51615667,80875622.24,0.9095951793300818,alta
31824100000166,KAMAR FOODS FRIGORIFICO LTDA,SP,C,labor_intensive_midcap,76,80029535.81579988,72820897.96,9.007471781907691,alta
67846790000100,HOBER ARTEFATOS PLASTICOS LTDA,SP,C,labor_intensive_midcap,159,80020675.08100823,60887378.91,23.91044083499521,alta
28422820000190,MMD DISTRIBUIDORA LTDA,SP,G,standard,43,80016193.82961504,76603003.17,4.265624864490585,alta
28291664000176,TAMBORTEX INDUSTRIA E COMERCIO DE TAMBORES LTDA,RJ,G,family_mature_sweet_spot,40,79987296.60178167,71258607.6,10.912594090081107,alta
44010437000181,CAZI QUIMICA FARMACEUTICA INDUSTRIA E COMERCIO LTDA,SP,C,labor_intensive_midcap,92,79932999.99146841,78269751.64,2.0808031121638617,alta
22228820000178,GL SUPRIMENTOS PROFISSIONAIS LTDA,RJ,G,standard,49,79906981.41439295,87291794.31,9.241761814665285,alta
10720576000187,TRANSLOG TRANSPORTES E LOGISTICA LTDA,RJ,N,labor_intensive_midcap,166,79683184.16178021,62944781.379999995,21.006192156925295,alta
18908694000125,J K COMERCIAL TECNOLOGIA E ELETRICA LTDA,RJ,G,standard,35,79539786.6808011,62351281.65,21.609946101288664,alta
69092492000199,LUBRASFER SERVICOS DE CORTE E DOBRA DE ACO LTDA,SP,C,labor_intensive_midcap,101,79449045.1582978,66583982.349999994,16.192847607752732,alta
11515371000122,MAXIMUS AUTO ESTETICA LTDA,SP,G,labor_intensive_midcap,91,79205734.09336051,65127018.32,17.774869375954275,alta
04967453000142,METALURGICA ARMACO LTDA,RJ,C,labor_intensive_midcap,127,79181589.61480343,83724413.45,5.73722232313869,alta
04165003000136,"CCM INDUSTRIA, COMERCIO, IMPORTACAO E EXPORTACAO LTDA",SP,C,labor_intensive_midcap,132,79120568.02272944,66405313.92,16.070731568909682,alta
44029726000122,THREE BOND DO BRASIL INDUSTRIA E COMERCIO LTDA,SP,C,labor_intensive_midcap,73,79117293.18361008,75871958.7,4.101928103225833,alta
05570852000138,KR INDUSTRIA COMERCIO IMPORTACAO E EXPORTACAO DE ACESSORIOS PARA MODA LTDA,SP,C,labor_intensive_midcap,196,79080507.87908536,77022170.96000001,2.602837253185785,alta
41914457000199,TEXTRU TECNOLOGIA EM EXTRUSAO DE ALUMINIO LTDA,SP,C,standard,47,78930739.52116902,95572739.85000001,21.084308128606406,alta
96221486000167,PARAFUSOS RUDGE RAMOS LTDA,SP,C,labor_intensive_midcap,103,78869629.02517879,60497952.28,23.293727854753456,alta
42277449000141,A & G METAIS COMERCIO E SERVICOS LTDA,SP,G,standard,37,78776719.89171998,65914212.03,16.327803289347067,alta
31667547000179,T & K TRANSPORTES LTDA,SP,H,labor_intensive_midcap,285,78676190.55623405,61213573.95,22.195554312905614,alta
48922009000186,GARIN & CIA LIMITADA,SP,C,labor_intensive_midcap,63,78660255.36125706,67453693.02,14.246791203244289,alta
44346930000177,COLORMIX INDUSTRIA E COMERCIO DE PIGMENTOS LTDA,SP,C,capital_intensive,63,78660255.36125706,67453693.02,14.246791203244289,alta
08230272000190,JASPE DISTRIBUIDORA DE COSMETICOS LTDA,SP,G,standard,40,78623202.81679478,71258607.6,9.366948881433295,alta
10317995000172,A. C. SERVICE - ELETRICA E AUTOMACAO INDUSTRIAL LTDA.,SP,G,family_mature_sweet_spot,37,78557779.99469957,65914212.03,16.094609554333957,baixa
08637193000106,TAMAROZZI COMERCIO DE EMBALAGENS LTDA,SP,G,standard,36,78509684.62681986,64132746.839999996,18.312311220147905,alta
06829427000183,S J PARAISO CHARQUE LTDA,RJ,C,labor_intensive_midcap,139,78490990.04920414,81886962.75999999,4.326576475423479,alta
04433690000719,ATECH IMPERMEAVEL LTDA,SP,C,family_mature_sweet_spot,157,78241377.18585563,90134982.69000001,15.201170955736314,alta
64971138000110,J. NAPPI INDUSTRIA DE MOLAS LTDA,SP,C,labor_intensive_midcap,103,78191746.43587925,90944958.28,16.310176489764125,alta
08414502000170,FLEX AERO LTDA,SP,C,standard,97,78134961.12007977,97557371.7,24.85751615089612,alta
30341546000177,MB ENTREPOSTO DE CARNE LTDA,SP,G,standard,42,77971223.82917503,74821537.98,4.039549072713775,alta
36089746000160,MNJ COMERCIO DE ALIMENTOS LTDA,RJ,G,family_mature_sweet_spot,46,77841129.64070722,81947398.74,5.275192071654348,alta
06046699000107,SANTA MARIA INDUSTRIA DE ALCOOL LTDA,SP,C,capital_intensive,90,77669768.02036986,71328548.7,8.164334054283247,alta
10440534000192,INTERBRILHO HIGIENE E LIMPEZA LTDA,SP,C,capital_intensive,101,77503987.5188695,69191162.01,10.725674607187944,baixa
08813440000170,PLUZIE INDUSTRIA E COMERCIO DE MATERIAIS ELETRICOS LTDA,SP,C,standard,194,77432065.9580689,80017932.58,3.3395294183825497,alta
01925587000102,NUTRIC - NUTRICIONAL COMERCIO LTDA,RJ,G,family_mature_sweet_spot,40,77378500.2270324,71258607.6,7.909034950375528,alta
07441212000153,F.K.DISTRIBUIDORA DE PRODUTOS QUIMICOS LTDA,RJ,G,family_mature_sweet_spot,33,77222491.13743399,58788351.269999996,23.871464900849272,alta
10454350000181,SALVATORI INDUSTRIA E COMERCIO DE COSMETICOS LTDA,SP,C,labor_intensive_midcap,77,76943833.93749568,86821320.74000001,12.837268819393868,alta
09521615000138,INTEP INDUSTRIA PLASTICA LTDA,SP,C,labor_intensive_midcap,100,76762219.42566393,64403201.0,16.100392247819688,alta
03072791000153,SENTEX INDUSTRIAL LTDA.,RJ,C,labor_intensive_midcap,57,76564075.90601291,80011907.19,4.503197149821953,alta
01005844000198,RS AUTO ADESIVOS LTDA,SP,C,standard,127,76490510.04605842,62947618.58,17.705322474518248,alta
00570834000132,PLASTICOS M B LTDA.,SP,C,labor_intensive_midcap,162,76446164.23392981,62036197.379999995,18.849823268875156,alta
08049995000197,INTACTA SISTEMAS DE EMBALAGENS LTDA,SP,C,standard,45,76442690.83740644,73595694.15,3.724354357778948,alta
09307584000117,EPORTALI COMERCIO DE EMBALAGENS PLASTICAS LTDA,SP,G,standard,48,76427812.5922841,85510329.12,11.883784475381999,alta
05271559000170,COROAO DE ITA COMERCIO DE BEBIDAS LTDA,RJ,G,family_mature_sweet_spot,36,76387332.52565025,64132746.839999996,16.04269357296285,alta
29919024000120,EXPRESSO SAO FRANCISCO LTDA,RJ,H,labor_intensive_midcap,346,76283843.40065017,74315426.62,2.580384905768122,alta
02917456000146,FLUCAP DISTRIBUIDORA DE ALIMENTOS LTDA,RJ,G,family_mature_sweet_spot,39,76192842.34905227,69477142.41,8.814082441348644,alta
61286571000129,METALURGICA AROUCA LTDA,SP,C,labor_intensive_midcap,200,76053790.45300247,62281428.0,18.108712755760827,alta
09116205000101,"AROMASIL - INDUSTRIA, COMERCIO E DISTRIBUICAO LTDA",SP,C,labor_intensive_midcap,129,76035852.19521385,88372870.29,16.225264449081454,alta
37124240000108,FARMAUSA PHARMACEUTICAL LTDA.,RJ,G,standard,42,75938064.46368249,74821537.98,1.4703120122537021,alta
04221368000130,G. M. RECICLA LTDA,SP,G,standard,33,75662204.63191824,58788351.269999996,22.301561848489907,alta
67685792000156,J.S.L. HIDRAULICA E PNEUMATICA LTDA,SP,C,labor_intensive_midcap,101,75445970.79437053,74383013.48,1.4088987167620108,alta
31622326000184,AMBITAL GESTAO EM RESIDUOS LTDA,SP,G,standard,39,75382505.76420704,69477142.41,7.833864494606667,alta
61184701000112,G.T.F. COMERCIO DE PAPEIS PARA RECICLAGEM LTDA.,SP,G,family_mature_sweet_spot,36,75245824.19085076,64132746.839999996,14.76902867415468,alta
43691393000130,GENCO QUIMICA INDUSTRIAL LTDA,SP,C,family_mature_sweet_spot,62,75207854.78429952,66382999.480000004,11.733954291888413,alta
14546867000151,N2SP DISTRIBUIDORA DE ALIMENTOS LTDA,SP,G,family_mature_sweet_spot,37,75164490.52776504,65914212.03,12.30671349305304,alta
14829598000130,HERBAMED LABORATORIO NUTRACEUTICO LTDA,SP,C,labor_intensive_midcap,115,75050289.00134279,78200405.95,4.197341530025092,alta
07203776000158,NOVA LIDER COMERCIO DE MATERIAL DE CONSTRUCAO LTDA,RJ,G,standard,40,75018896.37678415,71258607.6,5.012455472415929,alta
62526876000123,CIMENTO RIO COM E REP DE MATERIAIS DE CONSTRUCAO LTDA,SP,G,standard,36,74730761.83264734,64132746.839999996,14.181596350349835,baixa
31600285000125,PEREIRA & RIBEIRO NEGOCIOS LTDA,RJ,G,standard,37,74664095.20712842,65914212.03,11.718997133568747,alta
03138471000159,MV SERVICOS LTDA,SP,N,standard,1111,74663512.4762862,62301946.96,16.55636750308572,alta
09093084000120,RIO COLOR DISTRIBUIDORA DE MATERIAIS DE CONSTRUCAO LTDA,RJ,G,family_mature_sweet_spot,40,74651479.80161285,71258607.6,4.5449496923965285,alta
60949526000144,FAMABRAS INDUSTRIA DE APARELHOS DE MEDICAO LTDA,SP,C,labor_intensive_midcap,130,74650057.18434817,69526687.10000001,6.863183067222581,alta
56059702000103,COPPERFIO INDUSTRIA E COMERCIO LTDA,SP,C,labor_intensive_midcap,56,74596340.34171568,62571724.32,16.11957901236515,alta
71693527000197,FLUIR AUTOMACAO PNEUMATICA LTDA,SP,G,family_mature_sweet_spot,33,74534952.39529854,58788351.269999996,21.126465663767966,alta
03134553000125,HEMARE - COMERCIO DE RESIDUOS DE ORIGEM ANIMAL LTDA,SP,G,family_mature_sweet_spot,35,74437196.45629047,62351281.65,16.236391725724545,alta
07335416000100,HIMAFLEX INDUSTRIA E COMERCIO DE PLASTICOS LTDA,SP,C,labor_intensive_midcap,147,74435476.09256841,56292105.03,24.374628893358867,alta
27216036000163,BREAD MAKER INDUSTRIA E COMERCIO DE ALIMENTOS LTDA,RJ,G,standard,37,74351110.3048786,65914212.03,11.34737361726394,alta
21051868000190,BARBIERI & CIA. DISTRIBUIDORA LTDA.,SP,G,family_mature_sweet_spot,37,74253812.94384259,65914212.03,11.23120898875556,baixa
04786289000177,COMERCIAL PIRA FITAS SAO JUDAS TADEU LTDA,SP,G,standard,32,74191135.16571672,57006886.08,23.162132574644122,alta
23160408000126,HIPER TRADE PROMOCOES DE VENDAS LTDA,SP,M,labor_intensive_midcap,320,74170537.61875992,75054243.2,1.1914509583068906,alta
48861901000102,CARBOSERVICES COSMOPOLIS LTDA,SP,C,capital_intensive,80,74136480.76105934,75828092.0,2.281752818012351,alta
40160558000159,TRANSPORTE E TURISMO REAL BRASIL LTDA,RJ,H,standard,343,74037267.05344343,73671073.21,0.49460745651119614,alta
28279297000195,VIACAO RIO OURO LIMITADA,RJ,H,labor_intensive_midcap,335,73823833.58189918,71952797.45,2.534460811796607,alta
05220423000130,LATICINIOS RUBI LTDA,SP,G,standard,32,73741583.55278635,57006886.08,22.693705052871792,alta
39231832000154,DISTRIBUIDORA DE CARNES BOIBOI LTDA,RJ,C,labor_intensive_midcap,92,73708633.98641756,88151613.32,19.594691357655424,alta
57893521000132,PERFITECNICA PERFIS TECNICOS DE BORRACHA LTDA,SP,C,labor_intensive_midcap,141,73396951.00173324,60200841.12,17.979098180006993,alta
10171633000116,INDUSTRIA DE ALIMENTOS PATA NEGRA LTDA,RJ,C,labor_intensive_midcap,101,73239008.14939128,59500598.839999996,18.758322452111837,alta
42476637000107,EUROLIPS DISTRIBUIDORA DE COSMETICOS LTDA,SP,G,standard,40,72972421.8485486,71258607.6,2.348578004037698,alta
43377816000141,BIOMCROP BIOTECNOLOGIA AGRICOLA LTDA,SP,C,standard,21,72889141.00651017,69494709.89999999,4.656977787962957,alta
32799248000150,B R A SERVICOS DE COMUNICACAO LTDA,SP,J,labor_intensive_midcap,110,72867287.45043845,77017322.8,5.695333934839057,alta
07251005000136,FRIGORIFICO FRANGO FACIO LTDA,SP,C,labor_intensive_midcap,130,72823178.87558302,67752016.8,6.963664802723055,alta
19454803000144,BRASIPACK INDUSTRIA E COMERCIO DE EMBALAGENS LTDA,RJ,C,labor_intensive_midcap,169,72768475.8199541,87003609.94,19.562226581833166,alta
22957859000126,TOPFRUTI COMERCIO DE HORTIFRUTIGRANJEIROS LTDA,RJ,G,family_mature_sweet_spot,43,72764534.22935675,76603003.17,5.275192071654361,alta
11267488000134,AVIO DO BRASIL FABRICACAO E MANUTENCAO DE MOTORES E PECAS PARA AERONAVES LTDA.,RJ,C,capital_intensive,57,72655809.28256005,57327527.699999996,21.097117675681,alta
56712607000159,PLASDURAN INDUSTRIA E COMERCIO DE PLASTICOS LTDA,SP,C,labor_intensive_midcap,158,72548960.42526288,60504439.42,16.601920874759713,alta
44393825000199,FIXOPAR COMERCIO DE PARAFUSOS E FERRAMENTAS LTDA,SP,G,standard,31,72472096.73266952,55225420.89,23.797677478944706,alta
27882215000130,MPP DISTRIBUIDORA DE MATERIAIS ELETRICOS LTDA,SP,G,standard,37,72464492.82077007,65914212.03,9.039297089915738,alta
04562596000174,MATERIAIS ELETRICOS STRAHL LTDA,SP,C,labor_intensive_midcap,172,72341754.03740744,70943734.04,1.9325215651870005,alta
11007902000176,SERVICE METAL RIBEIRAO LTDA,SP,C,labor_intensive_midcap,134,72266304.53812009,69344520.28,4.043079657655476,alta
40691823000125,VEROS HOSPITAL VETERINARIO LTDA.,SP,M,standard,249,72030005.3955778,58401582.99,18.920479501192016,alta
23030412000170,GUARA COMERCIO DE UTLIDADES LTDA,SP,G,family_mature_sweet_spot,44,71792447.65835005,78384468.36,9.182053149964226,alta
51603942000103,ARPOL RED SPOT TINTAS LTDA,SP,C,family_mature_sweet_spot,65,71751215.09220767,71708813.8,0.05909487686470979,alta
08722347000150,"MELO COMERCIO DE FERRAMENTAS, ABRASIVOS E REVESTIMENTOS LTDA",RJ,G,family_mature_sweet_spot,34,71601719.07772686,60569816.46,15.407315298884422,alta
38711880000187,RIO TAMA DISTRIBUIDORA LTDA,SP,G,standard,32,71572739.84780222,57006886.08,20.351119432868124,alta
11480574000120,VALENCA METAIS LTDA,RJ,C,labor_intensive_midcap,113,71424781.99675958,74494950.55,4.298464016844611,alta
68864982000101,KBM EQUIPAMENTOS AGRICOLAS LTDA,SP,C,standard,77,71188292.81020121,76332117.39999999,7.225660830936056,alta
08529643000139,NATURAL - OLEOS VEGETAIS E ALIMENTOS LTDA,SP,C,labor_intensive_midcap,53,71040409.50788417,82796312.21000001,16.54819106977578,alta
07549218000149,PILLER MECANICA DE PRECISAO LTDA,RJ,C,labor_intensive_midcap,180,71014904.99584918,56053285.2,21.068281083701628,alta
46665188000198,SISTEMA CLUBE DE COMUNICACAO LTDA,SP,J,labor_intensive_midcap,138,70661055.05795614,63487602.42,10.151918382866604,alta
61135414000112,PRODEC PROTECAO E DECORACAO DE METAIS LTDA,SP,C,labor_intensive_midcap,218,70600076.86858581,53382272.58,24.387798218173103,alta
04969948000100,ROTA 304 TRANSPORTES GERAIS LTDA,SP,H,labor_intensive_midcap,265,70369715.86124149,56917884.55,19.11593808019132,alta
47567797000177,MIRAGE INDUSTRIA E COMERCIO DE PECAS LTDA,SP,C,labor_intensive_midcap,83,70348623.77760072,54717530.05,22.2194733716706,alta
71856447000105,COREVAL COMERCIO DE MATERIAIS ELETRICOS E REPRESENTACOES LTDA,SP,G,family_mature_sweet_spot,31,70062172.18793775,55225420.89,21.176550533059434,alta
26580193000190,CONFORTO ALIMENTOS LIMITADA,RJ,G,standard,44,69927054.09292857,78384468.36,12.094624000364815,alta
46488482000171,EQUACIONAL ELETRICA E MECANICA LTDA,SP,C,labor_intensive_midcap,83,69850357.46037664,69706842.00999999,0.20546129697053506,alta
07042988000109,LOGISMAX SERVICOS DE LOGISTICA LTDA,SP,H,labor_intensive_midcap,285,69684366.83786389,61213573.95,12.155944399370183,alta
28946841000105,SERTANORTE RAIZES ATACADISTA LTDA,RJ,G,standard,36,69640650.20432915,64132746.839999996,7.909034950375518,alta
18825223000153,BP CONSTRUCOES METALICAS LTDA,SP,C,labor_intensive_midcap,131,69632003.75008775,55164418.33,20.77720680279795,alta
14828012000113,SOD COMERCIAL DISTRIBUIDORA TRANSPORTES E LOGISTICAS LTDA,SP,G,standard,32,69569631.31372751,57006886.08,18.05780050360656,alta
29205691000141,ROTTAMI COMERCIO ATACADISTA DE SUCATAS LTDA,SP,G,standard,31,69444623.5338659,55225420.89,20.47559900289711,alta
13434114000191,SCARPIM ALIMENTOS LTDA,SP,C,labor_intensive_midcap,64,69349962.61860086,62002371.2,10.59494647316523,alta
01001672000184,ELYPLAST RIO PRETO LTDA,SP,G,family_mature_sweet_spot,30,69301647.89543286,53443955.699999996,22.882128603002418,alta
43718253000108,PUTZMEISTER BRASIL LTDA,SP,C,standard,38,69275396.79855204,63114049.14,8.893991147346005,alta
08953633000126,COMERCIAL FARTEX - IMPORTACAO E EXPORTACAO DE ARTIGOS PARA PRESENTES LTDA,RJ,G,standard,43,69256687.00655948,76603003.17,10.607374509186004,alta
07853465000134,REDISA RECICLAGEM LTDA,SP,G,standard,32,69216752.08351779,57006886.08,17.640044694361297,alta
07584456000195,BAGGIO COFFEES EXPORTACAO LTDA,SP,C,family_mature_sweet_spot,58,68891093.53518404,76348421.22,10.824806665330916,alta
44764587000180,BRIZA INDUSTRIA E COMERCIO DE DOCES LTDA,SP,C,family_mature_sweet_spot,52,68865414.76826152,58913169.64,14.451731920517352,alta
56369960000188,CAF MAQUINAS INDUSTRIA LTDA,SP,C,family_mature_sweet_spot,122,68711550.77792327,57442965.559999995,16.399841206238392,alta
00145075000160,LEITE VANESSA LTDA,SP,C,labor_intensive_midcap,61,68607989.72019453,81713619.33,19.102191542492996,alta
03868954000109,BAMBOZZI ALTERNADORES LTDA,SP,C,labor_intensive_midcap,68,68568363.72167073,57109219.96,16.71199827399282,alta
00200093000106,ENGEVAL ARARAS-ENGENHARIA DE VALVULAS E EQUIPAMENTOS LTDA,SP,C,family_mature_sweet_spot,127,68533318.99565418,54481087.38,20.50423330080549,alta
50938813000103,SKINAO ATACAREJO LTDA,SP,G,standard,37,68479641.4644304,65914212.03,3.746265867590643,alta
59704668000162,DEL BIANCHI DISTRIBUIDORA DE PRODUTOS ALIMENTICIOS LTDA,SP,G,standard,34,68407063.71692567,60569816.46,11.456780675979413,alta
17622188000102,GOLD CARNES COMERCIO ATACADISTA DE CARNES E DERIVADOS LTDA,SP,C,labor_intensive_midcap,67,68317448.70666212,64197370.57,6.0307845428372095,alta
16826619000190,KN - COMERCIO E DISTRIBUIDORA LTDA,SP,G,family_mature_sweet_spot,34,68184884.51805969,60569816.46,11.168264215572194,alta
20655436000126,"TECNO ARAMES COMERCIO, IMPORTACAO E EXPORTACAO LTDA",SP,G,family_mature_sweet_spot,37,68105554.62793906,65914212.03,3.2175680969201017,alta
49823347000123,INDUSTRIA E COMERCIO DE CORANTES TUPY LTDA,SP,C,family_mature_sweet_spot,27,68033346.37609528,54093744.0,20.489367521385375,alta
02123477000190,USI-TUBOS INDUSTRIA METALURGICA LTDA,SP,C,labor_intensive_midcap,79,68004431.8525793,52080540.65,23.41596094369154,alta
46432019000108,CURTUME TOURO LTDA,SP,C,standard,142,67982169.05346829,52260132.199999996,23.126706712024497,alta
18367093000152,CLEAN RH SERVICOS TEMPORARIOS LTDA,RJ,M,labor_intensive_midcap,311,67870688.07400228,72943342.61,7.4739989823983946,alta
12427914000112,MAVA DISTRIBUIDORA DE FRIOS LTDA,RJ,G,family_mature_sweet_spot,43,67854358.91140082,76603003.17,12.893267873951187,alta
21161141000166,A.R.R. TRANSPORTES LTDA,SP,H,labor_intensive_midcap,277,67743856.80370896,59495298.19,12.176098325209841,alta
46548622000150,PARMA INDUSTRIA E COMERCIO DE EQUIPAMENTOS METALICOS LTDA,SP,C,labor_intensive_midcap,118,67668617.52542457,55559589.64,17.89459919271285,alta
03055229000111,TAIPAS COMERCIO DE SUCATAS LTDA,SP,G,family_mature_sweet_spot,32,67357680.22465843,57006886.08,15.366910068956313,alta
04205212000166,CICLOACO PRODUTOS SIDERURGICOS LTDA.,SP,G,family_mature_sweet_spot,32,67357680.22465843,57006886.08,15.366910068956313,alta
04600126000158,CARIOBA ARTEFATOS DE PINUS LTDA,SP,C,labor_intensive_midcap,282,67335003.88727309,69667583.94,3.4641418550029788,alta
02158016000152,BRUMON BRASIL LTDA,SP,G,family_mature_sweet_spot,29,67306646.76776297,51662490.51,23.24310749240276,baixa
49974483000114,PANPLAS - COMERCIO DE PANOS E PLASTICOS LTDA,SP,G,standard,37,67293495.92860574,65914212.03,2.049654100403804,alta
12348054000121,SUCATAS DO VALE LTDA,SP,G,family_mature_sweet_spot,39,67218301.01654485,69477142.41,3.3604559462149535,alta
08097029000579,TECIDOS E ARMARINHO 253 COMERCIO VAREJISTA DE TECIDOS E ARTIGOS DE AVIAMENTOS LTDA,RJ,G,labor_intensive_midcap,134,67007689.09010609,50974639.84,23.927178310158173,alta
02512576000163,COMERCIAL VALMAG LTDA.,SP,G,family_mature_sweet_spot,37,66952900.06890549,65914212.03,1.5513712443172836,alta
03137786000181,PET FRIEND S COMERCIO IMPORTACAO E EXPORTACAO LTDA,SP,G,standard,36,66952639.987884775,64132746.839999996,4.211772901554061,alta
21014118000149,ASHLAND INDUSTRIA DE INGREDIENTES DO BRASIL LTDA.,SP,C,standard,47,66678132.22211005,77490857.55,16.216299058695764,alta
08824388000157,INTERPONTE IMPORTACAO E EXPORTACAO DE ARTIGOS PARA PRESENTES LTDA,RJ,G,standard,39,66413837.91699689,69477142.41,4.612449135723167,alta
69065258000172,LAJES ANHANGUERA INDUSTRIA E COMERCIO LTDA,SP,C,labor_intensive_midcap,98,66413599.438611336,50593431.0,23.82067614515387,alta
04501223000193,WIPEX BRASIL INDUSTRIA E COMERCIO DE PRODUTOS HIGIENICOS LTDA,SP,C,labor_intensive_midcap,61,66408256.545151666,68780526.82000001,3.572252003386673,alta
08716686000123,CIMENTO RIO DE PIRACICABA COMERCIO DE MATERIAIS PARA CONSTRUCAO LTDA,SP,G,standard,35,66351004.656797804,62351281.65,6.028127271751906,baixa
30197611000132,ARAUJO COMERCIO DE EMBALAGENS LTDA,SP,G,standard,38,66194343.65531148,67695677.22,2.2680692666223763,alta
46199337000170,COSGRAF INDUSTRIA GRAFICA LTDA,SP,C,labor_intensive_midcap,64,66186033.95080019,66688384.0,0.7589970560454449,alta
00541642000106,DATA SYSTEM SOFTWARES LTDA,SP,J,labor_intensive_midcap,156,66073330.74412361,66084924.36,0.01754658913940499,alta
03437277000255,METAL PRINTING - INDUSTRIA E COMERCIO LTDA.,SP,C,standard,50,66030015.93217565,52704894.99999999,20.180399389669816,alta
06107573000103,TUBOPARTES CONFORMACAO DE METAIS LTDA,SP,C,labor_intensive_midcap,102,65459464.61014849,65691265.02,0.3541129021326836,alta
02905133000132,CABEXPRESS INDUSTRIA E COMERCIO DE CABOS ELETRICOS LTDA.,SP,C,labor_intensive_midcap,63,65456413.94612526,70393189.86,7.542081235825132,alta
68232891000145,CICALFER ATACADISTA LTDA,SP,G,family_mature_sweet_spot,32,65332056.28010131,57006886.08,12.742856530350737,alta
15654621000166,MKT SERVICOS PROMOCIONAIS LTDA,RJ,M,labor_intensive_midcap,222,65298855.1501147,52068881.22,20.260652196275853,alta
60371234000177,POLIMET INDUSTRIA METALURGICA LTDA,SP,C,labor_intensive_midcap,121,65264614.87394979,54158141.95,17.017602793490024,alta
15156712000171,JK IMPORTACAO E EXPORTACAO DE PRODUTOS PARA BELEZA LTDA,SP,G,family_mature_sweet_spot,41,65223263.346027374,73040072.78999999,11.984695403083851,baixa
55277495000192,SILC INDUSTRIA DE AUTOPECAS LTDA,SP,C,labor_intensive_midcap,102,65055618.57850602,65691265.02,0.9770815425064521,alta
11303619000191,BYWER INDUSTRIA DE PLASTICOS LTDA,RJ,C,labor_intensive_midcap,138,65050043.37481263,52845649.62,18.761545913954265,alta
00510574000100,BEIRA RIO AGRO INDUSTRIAL LTDA,SP,C,labor_intensive_midcap,68,65008499.70955502,65877519.400000006,1.3367785663837648,alta
22115156000150,FRIGORIFICO AUREFRIG LTDA,SP,C,labor_intensive_midcap,56,64898584.66239224,53657503.76,17.32099545909863,alta
07764852000102,BEDAL INDUSTRIA METALURGICA LTDA,SP,C,labor_intensive_midcap,98,64787966.077870935,57561158.480000004,11.15455235804868,alta
04716732000133,PRO - CASCAO INDUSTRIA E COMERCIO LTDA,SP,C,labor_intensive_midcap,102,64784787.67426897,69360360.06,7.062726528851998,alta
30819966000116,BF COSMETICOS E PRODUTOS PARA A SAUDE LTDA,SP,C,labor_intensive_midcap,62,64754774.00310611,69908076.44000001,7.9581814873552235,alta
41774323000110,CGO DISTRIBUIDORA DE LATICINIOS LTDA,RJ,G,standard,35,64636292.11105938,62351281.65,3.535181840463919,alta
30461533000131,"SINIFLEX - INDUSTRIA, COMERCIO E EXPORTACAO DE ESTOFADOS E COLCHOES LTDA",SP,C,standard,207,64439910.15535736,51687196.2,19.79008649238027,alta
29017852000173,KANITZ 1900 COSMETICOS LTDA,RJ,C,labor_intensive_midcap,55,64416709.816207536,62015229.10000001,3.728040011759966,alta
44909067000119,METALURGICA GARDEN INDUSTRIA E COMERCIO LTDA,SP,C,labor_intensive_midcap,83,64264840.443696655,54229475.940000005,15.615637468965282,alta
57345604000197,CALDAS AMARAL PERFUMARIA LTDA,SP,G,recent_startup,28,64093363.87385,49881025.32,22.17443069741673,baixa
06037228000132,V.A. PINTO BARBOSA TRANSPORTES LTDA.,SP,H,labor_intensive_midcap,232,64045179.68086421,49829997.04,22.195554312905617,alta
05737756000131,PALLEBRAS INDUSTRIA E COMERCIO DE EMBALAGENS DE MADEIRA LTDA,SP,C,labor_intensive_midcap,166,63965553.44951725,49202124.440000005,23.080280265485086,alta
53924825000169,MG - ENTREPOSTO DE CARNES LTDA,SP,C,labor_intensive_midcap,89,63924091.399331056,52431220.76,17.978934682912563,alta
31688351000160,VIACAO ARACATUBA LTDA,RJ,H,standard,281,63871531.159340866,60354436.07,5.506514444701096,alta
55581691000156,BOA MESA COMERCIO DE CESTAS DE ALIMENTOS LTDA,RJ,G,recent_startup,33,63837262.68730172,58788351.269999996,7.909034950375517,baixa
04999729000174,DIAMANPLAST EMBALAGENS PLASTICAS E DERIVADOS LTDA,SP,G,standard,31,63709086.32177146,55225420.89,13.316256630841547,alta
61890109000136,PLASTIFLUOR INDUSTRIA E COMERCIO DE VEDACOES LTDA,SP,C,labor_intensive_midcap,78,63668166.9597627,58522115.34,8.082613125983228,alta
03011370000112,GRAUNA AEROSPACE LTDA,SP,C,capital_intensive,75,63568033.533976555,49443551.25,22.219473371670595,alta
08782043000188,EVERSOFT INDUSTRIA E COMERCIO DE PLASTICOS LTDA,RJ,C,standard,141,63471968.439802594,53994468.089999996,14.931788918428058,alta
56044290000120,ATEMIS SISTEMAS DE SEGURANCA LTDA,SP,C,labor_intensive_midcap,99,63453036.77714839,63759168.99,0.48245478609128206,alta
04666044000106,ENMAC ENGENHARIA DE MATERIAIS COMPOSTOS LTDA,SP,C,standard,124,63162430.57828849,57301697.04,9.278828386795904,alta
22130040000190,S. NOCCE SERVICOS DE APOIO A EDIFICIOS E EMPRESAS LTDA,SP,N,standard,573,63108618.505535655,48493053.03,23.15938111409241,alta
11335987000111,PLANETA DOS TUBOS COMERCIO DE MATERIAIS DE CONSTRUCAO LTDA,RJ,G,family_mature_sweet_spot,31,62997925.80511462,55225420.89,12.337715592667326,alta
09193580000155,BUSCARIOLI COMERCIO E OFICINA DE MOTORES ELETRICOS LTDA.,SP,C,capital_intensive,80,62852707.84869174,56521311.2,10.073387234060945,alta
52402245000149,PALMERIN DISTRIBUIDORA DE PRODUTOS ALIMENTICIOS LTDA,SP,G,family_mature_sweet_spot,38,62810045.810775,67695677.22,7.7784235724707536,alta
55297253000160,TECNO TOOLS FERRAMENTAS E ABRASIVOS LTDA,SP,C,family_mature_sweet_spot,94,62786394.91759766,62445320.480000004,0.5432298478759433,alta
67273243000174,MAXPOLI INDUSTRIA E COMERCIO DE PLASTICOS LTDA,SP,C,labor_intensive_midcap,68,62781357.167079225,51019280.04,18.7349838516185,alta
21513121000107,KAPER SAO PAULO COMERCIO DE PAPEIS LTDA,SP,G,family_mature_sweet_spot,30,62763031.61476607,53443955.699999996,14.848033428285836,alta
56153513000197,SANTA CLARA - COMERCIO DE RECICLAVEIS E SERVICOS LTDA.,SP,G,family_mature_sweet_spot,28,62654868.76217713,49881025.32,20.387630992674456,alta
16554325000156,AMBIENTE VERDE RESIDUOS LTDA,RJ,G,family_mature_sweet_spot,36,62493846.514973685,64132746.839999996,2.622498720147793,alta
47427364000116,FRIGORIFICO CLEUMAR LTDA,SP,C,labor_intensive_midcap,64,62463589.4379735,61322861.44,1.8262287009718638,alta
09430593000109,HOLD POINT EQUIPAMENTOS INDUSTRIAIS LTDA,SP,C,labor_intensive_midcap,104,62337417.23002927,52319338.24,16.0707315689097,alta
06128353000158,LOMBARDI COMERCIO DE PRODUTOS OPTICOS LTDA,SP,G,family_mature_sweet_spot,29,62264210.59326846,51662490.51,17.026988670140856,alta
49530660000173,ELETRO FUSI INDUSTRIA ELETROMETALURGICA LTDA,SP,C,labor_intensive_midcap,52,62246552.057317294,56370281.24000001,9.440315363823446,alta
03255517000110,METALURGICA PIRACICABA LTDA,SP,C,labor_intensive_midcap,112,62207142.54339628,48046313.28,22.763992500567845,alta
29278746000143,TRANSFORTE TRANSPORTES LTDA,RJ,H,labor_intensive_midcap,248,62151067.74021469,53266548.56,14.29503869080914,alta
28834487000127,GMB COMERCIO E SERVICOS LTDA,RJ,G,standard,38,62138606.44379663,67695677.22,8.943024464556753,alta
10313426000159,FORM & ART INDUSTRIA E COMERCIO DE ARTEFATOS METALICOS LTDA.,SP,C,labor_intensive_midcap,93,62033489.0699693,61310003.55,1.1662821659978855,alta
58812108000169,NATRIELLI QUIMICA LTDA,SP,C,family_mature_sweet_spot,60,61983345.96366142,66192751.2,6.791187488985198,alta
12050383000191,"MEIRELES E BARROS COMERCIO, IMPORTACAO E EXPORTACAO LTDA",RJ,G,standard,32,61902800.1816259,57006886.08,7.9090349503755055,alta
15031569000191,RIBEIRAO DISTRIBUIDOR DE GENEROS ALIMENTICIOS LTDA,SP,G,family_mature_sweet_spot,28,61861872.50120048,49881025.32,19.367094297004968,alta
01417154000146,METALURGICA VISUAL KITS LTDA,SP,C,labor_intensive_midcap,146,61574586.96434359,48572833.440000005,21.115453899630054,alta
17174313000169,ASM COMERCIO DE METAIS LTDA,SP,G,standard,30,61487956.21474272,53443955.699999996,13.082237579420546,alta
60297603000129,TRAC-VEL TRATORES E VEICULOS LTDA,SP,G,family_mature_sweet_spot,27,61417824.49929958,48099560.129999995,21.684689221532857,alta
00700428000147,DAVI ALVES DE OLIVEIRA LTDA,SP,H,standard,273,61351083.478374094,58636160.31,4.425224485776337,alta
04845049000104,ARGOS INDUSTRIAL LTDA,SP,C,labor_intensive_midcap,79,61336776.71373359,52080540.65,15.090842003213837,alta
72877954000198,RETIN INDUSTRIA E COMERCIO LTDA,SP,C,labor_intensive_midcap,80,61267418.14620026,49553404.800000004,19.119482590644708,alta
00988704000114,OTTANI INDUSTRIA E COMERCIO LTDA,SP,C,labor_intensive_midcap,103,61226687.13524506,63761087.04000001,4.139371282912382,alta
07446039000186,RM REVESTIMENTOS MONOLITICOS LTDA,SP,C,labor_intensive_midcap,97,61182486.329223804,50077171.5,18.151133593142898,alta
06956096000142,SUPERFRIO EMBALADORA LTDA,SP,N,labor_intensive_midcap,398,61118858.81671933,55214663.38,9.660185990096087,alta
01150252000160,QUALIFIX ESTAMPARIA DE METAIS LTDA,SP,C,labor_intensive_midcap,86,61110643.08781563,50154069.1,17.929076563751906,alta
02372161000131,VINIFLEX INDUSTRIA COMERCIO E SERVICOS LTDA,SP,C,labor_intensive_midcap,129,61006560.639802516,49399194.21,19.026423237223963,alta
00347742000198,REVEST CAR INDUSTRIA E COMERCIO DE CONFECCOES LTDA,SP,C,family_mature_sweet_spot,154,60872950.23757104,59302287.66,2.580230745250823,alta
30482033000186,HIBRATEC ENGENHARIA LTDA,RJ,C,labor_intensive_midcap,207,60724581.84188682,51000517.17,16.013390915076368,alta
28422470000162,RGR LOGISTICA LTDA,RJ,H,labor_intensive_midcap,338,60514589.91983426,72597150.86,19.966360106169297,alta
11125928000119,ACTUAL COMERCIO DE PRODUTOS DE LIMPEZA LTDA,RJ,G,family_mature_sweet_spot,39,60508181.80441448,69477142.41,14.822723701360943,alta
03564916000162,UPIX NETWORKS TELECOMUNICACOES LTDA,SP,J,standard,65,60409537.12433326,45510236.199999996,24.663822359154867,alta
03855423000181,TAGMA BRASIL INDUSTRIA E COMERCIO DE PRODUTOS QUIMICOS LTDA,SP,C,family_mature_sweet_spot,49,60387727.53780501,52463983.46,13.121447686277726,alta
09335661000142,CONFORMETAL ESTAMPARIA DE METAIS LTDA,SP,C,labor_intensive_midcap,84,60283364.06327643,48987695.4,18.7376216287796,alta
02291154000105,ANTONIO FRANCISCO DA SILVA COMERCIO DE PRODUTOS ALIMENTICIOS LTDA.,SP,G,family_mature_sweet_spot,30,60248048.27884713,53443955.699999996,11.293465553200377,alta
58303059000139,NUTRYENERGE REFEICOES E SERVICOS LTDA,RJ,M,recent_startup,247,60193708.46317791,57932493.97,3.756562855005283,baixa
11351295000167,TC COMERCIO DE PRODUTOS ALIMENTICIOS LTDA,RJ,G,family_mature_sweet_spot,41,60068966.27229017,73040072.78999999,21.59369025748225,alta
38221229000129,"VITALY DISTRIBUIDORA DE  PRODUTOS HOSPITALARES, ALIMENTOS E COSMETICOS  LTDA",RJ,G,standard,38,59992678.535336636,67695677.22,12.839897922087568,alta
44534048000155,CAFEEIRA BERTIN LTDA,SP,G,standard,34,59972200.0530042,60569816.46,0.9964890507061973,alta
15541985000130,LATICINIOS AURICCHIO LTDA,SP,C,labor_intensive_midcap,53,59901840.88341268,60046115.21,0.24085124006142214,alta
64989601000151,CHEMAX INDUSTRIA E COMERCIO LTDA,SP,C,labor_intensive_midcap,50,59804655.03505292,53534677.0,10.484096984386811,alta
56421176000171,KOSMETIX DISTRIBUICAO E SERVICOS DE BELEZA LTDA,SP,G,recent_startup,40,59679481.12671789,71258607.6,19.402190258149297,baixa
03305220000111,SM INDUSTRIA E COMERCIO DE FORROS  BRISES E REVESTIMENTOS METALICOS LTDA,SP,C,labor_intensive_midcap,78,59669761.242274344,51421293.3,13.823530998864697,alta
65547762000158,OVERTIME LTDA,SP,C,labor_intensive_midcap,75,59617131.09585905,49443551.25,17.064859812695175,alta
16944219000189,FORTE FIXADORES INDUSTRIA METALURGICA LTDA,SP,C,labor_intensive_midcap,84,59615030.86630808,49338135.84,17.238764917114462,alta
11379600000129,PADARIA E CONVENIENCIA SILVEIRA LTDA,SP,C,labor_intensive_midcap,187,59575337.70082437,47028209.25,21.060943899023425,alta
71844781000149,POLIPOX INDUSTRIA E COMERCIO LTDA,SP,C,capital_intensive,59,59564115.06380428,63170918.86,6.055330113327737,alta
48297527000156,ENGEREUS DO BRASIL - ENGENHARIA INDUSTRIA E COMERCIO DE ELETRONICOS LTDA,SP,C,labor_intensive_midcap,98,59550504.011625014,52945247.74,11.091856200470751,alta
08100585000123,"WIVO INOX IMPORTACAO, EXPORTACAO, INDUSTRIA E COMERCIO DE INOX LTDA",SP,C,labor_intensive_midcap,50,59493616.675737284,62748288.0,5.470622742607675,alta
38950820000117,CEREALISTA ALVES ROSSI LTDA,SP,G,family_mature_sweet_spot,31,59329887.479650185,55225420.89,6.918042093132222,alta
25136214000110,SPAGNHOL MUDAS E FLORES LTDA,SP,G,family_mature_sweet_spot,26,59016823.4581456,46318094.94,21.51713320719722,baixa
46833430000276,EXECUTIVA TRANSPORTES E TURISMO LTDA,SP,H,labor_intensive_midcap,255,58754532.77531886,54770039.85,6.781592393144914,alta
53840062000178,PRIMEFER METAIS LTDA,SP,G,family_mature_sweet_spot,30,58713291.99782161,53443955.699999996,8.974690599902175,baixa
24650506000104,ALCA TRADE SP DISTRIBUIDORA LTDA,SP,G,family_mature_sweet_spot,25,58681278.02326775,44536629.75,24.104192597269694,alta
23843944000126,RECICLAGEM DE PLASTICOS JACARE LTDA,RJ,G,standard,29,58653833.25559383,51662490.51,11.919668941547082,alta
00905494000153,AUTO SOCORRO LUCCA JUNIOR LTDA,SP,H,labor_intensive_midcap,255,58577756.62775346,54770039.85,6.500277574558745,alta
01610405000104,INDUSTRIA E COMERCIO DE LATICINIOS FLORESCER LTDA,SP,C,labor_intensive_midcap,60,58501562.55259732,67976734.2,16.196441999106924,alta
07332161000121,JP COMERCIAL DE PRODUTOS ALIMENTICIOS LTDA,RJ,G,family_mature_sweet_spot,30,58388042.143749535,53443955.699999996,8.467635259249407,alta
10364979000130,MILENIO COMPONENTES PLASTICOS LTDA,SP,C,standard,130,58243307.91799412,49782133.699999996,14.527289950473548,alta
04591902000109,METALURGICA CONFOR LTDA,SP,C,labor_intensive_midcap,111,58223328.778003484,71487553.11,22.781631710840415,alta
07672896000102,JT ATIVA EQUIPAMENTOS DE SEGURANCA LTDA,SP,C,family_mature_sweet_spot,178,58058951.98796656,51655528.8,11.029174603933175,alta
00788698000151,MOINHO HORTOLANDIA LTDA,SP,C,labor_intensive_midcap,50,58048321.28439771,57120825.5,1.5977994951027117,alta
24854443000108,DELTA INDUSTRIA DE CAIXAS DE PAPELAO LTDA,SP,C,labor_intensive_midcap,101,57893014.075979844,63977484.44,10.50985245997865,alta
03491105000189,LONG WAY INDUSTRIA E COMERCIO DE PRODUTOS ALIMENTICIOS LTDA,SP,C,labor_intensive_midcap,82,57781464.52039974,55760289.46,3.4979644029032273,alta
10763485000129,GIROTTO SERVICOS GERAIS LTDA,SP,G,labor_intensive_midcap,129,57663833.69511593,49072601.04,14.898823239086168,alta
07086567000171,FIC ITAPEVI COMERCIAL DE CIMENTO LTDA,SP,G,standard,29,57543020.78028112,51662490.51,10.219363166099658,alta
00384369000145,ROSSINI MURTA INDUSTRIA METALURGICA LTDA,SP,C,labor_intensive_midcap,105,57539961.61041701,64999166.400000006,12.963520622566053,alta
18408874000148,INOBAG INDUSTRIA E COMERCIO DE MAQUINAS LTDA,SP,C,standard,71,57508448.310259424,53270130.63,7.369904431073499,alta
15651641000183,TANTUS COMERCIO DE PERFUMES E COSMETICOS LTDA,SP,G,family_mature_sweet_spot,30,57449114.4479882,53443955.699999996,6.9716631604727155,alta
21523044000176,BRAINWALK SERVICOS E COMERCIO DE INFORMATICA LTDA,RJ,J,labor_intensive_midcap,112,57384870.23320061,47445586.72,17.320390327292465,alta
07225951000108,SUPRIBEM DISTRIBUIDORA LTDA,RJ,G,family_mature_sweet_spot,31,57274052.694914185,55225420.89,3.576893389798655,alta
11472570000109,DANBRU INDUSTRIA E COMERCIO DE PRODUTOS ELETRICOS LTDA,SP,C,labor_intensive_midcap,150,57229283.512712784,66774991.5,16.67976148114235,alta
60683406000148,KONIG DO BRASIL LTDA,SP,C,family_mature_sweet_spot,47,57178962.191435724,58150654.589999996,1.6993879590032364,alta
06206618000199,NEWTEC FILTROS E PECAS LTDA,SP,C,labor_intensive_midcap,75,57164325.75941002,48302400.75,15.502544448276346,alta
74575804000155,"F.H.O.M. - INDUSTRIA, COMERCIO E EMBALAGENS DE PRODUTOS ALIMENTICIOS LTDA",SP,C,labor_intensive_midcap,67,57025176.61767581,45560236.510000005,20.10504971258971,alta
33762477000163,MINI ELETRO LTDA,RJ,G,family_mature_sweet_spot,28,56901352.34010353,49881025.32,12.337715592667328,alta
46020863000121,COFORJA CORRENTES E ACESSORIOS BRASIL LTDA,SP,C,family_mature_sweet_spot,85,56839049.217179,49402180.2,13.0840841280844,alta
01380483000160,ODONTO MEGA IMPORT COMERCIO DE PRODUTOS ODONTOLOGICOS LTDA,SP,G,family_mature_sweet_spot,24,56745677.05296637,42755164.56,24.654763533630298,alta
63975155000163,MULTIMEAT INDUSTRIA E COMERCIO DE ALIMENTOS LTDA,SP,C,labor_intensive_midcap,79,56741609.219630934,46540072.36,17.978934682912556,alta
04774509000142,HDS MECPAR INDUSTRIA E COMERCIO LTDA,SP,C,labor_intensive_midcap,77,56724948.75820796,53117229.550000004,6.36002197831149,alta
21760064000160,KWANGJIN INDUSTRIA DE AUTO PECAS LTDA,SP,C,standard,75,56555136.04838534,48302400.75,14.592371047122526,alta
04318616000166,CAMPO VERDE ALIMENTOS LTDA,SP,G,family_mature_sweet_spot,31,56530090.53006974,55225420.89,2.3079206628472537,alta
71805063000163,DITIN INDUSTRIA TEXTIL LTDA,SP,C,labor_intensive_midcap,219,56494759.33005175,43061183.79,23.778445468845305,alta
02827605000186,DMC IMPORTACAO E EXPORTACAO DE EQUIPAMENTOS LTDA.,SP,C,labor_intensive_midcap,96,56367669.46320452,44725980.480000004,20.653131651653496,alta
30110159000120,BEIRA MAR COMESTIVEIS LIMITADA,RJ,C,labor_intensive_midcap,189,56342396.54337435,47531184.75,15.638688330538395,alta
08760173000110,FRIGOTERRA ALIMENTOS LTDA,SP,C,labor_intensive_midcap,71,56302327.78042453,68030049.41,20.829905426491123,alta
20522620000106,"SPRAYTECH INDUSTRIA, COMERCIO, IMPORTACAO E EXPORTACAO LTDA",SP,C,labor_intensive_midcap,77,56282948.769726515,50309272.86000001,10.613651275037014,alta
61950325000120,RAVEN INDUSTRIA E COMERCIO DE FERRAMENTAS LTDA,SP,C,standard,100,56235211.30379818,44965250.0,20.04075568048411,alta
01562056000100,TCHETTO - PRODUTOS ALIMENTICIOS LTDA,SP,C,labor_intensive_midcap,95,56174391.5806956,66493540.0,18.36984456606129,alta
01140868000150,CIRURGICA OLIMPIO LTDA,SP,G,family_mature_sweet_spot,24,56083091.51296209,42755164.56,23.764608179421952,alta
03386353000160,JLS MAQUINAS LTDA,SP,C,family_mature_sweet_spot,46,56056779.04299551,45601005.199999996,18.65211312796967,alta
02907725000193,PETS-RIO DISTRIBUIDORA LTDA,SP,G,family_mature_sweet_spot,24,55985824.17376443,42755164.56,23.632160120926574,alta
33403141000104,FIACAO SAO PAULO TEXTIL LTDA,SP,C,labor_intensive_midcap,148,55813235.88495991,47010089.519999996,15.772506691969298,alta
11905118000185,M.LAYER COMPOSTOS DE SEGURANCA LTDA,SP,C,labor_intensive_midcap,92,55776942.07226652,50489948.68000001,9.478815431323758,alta
27608037000153,DEJAMARO INDUSTRIA E COMERCIO DE PRODUTOS MEDICOS-HOSPITALARES LTDA,SP,C,labor_intensive_midcap,179,55752151.562976375,51945728.4,6.827401376028917,alta
64999527000154,ESTAMPO TEC INDUSTRIA E COMERCIO LTDA,SP,C,labor_intensive_midcap,94,55749732.52557709,62445320.480000004,12.010080857968394,alta
61093621000151,STO BRASIL REVESTIMENTOS E FACHADAS LTDA,SP,C,capital_intensive,61,55663774.28361545,57818920.15,3.8717206910975044,alta
53268231000147,TV FRONTEIRA PAULISTA LTDA,SP,J,labor_intensive_midcap,106,55605975.19508054,48765839.54,12.301080290532678,alta
04772922000178,BWB EMBALAGENS LTDA,SP,C,family_mature_sweet_spot,117,55453099.12674386,60233268.42,8.620202240330272,alta
08906727000144,EDUMIX COMERCIO ATACADISTA LTDA,RJ,G,family_mature_sweet_spot,33,55416534.6852623,58788351.269999996,6.084495546117954,alta
05768154000141,CIRURGICA PAULISTA COMERCIO DE MATERIAL MEDICO HOSPITALAR LTDA,SP,G,family_mature_sweet_spot,25,55292344.13789745,44536629.75,19.45244781279849,alta
60637162000167,KAUFMANN INDUSTRIA E COMERCIO LTDA,SP,C,labor_intensive_midcap,80,55279649.50930359,46496169.6,15.889174383830577,alta
61158531000100,RAPHY INDUSTRIA TEXTIL LTDA,SP,G,standard,25,55232966.01105515,44536629.75,19.365855273667947,baixa
06021009000165,PLASTOW INDUSTRIA E COMERCIO DE PLASTICOS LTDA,SP,C,labor_intensive_midcap,82,55041100.622693494,42214769.32,23.303188267651002,alta
36193678000185,SEVEN TECNOLOGIA EM ADESIVOS LTDA,SP,C,labor_intensive_midcap,59,55031525.69985,55923217.85,1.620329690682066,alta
03654879000183,MOVEL - INDUSTRIA E COMERCIO LTDA.,SP,C,labor_intensive_midcap,176,55010640.30972442,43946601.6,20.11254304154789,alta
31728462000153,JOSE R DIOGO CIA LTDA,RJ,G,standard,25,54980579.35486313,44536629.75,18.995706715737516,alta
06333018000191,REYLIMP - COMERCIO DE MATERIAIS DE HIGIENE E LIMPEZA LTDA,SP,G,family_mature_sweet_spot,25,54976669.9535896,44536629.75,18.989946485305335,alta
47621270000183,CELINA ARMARINHOS LTDA,SP,G,standard,28,54915465.07069361,49881025.32,9.167617435658046,alta
03543289000183,FULANO MARKETING E TECNOLOGIA LTDA.,SP,J,standard,121,54869545.84044664,51258178.51,6.581733592160617,alta
49337413000155,IMPOL INSTRUMENTAL E IMPLANTES LTDA,SP,C,capital_intensive,114,54777697.97417045,44742373.440000005,18.320091762349048,baixa
35948181000167,BINZEL DO BRASIL INDUSTRIAL LTDA,RJ,C,labor_intensive_midcap,62,54745594.84109296,41187339.04,24.765930191182992,alta
49927823000156,"UNIAO METAIS COMERCIO, IMPORTACAO E EXPORTACAO DE SUCATAS LTDA",SP,G,standard,26,54728115.182534985,46318094.94,15.366910068956333,alta
16575298000106,CYPRIUM FUNDICAO DE METAIS LTDA.,SP,C,family_mature_sweet_spot,92,54674273.54298028,47609670.64,12.921256095751671,alta
67344440000137,RADIO E TELEVISAO DIARIO DE MOGI LTDA,SP,J,labor_intensive_midcap,96,54620259.89450968,44165288.64,19.141196462085293,alta
21786055000149,SUN VISOR BRASIL MONTAGEM AUTOMOTIVA LTDA,SP,C,capital_intensive,68,54518723.78584277,43794176.68,19.671309893405247,alta
53785291000137,PLAST LEO LIMITADA,SP,C,standard,68,54452089.61918454,51019280.04,6.304275195299564,alta
53994562000164,AGRO PECUARIA DITINHO LTDA,SP,G,family_mature_sweet_spot,29,54408046.247280195,51662490.51,5.046231075458706,alta
31424328000169,CRYSTAL RIO EXPORTACAO E IMPORTACAO LTDA,RJ,G,standard,23,54363961.45080075,40973699.37,24.63076958238024,alta
74283375000142,CONEXAO MALHAS E DESENVOLVIMENTO LTDA,SP,C,family_mature_sweet_spot,99,54361935.36503086,47278113.300000004,13.03084965144128,alta
61893624000170,DALMET LAMINACAO BRASILEIRA DE METAIS LTDA,SP,C,standard,23,54276835.26083772,46769638.65,13.831308650846076,alta
04765927000173,METAORA TECNOLOGIA LTDA,SP,J,labor_intensive_midcap,148,54145590.04115832,62695953.88,15.791431642617978,alta
54732722000160,IRRIGABRAS IRRIGACAO DO BRASIL LTDA,SP,C,family_mature_sweet_spot,48,54073020.84860685,57195179.519999996,5.773967539439936,alta
74295981000188,SESAMO REAL INDUSTRIA E COMERCIO DE PRODUTOS ALIMENTICIOS LTDA.,SP,C,family_mature_sweet_spot,51,54034325.840892896,51288443.76,5.081736540913459,alta
00104579000132,EMQUARE DISTRIBUIDORA DE MATERIAIS DE CONSTRUCAO LTDA,RJ,G,family_mature_sweet_spot,36,54024948.18512827,64132746.839999996,18.709501803194975,alta
62637418000161,HOROS INDUSTRIA DE TINTAS LTDA,SP,C,family_mature_sweet_spot,46,53999268.67170277,50747775.92,6.0213644215641935,alta
50146504000192,DHS OPORTUNIDADES PLATAFORMA MULTIVENDAS LTDA,SP,G,standard,30,53922720.895013824,53443955.699999996,0.8878728429634928,alta
00807508000104,WHITE METAL INDUSTRIA E COMERCIO LTDA.,SP,C,family_mature_sweet_spot,71,53881337.93177237,43951817.28,18.4284968282445,alta
24941579000155,J. GUEDES COMERCIO DE FRUTAS E LEGUMES LTDA,RJ,G,standard,30,53689982.9765439,53443955.699999996,0.4582368309771905,alta
51865914000156,DELLA VITA PRODUTOS ALIMENTICIOS LTDA,SP,G,standard,26,53632480.21254739,46318094.94,13.637976919135998,alta
00718857000141,OPUS LTDA,SP,C,labor_intensive_midcap,61,53541471.62230794,40214088.35,24.891701457744606,alta
07030782000150,NOVA ERA DRENAGEM E PRE-MOLDADOS LTDA.,SP,C,labor_intensive_midcap,93,53424623.117539674,48012133.5,10.131076836296327,alta
10458831000165,LCS COMPONENTES PARA CALCADOS LTDA,SP,G,standard,29,53401384.386846706,51662490.51,3.256271156286756,alta
50392117000136,CONSISTEC CONTROLES E SISTEMAS DE AUTOMACAO LTDA,SP,C,capital_intensive,92,53266598.301390044,49203501.64,7.6278508313980575,alta
08408356000170,JOVI DISTRIBUICAO DE FRIOS LTDA,SP,G,family_mature_sweet_spot,31,53240126.54688066,55225420.89,3.7289436969523067,baixa
57082984000114,JT ITONAGA COMERCIO DE LEGUMES E VERDURAS E CIA LTDA,SP,G,family_mature_sweet_spot,31,53238528.49543785,55225420.89,3.7320573102098598,alta
12991742000105,CIMENTO RIO DA PRAIA GRANDE DISTRIBUIDOR DE MATERIAIS PARA CONSTRUCAO LTDA,SP,G,family_mature_sweet_spot,24,53182247.25605549,42755164.56,19.60632209814757,alta
57103482000122,VENEZA COMERCIO E TRANSPORTE DE PRODUTOS DE HIGIENE PESSOAL LTDA,RJ,H,recent_startup,267,53175393.01229609,57347453.49,7.8458479408684045,baixa
18278900000160,OPCAO DISTRIBUIDORA DE VESTUARIOS LTDA,SP,G,standard,25,53136387.23938387,44536629.75,16.1843097285505,baixa
06247303000190,COPAJ INDUSTRIA METALURGICA LTDA,SP,C,labor_intensive_midcap,82,53135140.315769166,47821321.699999996,10.000573225534822,alta
51873883000185,INDUSTRIA E COMERCIO DE EVAPORADORES REFRIO LTDA,SP,C,labor_intensive_midcap,84,53117080.194823995,54882843.120000005,3.324284615606704,alta
13321171000164,BASSANO ALIMENTOS LTDA,SP,G,family_mature_sweet_spot,24,53087576.961561136,42755164.56,19.46295723581898,baixa
53419776000107,CAFE JAGUARI LTDA,SP,C,family_mature_sweet_spot,45,52979535.80156412,59235844.050000004,11.808914807915661,alta
09610473000185,REDE LITORAL ATACADISTA IMPORTACAO E EXPORTACAO LTDA,SP,G,standard,26,52965211.58159193,46318094.94,12.54996712578438,alta
12771410000115,ESPECIFER INDUSTRIA E COMERCIO DE EQUIPAMENTOS LTDA,SP,C,labor_intensive_midcap,63,52898542.52681597,41162132.34,22.18664187367054,alta
62627633000181,AGROPOLO IMPLEMENTOS AGRICOLAS LTDA,SP,C,family_mature_sweet_spot,49,52870268.31776876,58386745.76,10.433987981818598,alta
58526047000173,BIOMECANICA INDUSTRIA E COMERCIO DE PRODUTOS ORTOPEDICOS LTDA.,SP,C,labor_intensive_midcap,119,52817262.70827624,46704758.24,11.57292929404014,alta
11974066000107,APENAS BOA NUTRICAO INDUSTRIA DE ALIMENTOS LTDA.,SP,C,capital_intensive,62,52769566.42232688,42160218.86,20.105049712589736,alta
13815129000108,COMERCIAL VICENTINA MAXIMA MATERIAIS PARA CONSTRUCAO LTDA,SP,G,standard,31,52727184.540308096,55225420.89,4.738042380742121,alta
69193175000169,UNITEC FABRICACAO DE MATERIAIS DE FRICCAO E SINTERIZACAO LTDA,SP,C,labor_intensive_midcap,90,52634665.96398245,62085073.5,17.95472121450225,alta
04648612000146,VICPLAST EMBALAGENS CONICA LTDA,SP,C,labor_intensive_midcap,77,52617792.28297344,39640698.02,24.662939473370276,alta
05287819000103,ROCAL - ELETRONICA LTDA,SP,C,labor_intensive_midcap,115,52498414.81099558,51194160.15,2.4843696056179003,alta
64745540000187,IPR INDUSTRIA DE PREFABRICADOS RAFARD LIMITADA,SP,C,labor_intensive_midcap,102,52421161.98943248,52658469.0,0.4526931520811423,alta
39011382000194,C.C.R. INDUSTRIA DE CARNES LTDA,SP,C,labor_intensive_midcap,75,52414590.76935359,44183613.0,15.703600177998872,alta
39456481000180,NP RIO DISTRIBUIDORA DE RACOES LTDA,RJ,G,standard,34,52397600.53930928,60569816.46,15.596546094815608,alta
08037552000186,ORIEL RODRIGUES NETO LTDA,SP,G,standard,36,52380176.73115511,64132746.839999996,22.437056998042912,baixa
51007904000180,CELSO LUIS BELLINI LTDA,SP,C,labor_intensive_midcap,83,52245103.03386737,56440292.99,8.029824256281293,alta
29153937000189,Z & Z DISTRIBUIDORA LTDA,SP,G,standard,30,52161217.67690153,53443955.699999996,2.459179597846125,alta
60473139000184,TECNOROAD RODAS E PNEUS PARA TRATORES LTDA,SP,C,labor_intensive_midcap,83,52137387.004699245,53454656.83,2.526535948535405,alta
61154720000104,RAIMAR COMERCIAL E DISTRIBUIDORA LTDA,SP,G,standard,25,52074257.71093473,44536629.75,14.474767941535058,alta
35268687000125,ARR SOLUCOES AMBIENTAIS E TRANSPORTE DE RESIDUO LTDA,RJ,G,standard,28,52046356.87301543,49881025.32,4.160390242680168,alta
00379513000155,PLANTFORT ESTUFAS AGRICOLAS LTDA,SP,C,labor_intensive_midcap,54,52018480.700594,53531614.8,2.908839472100764,alta
14263626000103,HG DISTRIBUIDORA DE COSMETICOS LTDA,SP,G,standard,31,51914546.71633683,55225420.89,6.37754614665889,alta
44637163000155,EMBAVI - EMPRESA BRASILEIRA DE AZEITE E VINAGRE LTDA,SP,C,labor_intensive_midcap,93,51914387.844058305,63240328.29,21.81657323970154,alta
05007317000173,PLUMA ARTEFATOS DE PAPEL LTDA,SP,C,labor_intensive_midcap,136,51866916.18995585,53362677.68,2.8838450401911584,alta
41372258000104,MERCADO ECONOMIZANDO CENTRO LTDA,RJ,G,labor_intensive_midcap,103,51839510.08404881,39181999.28,24.41672535779532,alta
00029898000120,LUPERPLAS INDUSTRIA E COMERCIO DE PLASTICOS LTDA,SP,C,labor_intensive_midcap,84,51817156.48703803,55442418.36,6.9962578395609585,alta
02477278000180,RECIPALL EMBALAGENS LTDA,SP,C,labor_intensive_midcap,132,51794590.09609313,39124580.88,24.462032024168543,alta
05318699000156,GOPIZA COMERCIO DE FRUTAS E LEGUMES ARIRANHA LTDA,SP,G,family_mature_sweet_spot,25,51744149.73395967,44536629.75,13.929149519350153,baixa
67417378000166,INDUSTRIA E COM DE COUROS E CALCADOS PRIMAVERA LTDA,SP,C,labor_intensive_midcap,302,51718702.82625978,41918361.04,18.949318623056666,alta
15144418000140,SHOP ALI HORTIFRUTI LTDA,SP,G,family_mature_sweet_spot,23,51713861.93605926,40973699.37,20.768440344561302,alta
05426571000106,FORMALE INDUSTRIA E COMERCIO LTDA.,SP,C,family_mature_sweet_spot,71,51703212.187089324,45726272.71,11.560093124314255,alta
01601280000156,R.D.K INDUSTRIA E COMERCIO DE MOLAS LTDA,SP,C,labor_intensive_midcap,80,51701253.975232325,46988700.8,9.114968811955498,alta
32623291000160,ACOVALE MATERIAIS PARA CONSTRUCAO LTDA,SP,G,standard,22,51688921.37205165,39192234.18,24.17672271027239,baixa
68282946000121,LATICINIO TREVIZAN INDUSTRIA E COMERCIO LTDA,SP,C,labor_intensive_midcap,52,51579119.69886461,58913169.64,14.21902890928329,alta
32147992000170,CMB DISTRIBUIDORA E COMERCIO DE ALIMENTOS E BEBIDAS LTDA,SP,G,standard,22,51481604.15389597,39192234.18,23.87138119697839,alta
04798185000182,NITPAN DO CEASA DISTRIBUIDORA DE PAPEIS PARA EMBALAGENS LTDA,RJ,G,family_mature_sweet_spot,34,51434370.619119026,60569816.46,17.7613641052024,alta
06083436000178,RIGOMEL ALIMENTOS LTDA,SP,C,labor_intensive_midcap,74,51429642.44117262,53423322.46,3.8765193071443833,alta
09091054000184,STILO PAPER MANUFATURA LTDA,SP,C,labor_intensive_midcap,108,51385604.50256429,53530258.32,4.173647149229678,alta
50781434000144,MINERACAO HORICAL LTDA,SP,C,labor_intensive_midcap,71,51322099.75293396,63839272.28,24.389439612416616,alta
05669695000112,INDUSTRIA BRASILEIRA DE CACAU E GENEROS ALIMENTICIOS LTDA,SP,C,labor_intensive_midcap,63,51267908.076222666,58739235.66,14.57310794243705,alta
11043646000172,V. TRUM CRISTAIS TEMPERADOS LIMITADA,RJ,C,labor_intensive_midcap,110,51163959.283738464,60368416.900000006,17.990119891263014,alta
05376730000105,VETROEX INDUSTRIA E COMERCIO DE VIDROS DE SEGURANCA LTDA,SP,C,standard,92,51112525.25342059,50489948.68000001,1.2180508991363515,alta
13582397000119,TBA COSMETICOS IMPORTACAO E DISTRIBUICAO LTDA,SP,G,family_mature_sweet_spot,26,51105081.8309166,46318094.94,9.366948881433272,alta
01947943000199,METALDYNE COMPONENTES AUTOMOTIVOS DO BRASIL LTDA.,SP,C,capital_intensive,62,51051424.21954118,38403888.720000006,24.774109033965047,alta
08373644000137,FRIGBRASIL COMERCIAL DE CARNES E ALIMENTOS LTDA,SP,C,labor_intensive_midcap,71,50995623.47587084,41827153.64,17.978934682912556,alta
27374543000125,HIDRO VAPOR EQUIPAMENTOS INDUSTRIAIS LTDA,SP,C,labor_intensive_midcap,87,50990854.206552066,47002413.81,7.8218740568569824,alta
24953886000156,CASA DE BOLOS DISTRIBUIDORA LTDA,SP,G,family_mature_sweet_spot,23,50929843.767408915,40973699.37,19.54874325332226,alta
37735744000164,"MENELA TRADING COMERCIO, IMPORTACAO E EXPORTACAO DE COSMETICOS LTDA",SP,G,standard,26,50929252.517201476,46318094.94,9.05404526729319,alta
07397294000186,BBR IMPORTACAO E EXPORTACAO LTDA,RJ,G,family_mature_sweet_spot,28,50911180.6089323,49881025.32,2.0234362601906772,alta
20070019000111,LUMINUS IMPORTACAO E EXPORTACAO LTDA,RJ,G,family_mature_sweet_spot,28,50911180.6089323,49881025.32,2.0234362601906772,alta
00385181000111,NM ALIMENTOS LTDA,SP,C,labor_intensive_midcap,67,50899397.957525596,45560236.510000005,10.489635755576128,alta
27945909000179,FIDELFERRO INDUSTRIA E COMERCIO DE MOVEIS LTDA,SP,C,labor_intensive_midcap,124,50877534.90529394,38614485.36,24.103073327198366,alta
62624085000136,MARZITA DISTRIBUIDORA DE FRIOS LTDA,SP,G,family_mature_sweet_spot,27,50873797.69200402,48099560.129999995,5.453175677584725,alta
05305874000170,SADEL INDUSTRIA METALURGICA LTDA.,SP,C,labor_intensive_midcap,60,50854426.827181235,39554841.0,22.21947337167058,alta
22163485000177,BIO STAR DISTRIBUIDORA DE COSMETICOS LTDA,SP,G,family_mature_sweet_spot,25,50846949.936744995,44536629.75,12.41042028006637,alta
33148320000142,"ATACADAO DOS METAIS IMPORTACAO, EXPORTACAO E DISTRIBUIDORA LTDA",RJ,G,standard,25,50804778.87509244,44536629.75,12.337715592667333,alta
54362447000130,CAPUAVA INDUSTRIA E COMERCIO LTDA,SP,C,family_mature_sweet_spot,54,50799105.42109616,47265987.779999994,6.955078464096166,alta
55845549000179,BORRACHAS DAUD LTDA,SP,C,labor_intensive_midcap,98,50737759.57439939,41841719.36,17.533372165072972,alta
61479689000173,COMBUSTOL INDUSTRIA E COMERCIO LTDA.,SP,C,capital_intensive,85,50732587.10570101,42873514.65,15.491172250543192,alta
13177112000164,KMV - COMERCIO DE SUCATAS RECICLAVEIS LTDA,SP,G,family_mature_sweet_spot,24,50645499.95244396,42755164.56,15.57953895183771,alta
24562909000100,ADL DISTRIBUIDORA E ATACADISTA DE MATERIAL DE CONSTRUCAO LTDA,RJ,G,standard,27,50637755.0543293,48099560.129999995,5.0124554724159305,alta
61092680000105,ABRASIPA IND.DE ABRASIVOS LTDA,SP,C,standard,53,50428373.38439717,50236110.95,0.3812584493487858,alta
11725898000181,CLEAN-MIX PRODUTOS DE HIGIENE E LIMPEZA LTDA,RJ,G,family_mature_sweet_spot,33,50420701.46298927,58788351.269999996,16.595663218118656,alta
23972534000185,THMV SOLUCOES INDUSTRIAIS LTDA,SP,C,labor_intensive_midcap,120,50346834.75626251,53958300.0,7.173172377610627,alta
71995732000107,R3 SOLUCOES E SISTEMAS DE HIGIENE E LIMPEZA LTDA,SP,G,family_mature_sweet_spot,23,50307608.28970954,40973699.37,18.553672569679286,alta
57420598000195,HIDROCROMO HIDRAULICA E PNEUMATICA LTDA.,SP,C,labor_intensive_midcap,78,50304284.60691903,57444307.44,14.193667376195837,alta
07142530000113,STOCK FRANGO DISTRIBUIDORA DE GENEROS ALIMENTICIOS E TRANSPORTE LTDA,RJ,G,family_mature_sweet_spot,26,50296025.14757105,46318094.94,7.9090349503755135,alta
06109220000134,FONSECA & FILHO DISTRIBUIDORA DE CARNES E ALIMENTOS LTDA,SP,G,family_mature_sweet_spot,23,50288502.067294456,40973699.37,18.522728485389543,baixa
73461840000125,PERFETTO TECIDOS E CONFECCOES LTDA,SP,C,labor_intensive_midcap,72,50256090.40243217,54020414.160000004,7.490283719693511,alta
09209716000178,HORTISUL PRODUTOS AGRICOLAS LTDA.,SP,G,standard,25,50245507.89384015,44536629.75,11.361967234766531,baixa
59800151000177,J & C INDUSTRIA MECANICA LTDA,SP,C,labor_intensive_midcap,80,50245140.94686927,40245644.8,19.90141923861462,alta
02358172000167,TAMAGO COMERCIO DE PRODUTOS HORTIFRUTIGRANJEIROS LTDA,SP,G,family_mature_sweet_spot,25,50206706.899039276,44536629.75,11.293465553200372,alta
54542238000178,ABCCO-REJUNTABRAS INDUSTRIA E COMERCIO LTDA,SP,C,family_mature_sweet_spot,55,50188648.94424343,52131813.25,3.871720691097518,alta
47363577000121,TILA INDUSTRIA DE ARTEFATOS DE BORRACHA LTDA,SP,C,family_mature_sweet_spot,96,50178568.50973482,40987806.72,18.316109970239143,alta
06003796000112,AM COMERCIO DE EQUIPAMENTOS E MONTAGENS INDUSTRIAIS LTDA,SP,C,labor_intensive_midcap,90,50147444.30281573,45276350.4,9.713543672139286,alta
73134678000130,COMERCIAL S.S. ARARAQUARA LTDA,SP,G,family_mature_sweet_spot,25,50099295.80130996,44536629.75,11.103281917117306,baixa
02755014000140,TECNOLOGIA EM CABOS DE ACO BRASCABO LTDA,RJ,C,family_mature_sweet_spot,99,50089689.511924766,57539009.88,14.871963553101661,alta
00905494000153,AUTO SOCORRO LUCCA JUNIOR LTDA,SP,H,labor_intensive_midcap,218,50078238.99941277,46823014.46,6.500277574558759,alta
05553426000196,FAZENDA FRUTIFIQUE DE TERESOPOLIS HORTIFRUTIGRANJEIROS LTDA,RJ,G,family_mature_sweet_spot,35,50062725.284448706,62351281.65,24.54631923398018,alta
51467173000155,ORGANIZACAO INDUSTRIAL CENTENARIO LTDA,SP,C,labor_intensive_midcap,56,50020324.84150507,55514267.199999996,10.983419991579595,alta
68620541000156,PARAFUSOS SIAM LTDA,RJ,G,family_mature_sweet_spot,22,49763212.73287066,39192234.18,21.242556443483185,alta
11679253000150,ITABOX INDUSTRIA E COMERCIO DE MOVEIS DE MADEIRA LTDA,SP,C,labor_intensive_midcap,156,49761964.9461934,38952669.6,21.722002653796462,alta
20556808000167,ARJ - COMERCIO DE MAQUINAS E EQUIPAMENTOS LTDA,SP,C,labor_intensive_midcap,82,49743966.75232371,53576108.760000005,7.70373224708157,alta
43405547000180,SOFT SPUMA INDUSTRIA E COMERCIO LTDA,SP,C,family_mature_sweet_spot,69,49732821.9713413,51769563.57,4.095367039160541,alta
51596814000171,PORT PERFIL UNIPESSOAL LTDA,SP,G,standard,27,49698647.97173932,48099560.129999995,3.217568096920128,alta
28714895000145,ANGSTAHL INDUSTRIA E COMERCIO LTDA,SP,C,labor_intensive_midcap,69,49673742.166711755,45488067.15,8.426333177524794,alta
29910013000180,"IMEX SOLUTIONS - VALVULAS, TUBOS E CONEXOES INDUSTRIAIS LTDA",SP,G,standard,24,49655204.936962865,42755164.56,13.895905546503018,alta
01183676000120,TECMAN CONSTRUCAO MONTAGEM & MANUTENCAO LTDA,RJ,C,labor_intensive_midcap,180,49651543.29923548,39958506.0,19.522126917220575,alta
52769676000148,REFRIGERANTES MOGI INDUSTRIA E COMERCIO DE BEBIDAS LTDA,SP,C,labor_intensive_midcap,71,49626565.53775996,54007420.19,8.827640205943174,alta
29289141000158,ALFA DISTRIBUIDORA DE ALIMENTOS LTDA,SP,G,standard,25,49280790.40379677,44536629.75,9.626794974114826,alta
50115500000147,TCI TRANSPORTE COLETIVO DE ITATIBA LTDA,SP,H,labor_intensive_midcap,210,49160208.04608974,45104738.7,8.24949589775447,alta
00817307000180,ATLANTICA EMPRESA DE COMERCIO EXTERIOR LTDA,SP,G,family_mature_sweet_spot,21,49124567.86662073,37410768.99,23.845092965347067,alta
08633621000114,"NATURALLE IMPORTADORA, EXPORTADORA E DISTRIBUIDORA DE PRODUTOS ALIMENTICIOS LTDA",SP,G,family_mature_sweet_spot,24,49117694.40408444,42755164.56,12.953641088567364,alta
60890142000101,MAVI MAQUINAS VIBRATORIAS LIMITADA,SP,C,family_mature_sweet_spot,71,49060688.93950695,41265350.52,15.889174383830587,alta
06928096000139,NATUICE INDUSTRIA E COMERCIO DE SORVETES LTDA,SP,C,labor_intensive_midcap,109,48951971.935814366,40253896.199999996,17.76859111461179,alta
24238839000120,TROLLY COMERCIO DE PECAS PARA BICICLETAS LTDA,SP,G,family_mature_sweet_spot,25,48859088.10055654,44536629.75,8.846784740764129,baixa
07436142000145,VIC-VERO COMERCIO DE ALIMENTOS LTDA,SP,C,labor_intensive_midcap,68,48840878.821960814,40059809.12,17.978934682912577,alta
30108797000106,CAGEO COMERCIO DE PLASTICOS LTDA,SP,G,standard,21,48840257.373263165,37410768.99,23.401777545750726,baixa
13519952000168,"ODEM ORGANIZACAO, DISTRIBUICAO DE EQUIPAMENTOS E MATERIAIS DE CONSTRUCAO DO BRASIL LTDA",RJ,G,family_mature_sweet_spot,24,48772587.72008874,42755164.56,12.33771559266733,alta
11210039000150,NORPACK EMBALAGENS ESPECIAIS LTDA,SP,C,labor_intensive_midcap,84,48737032.82252945,43244397.84,11.269941283726222,alta
61954988000112,PEXTRON CONTROLES ELETRONICOS LTDA,SP,C,capital_intensive,84,48634720.188225694,44924936.28,7.627850831398058,alta
49550350000110,JULIA DISTRIBUIDORA DE BIJUTERIAS LTDA,RJ,G,standard,28,48550481.513289936,49881025.32,2.7405367881796368,alta
30714715000177,FRIGORIFICO NOVA ALIANCA LTDA,RJ,C,standard,57,48518818.813585326,54615673.47,12.565958540415965,alta
02012098000122,3 V ARMARINHOS RIO PRETO LTDA,SP,G,family_mature_sweet_spot,27,48517670.59781168,48099560.129999995,0.8617694597863477,baixa
27189496000140,CSX INDUSTRIA E COMERCIO DE CAFE LTDA,SP,C,standard,37,48509337.09373988,48705027.330000006,0.4034073602819391,alta
10247643000198,VIASUPRI SUPRIMENTOS DE ESCRITORIO E LIMPEZA LTDA,SP,G,standard,26,48499349.95022505,46318094.94,4.497493291072304,alta
67689489000121,CONCREFER INDUSTRIA E COMERCIO DE POSTES E ARTEFATOS DE CIMENTO LTDA,SP,C,labor_intensive_midcap,94,48413948.65484822,48528393.0,0.236387132906007,alta
55223135000108,BEBIDAS FERRARI LTDA,SP,C,labor_intensive_midcap,53,48411116.22701778,40315398.17,16.722849394866127,alta
27267353000109,ELBRANDS DO BRASIL LTDA -,RJ,G,standard,25,48361562.64189524,44536629.75,7.909034950375513,alta
18590054000110,EMPORIO DO QUEIJO LENCOIS LTDA,SP,G,standard,29,48309818.29654589,51662490.51,6.9399396058043505,baixa
18351514000157,"PLACE RESINAS TERMOPLASTICAS COMERCIO, IMPORTACAO E EXPORTACAO LTDA.",SP,G,standard,21,48236915.0236626,37410768.99,22.443694892908955,alta
01091850000105,ONSET TECNOLOGIA LTDA,SP,J,labor_intensive_midcap,88,48165124.25229547,37278675.28,22.602347946349667,alta
08491785000154,KAFRE RJ ALIMENTOS LTDA,RJ,G,family_mature_sweet_spot,25,48109484.72343164,44536629.75,7.426508502369153,alta
29156551000120,TRANSA TRANSPORTE COLETIVO LTDA,RJ,H,labor_intensive_midcap,266,48092508.862512074,57132669.02,18.797439292119567,alta
26906746000152,L C RAIMUNDO PRODUTOS ALIMENTICIOS LTDA,RJ,G,standard,27,48070379.07036468,48099560.129999995,0.060704866904843904,alta
19455461000187,BELLESA COMERCIAL LTDA,SP,G,family_mature_sweet_spot,22,48052207.927914284,39192234.18,18.4382240275111,baixa
02967531000183,FERRAMENTARIA E ESTAMPARIA ROSTH LTDA,SP,C,labor_intensive_midcap,78,48046851.53221487,45488574.3,5.324547084005244,alta
01752308000156,BIG BAGS SAO JOSE EMBALAGEM COMERCIAL LTDA,SP,G,standard,29,48037705.82381891,51662490.51,7.545707323066593,alta
03737138000166,MACPAN - COMERCIO DE PRODUTOS ALIMENTICIOS LTDA,SP,G,family_mature_sweet_spot,22,47930759.70648501,39192234.18,18.231560651233934,alta
06101534000190,FLORESTA URBANA FLORES E PLANTAS LTDA,RJ,G,family_mature_sweet_spot,29,47888873.48275469,51662490.51,7.87994528333231,alta
00644000000124,CCI QUIMICA IMPORT EXPORT E REPRESENTACOES LTDA,SP,C,standard,19,47875317.820215195,38065968.0,20.489367521385372,alta
23299627000190,DISTRIBUIDORA DE CARNES SATELITE LTDA,SP,G,standard,25,47848120.925301924,44536629.75,6.92083850162404,baixa
61793667000183,GRAMATURA PAPEIS E ARTEFATOS LTDA,SP,C,labor_intensive_midcap,64,47825450.93689089,58375128.96,22.05871103448698,alta
55296545000189,PRE-MOLDADOS PANORAMA LTDA,SP,C,labor_intensive_midcap,96,47808304.43186923,49560912.0,3.6659061411148324,alta
39539512000166,ATHOMIC INDUSTRIA COMERCIO IMPORTACAO EXPORTACAO LTDA,RJ,C,labor_intensive_midcap,192,47768568.0978251,37542318.72,21.407904371097747,alta
11822127000102,TRANSFAGA LTDA,SP,H,labor_intensive_midcap,204,47739297.96316897,43816031.88,8.218105943233143,alta
10765131000113,AMIGOLD IMPORTACAO E EXPORTACAO DE ARTIGOS PARA PRESENTES LTDA,RJ,G,family_mature_sweet_spot,28,47681729.78656188,49881025.32,4.612449135723155,alta
48747174000149,PUMA LAJES ALVEOLARES LTDA,SP,C,labor_intensive_midcap,73,47663845.739905275,37686943.5,20.931802889653074,alta
17008465000191,DISTRIBUIDORA DE CIMENTO E ACO JUNDIAI LTDA,SP,G,family_mature_sweet_spot,23,47642355.820456386,40973699.37,13.997327242984573,baixa
31239283000152,RHOFERACO COMERCIO DE FERRO E ACO LTDA,SP,G,standard,22,47609745.806988984,39192234.18,17.680228038002497,alta
55456296000141,GLAD EMBALAGENS COMERCIO ATACADO E VAREJO LTDA,RJ,G,recent_startup,33,47596857.562933646,58788351.269999996,23.513093679070522,baixa
64815806000110,SUZAQUIM INDUSTRIAS QUIMICAS LTDA,SP,C,family_mature_sweet_spot,44,47525731.84755209,47110515.760000005,0.8736658467121997,alta
00308823000189,COMERCIAL J SANTOS-FRIOS E LATICINIOS LTDA,SP,G,family_mature_sweet_spot,23,47508759.519460104,40973699.37,13.755484705474736,alta
43198191000150,INDUSTRIA BRASILEIRA DE REBITES LTDA.,SP,C,labor_intensive_midcap,78,47495972.631670006,45813983.28,3.5413304717723895,alta
32088029000163,LIONS CARRINHOS E EQUIPAMENTOS LTDA,SP,C,labor_intensive_midcap,71,47358900.257718496,46806561.85,1.1662821659978795,alta
05676719000160,FRIGORIFICO SUIBA LTDA,SP,C,family_mature_sweet_spot,70,47315664.65629092,36481855.199999996,22.896876827134456,alta
09441727000189,EMG DESTAK COMERCIO DE PRODUTOS ALIMENTICIOS LTDA,SP,G,family_mature_sweet_spot,24,47309558.78764489,42755164.56,9.62679497411481,alta
35206818000140,WASH ME LTDA,SP,G,labor_intensive_midcap,60,47301991.66043086,42940891.2,9.219697326358068,alta
49945671000114,HARASPACK COMERCIO DE EMBALAGENS LTDA,SP,G,standard,26,47276838.854296625,46318094.94,2.0279357451360016,alta
48837983000141,DAN AGRO COMERCIAL LTDA,SP,G,family_mature_sweet_spot,21,47217004.37640193,37410768.99,20.76844034456129,alta
51788974000112,FAKRI PRODUTOS ALIMENTICIOS LTDA,SP,G,family_mature_sweet_spot,26,47152133.2053512,46318094.94,1.7688240354236033,alta
03721257000120,NOVATREF TREFILADOS DE PRECISAO LTDA,SP,C,labor_intensive_midcap,61,47128473.01889943,52654020.870000005,11.724436412112736,alta
50110914000183,MPLOG ARMAZENAGEM E LOGISTICA LTDA,SP,H,labor_intensive_midcap,201,47045009.25963847,43171678.47,8.233244823615196,alta
06048400000153,ENGEBAG INDUSTRIA DE EMBALAGENS LTDA,SP,C,labor_intensive_midcap,184,47026304.121399,36864234.4,21.60933101433081,alta
02825366000125,ICQL QUIMICA LTDA,RJ,C,family_mature_sweet_spot,43,47021392.53993482,46039822.22,2.0874973430469637,alta
26726882000160,CAMINHO NOVO COMERCIO DE ALIMENTOS E SERVICOS LTDA,SP,G,standard,20,46914819.92314909,35629303.8,24.055332923873166,alta
15712657000159,VILT BRASIL SISTEMAS DE INFORMACAO LTDA.,SP,J,labor_intensive_midcap,96,46829334.19462004,40667645.76,13.157753661438832,alta
74648007000150,TECHNOUSI ALMAR INDUSTRIA E COMERCIO DE AUTO PECAS E USINAGEM LTDA,SP,C,family_mature_sweet_spot,73,46788602.87607912,47014336.730000004,0.4824547860912767,alta
73169021000109,ENVESP VEICULOS ESPECIAIS LTDA,SP,C,labor_intensive_midcap,68,46639691.89842648,37583255.919999994,19.417872652653674,alta
30079273000134,SUCATAS RIO PRETO FZ COMERCIO DE SUCATAS E METAIS LTDA,SP,G,standard,20,46577357.92980729,35629303.8,23.505099079055018,alta
29810616000100,"AGUA LIMPA DISTRIBUIDORA DE HORTIFRUTI, ALIMENTOS E SERVICOS DE TRANSPORTES LTDA.",SP,G,standard,23,46562796.79124139,40973699.37,12.003354193476458,baixa
21969045000149,ACOMIX METALURGICA LTDA,SP,C,labor_intensive_midcap,173,46497990.81218533,40333145.61,13.258304486932293,alta
52072600000169,KLD - BIOSISTEMAS EQUIPAMENTOS ELETRONICOS LTDA,SP,C,labor_intensive_midcap,96,46473783.27429696,44725980.480000004,3.7608360481028593,alta
01324068000199,CORDALUX INDUSTRIA E COMERCIO DE UTENSILIOS DOMESTICOS LTDA,SP,C,labor_intensive_midcap,150,46471923.36792314,34970935.5,24.74825020016624,alta
04455547000132,GRANDGRAAL PRODUTOS ALIMENTICIOS LTDA,RJ,G,standard,24,46427100.136219434,42755164.56,7.909034950375513,alta
22778703000188,ALUMIHELIO COMERCIO DE PERFILADOS DE ALUMINIO LTDA.,SP,G,family_mature_sweet_spot,26,46397834.615337715,46318094.94,0.17186076893199975,alta
06332953000133,BESS - COMERCIO DE TECIDOS LTDA,SP,G,family_mature_sweet_spot,20,46353178.57115815,35629303.8,23.13514434548563,baixa
34756077000108,FIC CAJAMAR COMERCIAL DE CIMENTO LTDA,SP,G,standard,21,46330121.05024042,37410768.99,19.251734849922506,baixa
53224085000158,OLIMPLASTIC INDUSTRIA DE PLASTICOS LTDA,SP,C,standard,79,46219639.895448394,40670326.54,12.006396778515098,alta
26055311000141,BLUESTAR INDUSTRIA PLASTICA LTDA.,SP,C,labor_intensive_midcap,92,46215298.27316677,35230433.08,23.76889385899459,alta
40065306000140,NTR LOG TRANSPORTES LTDA,SP,H,labor_intensive_midcap,189,46211738.008267626,40594264.83,12.155944399370178,alta
26644253000191,AGRO COMERCIAL SANTA CLARA LTDA,SP,G,family_mature_sweet_spot,23,46190170.34711613,40973699.37,11.293465553200367,alta
02198997000161,RIBERBAO ATACADO DE MATERIAIS PARA CONSTRUCAO LTDA,SP,G,family_mature_sweet_spot,20,46172911.46405178,35629303.8,22.83505053013731,alta
02413910000121,A A M AUTOMACAO E MANUTENCAO LTDA,SP,C,labor_intensive_midcap,80,46050412.15835026,52269374.400000006,13.50468312914344,alta
18344869000119,ENTREPOSTO DE CARNES E DERIVADOS SAO JOSE LTDA,SP,G,standard,32,45950286.00870125,57006886.08,24.06209195129938,alta
61092441000155,METALURGICA ROCHA LTDA,SP,C,labor_intensive_midcap,69,45877453.554127656,45488067.15,0.848753306824772,alta
59164376000184,AGRO INDUSTRIAL K K LTDA,SP,C,labor_intensive_midcap,58,45877054.05709148,56189648.900000006,22.47876428611799,alta
23917563000144,SANTANA & BRITO DISTRIBUIDORA DE ALIMENTOS LTDA,SP,G,family_mature_sweet_spot,28,45852786.17650399,49881025.32,8.785156757955457,baixa
58901463000104,COMERCIO DE RESIDUOS TEXTEIS VIRGEFLEX LTDA,SP,G,family_mature_sweet_spot,21,45848943.493734136,37410768.99,18.40429432117083,alta
18540483000182,NATURALY DISTRIBUIDORA DE ALIMENTOS LTDA,SP,G,family_mature_sweet_spot,21,45825280.92700563,37410768.99,18.362161162544698,alta
30262709000126,VTZZ INDUSTRIA E COMERCIO LTDA,SP,C,labor_intensive_midcap,110,45766752.94785317,50832150.6,11.067854557910993,alta
57550766000167,PLASTIFAMA INDUSTRIA E COMERCIO DE EMBALAGENS LTDA,SP,C,labor_intensive_midcap,86,45745848.50211134,44274026.36,3.217389534360498,alta
17792964000112,SPAGNHOL & SPAGNHOL FLORES E PLANTAS LTDA,SP,G,standard,21,45738779.61609812,37410768.99,18.207767448100014,baixa
66995473000184,ADCON CONSTRUTORA E TERRAPLENAGEM LTDA,SP,M,labor_intensive_midcap,158,45723456.25427938,37058032.58,18.951812448492152,alta
08951491000168,SUPPLYTECH SOLUCOES TECNICAS LTDA.,SP,C,labor_intensive_midcap,77,45691127.661367886,41599837.51,8.954233263161719,alta
04834720000103,BUONO GEL INDUSTRIA E COMERCIO DE ALIMENTOS SUPERGELADOS LTDA.,SP,C,labor_intensive_midcap,50,45633747.29922971,36096839.5,20.898804861880567,alta
14016443000185,VECTORA INDUSTRIA DE EQUIPAMENTOS ELETROELETRONICOS LTDA,SP,C,labor_intensive_midcap,95,45588674.673687324,47791703.2,4.832403095903583,alta
72717663000132,GONEL INDUSTRIA E COMERCIO LTDA,SP,C,labor_intensive_midcap,99,45477560.617523745,37911009.51,16.637988064399718,alta
55390470000109,BERMAR-INDUSTRIA E COMERCIO LIMITADA,SP,C,family_mature_sweet_spot,87,45477274.76427884,40963426.26,9.925503512854169,alta
57418857000143,TECNOLOGIA QUANTUM INDUSTRIA ELETRONICA LTDA,SP,C,family_mature_sweet_spot,79,45443217.296636365,35168162.19,22.6107562753857,alta
07283231000107,RECICLA AMBIENTAL COMERCIO DE SUCATAS LTDA,SP,G,family_mature_sweet_spot,25,45440423.214351095,44536629.75,1.9889635712408094,alta
07443881000164,HYGICARE DISTRIBUIDORA DE PRODUTOS DE HIGIENE LTDA,RJ,G,family_mature_sweet_spot,20,45401306.92142657,35629303.8,21.523616353904565,alta
03920438000186,"MIRASSOL, COMERCIAL, INDUSTRIAL, IMPORTADORA E EXPORTADORA LTDA.",SP,C,labor_intensive_midcap,88,45396301.21291227,51145786.56,12.665096480266508,alta
56583842000178,SOFT METAIS LTDA,SP,C,capital_intensive,77,45388815.275708124,55896255.800000004,23.149845309832116,alta
48658108000100,TATU PREMOLDADOS LTDA,SP,C,standard,88,45293102.667559326,45430836.0,0.30409339243461514,alta
17323986000133,SETE BELO INDUSTRIA E COMERCIO DE EMBALAGENS LTDA,SP,C,labor_intensive_midcap,76,45273523.36410166,48141473.44,6.334718093030932,alta
59976621000158,BRENTAN FERRAMENTAS LTDA,SP,G,standard,20,45265705.92158832,35629303.8,21.288527209276296,alta
02053661000100,RODA DE OURO INDUSTRIA E COMERCIO DE CARROCERIAS LTDA,SP,C,labor_intensive_midcap,65,45264430.50140619,35925171.099999994,20.63266741225445,alta
03749582000100,ANTAB - PARTICIPACOES E SERVICOS LTDA.,SP,G,family_mature_sweet_spot,31,45262389.49060631,55225420.89,22.01172211966716,baixa
46253225000150,LDA INDUSTRIA E COMERCIO LTDA,SP,C,labor_intensive_midcap,79,45259906.376542605,43662900.26,3.5285228017402774,alta
04067692000146,OMEGA DE VOLTA REDONDA COMERCIO DE MATERIAIS DE CONSTRUCAO LTDA,RJ,G,family_mature_sweet_spot,28,45187539.75996669,49881025.32,10.386680896912752,baixa
36245791000167,JCR RJ COMERCIO E SERVICOS LTDA,RJ,G,standard,104,45153997.03996054,39562407.04,12.38337769967978,alta
03869017000178,BAMBOZZI REFORMA DE MAQUINAS LTDA,SP,C,labor_intensive_midcap,58,45111130.039881214,40977950.62,9.162216544403153,alta
05273303000100,MEGA BELL INDUSTRIA E COMERCIO LTDA,SP,C,labor_intensive_midcap,76,45097736.39303843,41059579.88,8.954233263161699,alta
58613142000104,HERBICAT LTDA,SP,C,family_mature_sweet_spot,55,45002314.496949844,54522941.0,21.155859669607533,alta
12072628000181,LIDERFLEX PAPEIS E PLASTICOS LTDA,SP,G,standard,29,44995270.827136,51662490.51,14.817600961839508,baixa
16501539000164,VIOLETA COMERCIO DE PRODUTOS NATURAIS LTDA,SP,G,family_mature_sweet_spot,22,44935083.70877977,39192234.18,12.780324536610765,baixa
08357338000107,PROMOVE DISTRIBUIDORA LTDA,RJ,G,standard,27,44934524.55453087,48099560.129999995,7.043660986394013,alta
46530168000100,PAVAO INDUSTRIA E COMERCIO LTDA,SP,C,labor_intensive_midcap,68,44916303.94612922,35007369.68,22.06088523671402,alta
09559919000194,STATION NET PROVEDOR DE INTERNET E COMERCIO E SERVICOS DE INFORMATICA LTDA,RJ,J,labor_intensive_midcap,80,44867441.46458421,56012598.4,24.840188278204227,alta
00426370000195,S C DOCES E CONFEITOS LTDA,SP,C,standard,49,44817831.5857339,49277132.24,9.949835805277019,alta
39061296000196,FLOC TEXTIL INDUSTRIA E COMERCIO LTDA,RJ,C,labor_intensive_midcap,201,44807407.26165172,39302114.910000004,12.286567530015068,alta
56995236000160,"EFRARI INDUSTRIA E COMERCIO, IMPORTACAO E EXPORTACAO DE AUTOPECAS LTDA",SP,C,labor_intensive_midcap,57,44780517.34701106,36709824.57,18.022776991319752,alta
12567369000160,DOCE FESTA DOCERRANO LTDA,SP,G,family_mature_sweet_spot,20,44761353.7534695,35629303.8,20.401639333264505,alta
55567911000197,T.C. AUTO TECNICA LTDA,SP,C,labor_intensive_midcap,84,44754090.67189017,37393995.24,16.445637306877533,alta
48112452000191,POLICON PRODUTOS ELETRICOS LTDA,SP,C,family_mature_sweet_spot,84,44754090.67189017,37393995.24,16.445637306877533,alta
11005033000140,TERRA DO SOL COMERCIO ATACADISTA DE FRUTAS E LEGUMES LTDA,RJ,G,family_mature_sweet_spot,25,44741652.480453245,44536629.75,0.4582368309771655,alta
57305575000130,PLASNORTHON INDUSTRIA E COMERCIO LTDA,SP,C,labor_intensive_midcap,89,44708277.67730262,34081614.61,23.768893858994566,alta
08383142000197,FRANCO & SIQUEIRA COMERCIO DE CARNES LTDA,SP,G,family_mature_sweet_spot,23,44608988.452655874,40973699.37,8.149230029087207,baixa
57761975000150,DALFERINOX INDUSTRIA E COMERCIO LTDA,SP,C,family_mature_sweet_spot,37,44602434.63663901,46433733.12,4.105826281188374,alta
25176789000167,DI RABANEDA INDUSTRIA E COMERCIO DE SALGADOS E CHOCOLATES LTDA.,SP,C,labor_intensive_midcap,79,44579288.35048086,34698219.629999995,22.165155806876587,alta
68449966000144,CEVILHA INDUSTRIA E COMERCIO DE CAIXAS DE PAPELAO LTDA,SP,C,labor_intensive_midcap,72,44498752.98754086,45607711.67999999,2.4921118413579464,alta
28680163000181,AUTO COMERCIAL BARRA MANSA LTDA,RJ,H,labor_intensive_midcap,216,44497007.827793285,46393445.52,4.26194430768485,alta
38908778000176,SHANGRI-LA INDUSTRIA E COMERCIO DE ESPANADORES LTDA,SP,C,labor_intensive_midcap,100,44495472.85843838,43018948.0,3.3183709793037144,alta
18245370000154,STAR ALIMENTOS BRASIL LTDA,RJ,G,family_mature_sweet_spot,23,44492637.63054363,40973699.37,7.909034950375528,alta
10471095000185,ENGECORP MANUTENCAO E SERVICOS LTDA,RJ,N,family_mature_sweet_spot,102,44369465.86122403,38676913.86,12.829886253372605,alta
44239382000186,PHOENIX LUFERCO LTDA,SP,C,labor_intensive_midcap,92,44246630.879977725,36107880.32,18.394057125060417,alta
22750961000156,MARMIL DISTRIBUIDORA LTDA,SP,G,family_mature_sweet_spot,25,44242733.80532314,44536629.75,0.6642807064546734,baixa
26574570000189,LATAMAX COMERCIO DE SUCATAS LTDA,SP,G,standard,21,44203477.6474321,37410768.99,15.36691006895631,alta
49286420000175,JKS INDUSTRIAL LTDA,SP,C,labor_intensive_midcap,74,44183106.28347142,42168673.559999995,4.55928270535612,alta
52232261000130,AGRO AVICOLA NAKAURA LTDA,SP,G,family_mature_sweet_spot,22,44181902.07115456,39192234.18,11.293465553200363,alta
04753484000109,RENIL DO BRASIL INDUSTRIAL LTDA,SP,C,labor_intensive_midcap,87,44179117.403772004,50564584.44,14.453586697688994,alta
10235337000131,HNDESC COMERCIO E CONFECCOES DE PRODUTOS HOSPITALARES LTDA.,SP,C,labor_intensive_midcap,126,44170909.37266693,36565149.599999994,17.21893409188764,alta
03040776000123,KGF - EQUIPAMENTOS HIDRAULICOS LTDA,SP,C,labor_intensive_midcap,57,44133685.60591216,37241929.260000005,15.615637468965271,alta
00865548000102,AMINOGEL LABORATORIOS LTDA,SP,C,labor_intensive_midcap,56,44125121.06405602,38080197.68,13.699505493210227,alta
41835769000107,CRAVINFOODS LTDA,SP,C,standard,72,44073003.84262602,42416268.48,3.7590706740612068,alta
13369547000100,OLIVEIRA SERVICOS E COMERCIO DE TELECOMUNICACOES E INFORMATICA LTDA,SP,J,labor_intensive_midcap,61,44025155.44751157,42709606.28,2.9881760873735344,alta
52176922000158,CORPRINT GRAFICA E EDITORA LTDA,SP,C,family_mature_sweet_spot,97,44021644.36897546,37877992.690000005,13.955979534706417,alta
16944219000189,FORTE FIXADORES INDUSTRIA METALURGICA LTDA,SP,C,labor_intensive_midcap,62,44001570.401322626,36416243.12,17.23876491711447,alta
07831694000158,GUANDAR DISTRIBUIDORA DE FRUTAS E LEGUMES BENFICA LTDA,RJ,G,family_mature_sweet_spot,30,43984213.52077151,53443955.699999996,21.507130449794513,baixa
07270261000170,SELECTA PET CARE INDUSTRIA E COMERCIO LTDA,SP,C,family_mature_sweet_spot,56,43964894.78645405,54252074.800000004,23.398623068502186,alta
33331467000173,BAZAR O AMIGAO AMERICAS SHOPPING LTDA,RJ,G,labor_intensive_midcap,87,43960094.29833079,33095475.12,24.71473128469456,alta
56696912000102,GULA BRASIL ALIMENTOS LTDA,SP,C,recent_startup,64,43921668.33916538,43520225.92,0.9139962900894867,baixa
09272607000103,CARVALHO & TAMBOLINI - INDUSTRIA E COMERCIO DE CARNES LTDA,SP,C,labor_intensive_midcap,62,43885499.72473434,36525120.08,16.77178040788255,alta
64121809000154,CONSCAPE CONSTRUCOES E ENGENHARIA LTDA,SP,M,labor_intensive_midcap,141,43817538.418251276,33070775.91,24.526166681638458,alta
08243343000199,TRALFER COMERCIO E TRANSPORTE DE RESIDUOS INDUSTRIAIS LTDA.,SP,G,standard,19,43675455.64684057,33847838.61,22.501464246433088,alta
48254858000109,THERMOGLASS VIDROS LTDA,SP,C,standard,72,43651519.882643364,39513872.88,9.478815431323767,alta
23107844000131,ATENTO SERVICOS E CONSERVACAO LTDA,SP,N,labor_intensive_midcap,395,43641645.8246204,33428893.45,23.401391449950513,alta
56201106000108,PLASTIMAX INDUSTRIA E COMERCIO LTDA,SP,C,family_mature_sweet_spot,91,43616741.34997851,34847493.589999996,20.105233652405424,alta
11830963000139,G R SUPERMERCADO LTDA,RJ,G,labor_intensive_midcap,86,43608114.27965458,32715067.36,24.979403717846026,alta
05295350000146,ARAUJO GUIMARAES DISTRIBUIDORA DE GENEROS ALIMENTICIOS LTDA,SP,G,standard,21,43551566.205243796,37410768.99,14.100060572573428,alta
53393690000152,QUIMESP QUIMICA LTDA.,SP,C,family_mature_sweet_spot,47,43527547.90332554,50322596.38,15.61091493544784,alta
07135696000102,VIBROMAQ SISTEMA DE VENTILACAO LTDA,SP,C,labor_intensive_midcap,65,43367174.230949946,42468866.7,2.0713997323552746,alta
34239308000106,DISTRIBUIDORA DISPAT LTDA,RJ,G,standard,29,43364831.4628619,51662490.51,19.134535445489504,baixa
62070420000100,LAMINACAO DE FERRO E ACO BUSSUCABA LTDA,SP,C,standard,14,43262308.32729744,36821391.32,14.888056731899772,alta
28133851000121,RIO SURGICAL COMERCIO DE MATERIAL HOSPITALAR LTDA,RJ,G,standard,20,43214550.1079014,35629303.8,17.552528694529922,alta
46151478000113,METALPAMA INDUSTRIA E COMERCIO LTDA,SP,C,labor_intensive_midcap,89,43182005.04216848,39835327.550000004,7.750166970941601,alta
39435160000107,GLOBEPACK INDUSTRIA E COMERCIO DE EMBALAGENS PLASTICAS LTDA,SP,G,standard,26,43068287.979975566,46318094.94,7.5457073230666065,alta
04241587000181,ATIVAONLINE EDITORA E INDUSTRIA GRAFICA LTDA,SP,C,labor_intensive_midcap,95,43010345.04867408,37097003.15,13.748650218876529,alta
67758532000163,MATSUDA EQUIPAMENTOS LTDA,SP,C,standard,42,42973146.28004346,41635700.4,3.112282892501557,alta
54503699000131,SADIO ITABORAI COMERCIO ALIMENTICIO LTDA,RJ,G,recent_startup,86,42891710.92924099,32715067.36,23.72636425259307,baixa
02723677000183,INDUSTRIA E COMERCIO DE ALIMENTOS ESPERANCA LTDA,SP,C,labor_intensive_midcap,74,42856824.16778423,43594498.16,1.721252114547214,alta
10530528000126,SEFERT - COMERCIO DE PRODUTOS AGRICOLAS LTDA,SP,G,family_mature_sweet_spot,21,42842532.04861242,37410768.99,12.678436121490499,alta
01947009000177,FRIGORIFICO MIRELLA LTDA,SP,C,family_mature_sweet_spot,39,42832618.97087872,37368618.69,12.756633640809165,alta
19680564000140,PP - PENAPOLIS PAPEIS LTDA,SP,C,labor_intensive_midcap,58,42776635.91403646,52902460.62,23.67139091141319,alta
04176770000140,DISTRIBUIDORA SEXTANTE LTDA.,SP,G,family_mature_sweet_spot,22,42759406.07396278,39192234.18,8.342426196922585,baixa
28145278000176,VERTICE ORTHO E NEURO LTDA.,SP,G,standard,19,42748379.72277467,33847838.61,20.820768343724637,alta
61360483000120,SONDEQ INDUSTRIA DE SONDAS E EQUIPAMENTOS LTDA,SP,C,family_mature_sweet_spot,51,42640143.868333474,36781695.21,13.739279765151602,alta
01008302000179,BV FILMS EDITORA LTDA,RJ,G,standard,19,42638272.94324764,33847838.61,20.616300160533886,baixa
49385957000192,FAMDE COMERCIO E ATACADO ALIMENTICIO LTDA,RJ,G,standard,28,42626671.3178072,49881025.32,17.01834503592194,baixa
05067637000119,AXT INDUSTRIAL LTDA,SP,C,labor_intensive_midcap,68,42583532.23084306,36737518.84,13.728343057950498,alta
13796623000164,ALIANCA GOURMET ALIMENTOS LTDA,SP,G,standard,19,42523286.065796025,33847838.61,20.401639333264505,alta
06283622000150,DISTRIBUIDORA MORAUKY LTDA,SP,G,family_mature_sweet_spot,24,42453874.68292128,42755164.56,0.7096875828861033,baixa
60412806000119,METALURGICA CANINDE LTDA,SP,C,standard,69,42441982.56435744,40527754.44,4.510223153347692,alta
46321980000125,PLASTICOS ALKO LIMITADA,SP,C,family_mature_sweet_spot,91,42428422.9411451,34847493.589999996,17.867572786433865,alta
66037045000149,RANGEL INDUSTRIA E COMERCIO LTDA,SP,C,labor_intensive_midcap,62,42367573.00706952,31918484.12,24.662939473370276,alta
24341188000108,SOBERANA DISTRIBUIDORA DE PRODUTOS ALIMENTICIOS LTDA,RJ,G,standard,28,42357716.98045096,49881025.32,17.76136410520241,alta
62478953000117,MARAJO INDUSTRIA E COMERCIO DE PAPEIS LTDA,SP,C,labor_intensive_midcap,64,42274168.41988632,32948112.64,22.060885236714018,alta
02243006000115,DECTECH INDUSTRIA METALURGICA LTDA,SP,C,labor_intensive_midcap,58,42157018.25516353,33824837.3,19.76463540360324,alta
11503668000178,LBG LOGISTICA LTDA,SP,H,labor_intensive_midcap,167,42092962.823349126,35869006.49,14.786215832487496,alta
51406083000154,RLX  GESTAO AMBIENTAL E RECICLAGEM  LTDA,RJ,G,standard,22,42068335.679214105,39192234.18,6.8367370678635675,alta
62385653000193,COMERCIO DE CIMENTO E CAL SOROCABA LTDA,SP,G,standard,19,41927664.441844486,33847838.61,19.270870293888084,alta
11628627000108,"AGRO TEATO COMERCIO, IMPORTACAO E EXPORTACAO DE HORTIFRUTIGRANJEIROS LTDA",SP,G,standard,19,41926280.82013878,33847838.61,19.268206127786087,alta
00913872000140,TEXTIL H. CARVALHO LTDA,SP,C,labor_intensive_midcap,93,41808523.238298856,38111294.91,8.843240664649928,alta
00623468000132,"COPEL - CONSTRUCOES, INDUSTRIA E COMERCIO LTDA",SP,C,labor_intensive_midcap,86,41791015.562907286,44398317.0,6.238904228512918,alta
73142960000160,DILEPE INDUSTRIA E COMERCIO DE MATERIAIS ORTOPEDICOS LT,SP,C,labor_intensive_midcap,92,41726293.75942995,36107880.32,13.464923273134488,alta
24838083000150,M.A. PLASTICOS COMERCIO E RECICLAGEM LTDA,SP,G,family_mature_sweet_spot,20,41672232.75802967,35629303.8,14.501092353553538,alta
07114368000120,TECLABEL SOLUCOES INDUSTRIAIS LTDA,SP,C,labor_intensive_midcap,69,41629976.90779242,34199887.26,17.847931225735643,alta
00966368000109,ARGENT INDUSTRIA DE ABRASIVOS E PESQUISAS TECNOLOGICAS LTDA,SP,C,family_mature_sweet_spot,37,41596177.192341015,35070492.550000004,15.68818358515543,alta
29567274000149,G4 CORPORATION COMERCIO DE ALIMENTOS E CESTAS BASICAS LTDA,RJ,G,standard,18,41556791.77774411,32066373.419999998,22.837225762039544,alta
49032279000184,WUTZL SISTEMAS DE IMPRESSAO LTDA,SP,C,standard,66,41452241.28116714,33202656.96,19.9014192386146,alta
32666236000158,ECO SOUZA REPRESENTACOES LTDA,RJ,G,standard,25,41447735.130428195,44536629.75,7.4525052089134345,baixa
38196311000140,SUPER 10 LOGISTICA LTDA,RJ,H,labor_intensive_midcap,190,41442981.150032945,40809049.3,1.529648284079689,alta
06346005000157,MAXSOY ALIMENTOS LTDA,SP,C,standard,62,41412083.0730762,42160218.86,1.806564005977742,alta
06010992000114,INDUSTRIA E COMERCIO DE CARNES NUTRIFRIGO LTDA,SP,C,labor_intensive_midcap,57,41366403.415261365,33579545.879999995,18.82411061240232,alta
30000985000116,EM-TEC INDUSTRIA METALURGICA LTDA,SP,C,labor_intensive_midcap,95,41330980.91990526,40004730.85,3.2088521500986884,alta
00909998000141,JWM SOLUCOES LOGISTICAS LTDA,SP,H,labor_intensive_midcap,169,41321607.00210174,36298575.43,12.155944399370178,alta
55484976000179,GRAMPOFIX INDUSTRIA E COMERCIO LTDA,SP,C,labor_intensive_midcap,54,41309834.70618992,35599356.9,13.82353099886468,alta
02666862000183,DOUPAN INDUSTRIA E COMERCIO DE PRODUTOS PARA PANIFICACAO LTDA,SP,C,labor_intensive_midcap,54,41309834.70618992,35599356.9,13.82353099886468,alta
68113158000101,VASTIN INDUSTRIA DE VALVULAS LTDA,SP,C,labor_intensive_midcap,54,41309834.70618992,35599356.9,13.82353099886468,alta
32074595000116,ALLIS INDUSTRIA DE SANEANTES LTDA,SP,C,capital_intensive,63,41308050.53419391,43158843.63,4.480465845934912,alta
47080044000132,BERNOBRE DISTRIBUIDORA LTDA,RJ,G,standard,18,41278992.296524055,32066373.419999998,22.317935501782628,alta
59284596000141,SQUADRONI PRODUTOS INDUSTRIAIS LIMITADA,SP,C,labor_intensive_midcap,91,41278396.87254383,34847493.589999996,15.579343602903634,alta
00329954000142,SALARINOX INDUSTRIA E COMERCIO DE CONEXOES LTDA,SP,C,labor_intensive_midcap,68,41251094.37997576,44428968.24,7.703732247081565,alta
11388359000102,C.V.A & DOIS IRMAOS IMPORTACAO E EXPORTACAO LTDA.,SP,G,standard,18,41192567.2098696,32066373.419999998,22.15495272089523,baixa
11693288000143,COMERCIAL PROGRESSIVE LTDA,SP,G,family_mature_sweet_spot,21,41186598.8030202,37410768.99,9.167617435658025,alta
68425628000172,NEOBAND SOLUCOES GRAFICAS LTDA,SP,C,standard,99,41159602.083175026,32755973.58,20.41717625499157,alta
00135052000175,COSTA DO SOL EMPREENDIMENTOS E COMUNICACAO LTDA,RJ,J,family_mature_sweet_spot,63,41133218.49869087,44109921.24,7.236736754270437,alta
05855407000114,DI-ON AMBIENTAL INDUSTRIA E COMERCIO LTDA.,SP,G,standard,19,40989016.01484118,33847838.61,17.422173301880488,alta
36210856000139,BENVERDE HORTIFRUTIGRANJEIROS E TEMPEROS LTDA,SP,G,standard,28,40968116.30636429,49881025.32,21.755720831741325,baixa
05985763000152,REINTECH INDUSTRIA DE EQUIPAMENTOS E PRODUTOS PARA CONTROLE DA CONTAMINACAO LTDA,SP,C,labor_intensive_midcap,75,40940661.782175824,37730292.0,7.841519023938959,alta
04042555000157,V SOARES DA SILVA JUNIOR  COMERCIO DE PRODUTOS ALIMENTICIOS LTDA,SP,G,standard,21,40935187.02154243,37410768.99,8.609751873584157,alta
33047104000100,NOSPET DISTRIBUIDORA LTDA,SP,G,standard,18,40918068.45114148,32066373.419999998,21.63272941808314,baixa
02807343000198,INDUSTRIA ALIMENTICIA UNIAO DE ITAJU LTDA,SP,C,labor_intensive_midcap,64,40886349.675205514,37703349.76,7.784994112927047,alta
33287599000145,HAMBURGAO & DISTRIBUICAO DE PRODUTOS ALIMENTICIOS LTDA,RJ,G,standard,23,40884220.627975956,40973699.37,0.2188588669409876,alta
02601566000102,VIRTUAL PLASTICOS LTDA,SP,C,labor_intensive_midcap,89,40883867.62585468,34081614.61,16.63798806439971,alta
43445965000109,CONSTRUMIX COMERCIO DE MATERIAIS PARA CONSTRUCAO LTDA,SP,G,standard,19,40870749.73982695,33847838.61,17.18322070070419,alta
43445965000109,CONSTRUMIX COMERCIO DE MATERIAIS PARA CONSTRUCAO LTDA,SP,G,standard,19,40870749.73982695,33847838.61,17.18322070070419,alta
58507435000107,AFIADORA CAMPINAS - INDUSTRIA E COMERCIO DE FACAS INDUSTRIAIS LTDA,SP,C,labor_intensive_midcap,88,40837961.26736402,39569420.0,3.1062796182672874,alta
34690056000137,PARTNERS AUTOMOTIVA INDUSTRIA E COMERCIO LTDA,SP,C,labor_intensive_midcap,63,40823339.51089582,36740771.55,10.000573225534811,alta
61232716000109,LUVIDARTE INDUSTRIA DE VIDROS E ILUMINACAO LTDA,SP,C,labor_intensive_midcap,98,40747589.70926877,45286825.080000006,11.13988680832011,alta
05529379000145,"RIO LIXAS INDUSTRIA E COMERCIO DE ABRASIVOS, IMPORTACAO E EXPORTACAO LTDA",SP,G,standard,18,40739135.329429485,32066373.419999998,21.288527209276292,alta
07044171000161,TAMOIO BOAS IMPRESSOES IMPORTACAO E EXPORTACAO LTDA,SP,C,labor_intensive_midcap,84,40692843.67866103,41634645.36,2.314415991116488,alta
02560432000182,BLOWPET TRANSFORMACOES PLASTICAS LTDA,SP,C,family_mature_sweet_spot,66,40658142.79566727,33977741.160000004,16.43066105906628,alta
45405131000197,SORVETERIA DELICIA GELADA LTDA,SP,C,labor_intensive_midcap,83,40655217.46229429,30652049.4,24.604881456043707,alta
09111405000171,USIMAZA INDUSTRIA LTDA,SP,C,labor_intensive_midcap,110,40650726.9937511,49461775.0,21.675007208612403,alta
11812818000125,HLOG SERVICOS DE LOGISTICA LTDA,RJ,H,labor_intensive_midcap,227,40641455.36036206,48756074.69,19.966360106169308,alta
04635345000172,BIOTRON ZOOTECNICA LTDA,SP,C,family_mature_sweet_spot,33,40588339.54826071,31969972.650000002,21.233603035209708,alta
24896480000189,SIGMA INDUSTRIA E COMERCIO DE CONDUTORES LTDA,SP,G,standard,21,40572876.55699845,37410768.99,7.793648948100058,alta
59093211000169,WRP COMERCIAL LTDA,SP,C,labor_intensive_midcap,63,40553537.62950317,35900357.22,11.474166451308374,alta
37763405000191,BVLGARAT DISTRIBUIDORA LTDA,RJ,G,standard,22,40518762.185732484,39192234.18,3.2738611304359706,alta
06086255000103,FRIGORIFICO DOM GLUTAO LTDA,SP,C,family_mature_sweet_spot,44,40448625.871157475,42159467.239999995,4.22966499354546,alta
04325136000122,AMIGAO DO RIO DA PRATA LATICINIOS LTDA,RJ,G,family_mature_sweet_spot,28,40385212.47764066,49881025.32,23.51309367907056,alta
33789402000176,BELISSIMA PAULISTA IMPORTACAO EXPORTACAO COSMETICOS LTDA,SP,G,standard,18,40381403.21811228,32066373.419999998,20.591235409032894,baixa
54593363000107,FIRMEZA INDUSTRIA E COMERCIO DE CORDAS LTDA,SP,C,labor_intensive_midcap,102,40372983.008790135,31122543.959999997,22.91244876995119,alta
22254990000127,PROBALL INDUSTRIA E COMERCIO DE ARTIGOS ESPORTIVOS LTDA,SP,G,standard,23,40364978.056260176,40973699.37,1.5080432172944416,baixa
57313165000130,KINNER SILICONE RUBBER INDUSTRIA E COMERCIO LTDA,SP,C,labor_intensive_midcap,74,40308892.95647379,31594767.68,21.618369142222406,alta
42555940000197,METAL LOG TRANSPORTES LTDA,SP,H,labor_intensive_midcap,146,40304294.10950937,31358532.62,22.195554312905614,alta
07185839000190,M M S TRANSPORTES LTDA,SP,H,labor_intensive_midcap,173,40266128.19049867,37157713.31,7.719676612046703,alta
48171664000140,VARIXX INDUSTRIA ELETRONICA LTDA,SP,C,labor_intensive_midcap,60,40238510.40812254,32415457.8,19.441705293701375,alta
45063127000198,FFE E PANG DISTRIBUIDORA LTDA,SP,G,standard,23,40236104.66664144,40973699.37,1.8331662805571702,baixa
31712093000100,METAPINTURA   SERVICOS DE PINTURA ELETROSTATICA LTDA,SP,C,labor_intensive_midcap,151,40233466.32238447,36975794.31,8.096921071332137,alta
08703427000168,ALLUPACK INDUSTRIA E COMERCIO DE LAMINADOS LTDA,SP,C,family_mature_sweet_spot,31,40226643.85015862,45663813.75,13.5163398669162,alta
03269229000114,PRINTMAX TECNOLOGIA LTDA,RJ,G,family_mature_sweet_spot,22,40219143.846275285,39192234.18,2.5532857442224937,alta
60632858000109,INDUSTRIA METALURGICA MULTIART LTDA,SP,C,standard,13,40172143.4467762,34191291.94,14.888056731899777,alta
39243407000185,INJETEC DE FRIBURGO INDUSTRIA E COMERCIO LTDA,RJ,C,standard,92,40105769.62177479,35230433.08,12.15619744428943,alta
14151510000174,SANTA BARBARA RECICLAGEM TRANSPORTE COMERCIO E SERVICOS LTDA,RJ,G,family_mature_sweet_spot,20,40060545.94328551,35629303.8,11.061362342787112,alta
09553326000110,TECNOR INDUSTRIA E COMERCIO DE MAQUINAS E EQUIPAMENTOS LIMITADA,SP,C,labor_intensive_midcap,68,40050851.94279069,44428968.24,10.931393677875043,alta
39679816000129,BOMPLASTIC BOM JESUS PLASTICOS LTDA,RJ,C,labor_intensive_midcap,81,40028519.48370923,41699955.06,4.175611783421094,alta
09301368000164,FAT COMERCIO DE TUBOS LTDA,SP,G,standard,17,40006049.38878674,30284908.23,24.299178017591185,alta
05373362000141,TB-FIL BRASIL INDUSTRIA E COMERCIO DE FILTROS E PECAS LTDA,SP,C,labor_intensive_midcap,65,40002373.3995147,40262141.400000006,0.6493814701716172,alta
04709876000405,ENERCOM INDUSTRIA E COMERCIO DE PLASTICOS LTDA,SP,C,labor_intensive_midcap,73,39980928.49704519,37581440.980000004,6.0015802715100035,alta
28411558000189,FUNGO DE QUINTAL COMERCIO DE ALIMENTOS LTDA.,SP,G,standard,17,39915055.98150573,30284908.23,24.126604647548955,alta
43018225000188,MOLTEC INDUSTRIA E COMERCIO DE MOLDES LTDA,SP,C,labor_intensive_midcap,69,39914339.08698569,32115990.66,19.53771152264523,alta
10944071000104,RG LOCACOES DE VEICULOS LTDA,SP,N,labor_intensive_midcap,87,39909702.49072729,32989132.41,17.34057045986557,alta
11959613000177,REAW - INDUSTRIA E COMERCIO DE PRODUTOS ODONTOLOGICOS LTDA,SP,C,labor_intensive_midcap,91,39907251.468620986,35715403.36,10.50397598019756,alta
10802469000106,"FERTEC INDUSTRIA, COMERCIO, IMPORTACAO E EXPORTACAO DE FERTILIZANTES LTDA",SP,C,standard,15,39891371.15152127,49639078.5,24.435628726457036,alta
52703063000108,CAMAR PLASTICOS LTDA,SP,C,labor_intensive_midcap,79,39880669.22849371,30252219.71,24.14314931208434,alta
07604623000112,INTIMUS PES - INDUSTRIA DE CALCADOS LTDA,SP,C,labor_intensive_midcap,167,39866964.13692407,30843854.58,22.633049072746,alta
66034190000176,MAXEPOXI INDUSTRIAL E COMERCIAL LTDA,SP,C,family_mature_sweet_spot,22,39841006.66018451,36272316.3,8.957329794959518,alta
42558791000110,ASSESSA INDUSTRIA COMERCIO E EXPORTACAO LTDA,RJ,C,family_mature_sweet_spot,30,39838911.01481028,32120806.200000003,19.373282597862776,alta
01731823000150,EXPRESSO A.D.L. LTDA,SP,H,labor_intensive_midcap,150,39826369.3127298,32217670.5,19.10467598234673,alta
17093142000143,J. B. DISTRIBUIDORA DE HORTIFRUTTI LTDA,SP,G,standard,18,39768346.6079146,32066373.419999998,19.367094297004975,alta
08236455000112,RIOFER METAIS TECNOLOGIA EM ACO LTDA.,SP,C,family_mature_sweet_spot,70,39761451.302791394,46147314.5,16.060437906501406,alta
11088172000185,SABOROSA ALIMENTOS DE SANTA CRUZ LTDA.,RJ,C,labor_intensive_midcap,76,39750753.05020121,44772727.839999996,12.633659501888026,alta
69278661000180,TINTAS DA TERRA INDUSTRIA E COMERCIO LTDA.,SP,C,family_mature_sweet_spot,42,39716516.54427129,46334925.84,16.664123320964695,alta
64606486000199,ERIVAL TELECOMUNICACOES COMERCIO E REPRESENTACOES LTDA,SP,J,family_mature_sweet_spot,67,39685003.68758883,46910551.16,18.207249089083227,alta
46571712000161,JC GUILHERMINA COMERCIO DE ALIMENTOS LTDA,RJ,G,labor_intensive_midcap,81,39629209.00138628,30813028.560000002,22.246672753619368,alta
33510202000132,PROFILE ESTRUTURAS LTDA,RJ,G,standard,26,39615509.86256767,46318094.94,16.9190933063455,baixa
51339552000160,ENMAC POSTES LTDA,SP,C,standard,90,39579960.392031275,41589941.4,5.0782794830017,alta
04831457000107,PEOPLE TEAM LTDA,SP,C,labor_intensive_midcap,85,39577587.774726234,49402180.2,24.823626142136014,alta
06207787000143,NATURAL VALORIZACAO DE RESIDUOS LTDA,SP,G,standard,20,39553639.16778039,35629303.8,9.921553238461762,alta
52853181000100,EQUIPALCOOL SISTEMAS LTDA,SP,C,standard,51,39522360.572807916,31325811.09,20.739018024260645,alta
02161501000185,GALO USINAGEM LTDA,SP,C,labor_intensive_midcap,61,39497064.721509665,35828884.36,9.287222702177196,alta
03967068000132,QUALITECH INDUSTRIA QUIMICA LTDA,SP,C,standard,32,39436883.28999512,34262193.28,13.12144768627774,alta
26192696000199,POLLO DISTRIBUIDORA DE CARNES E DERIVADOS LTDA,SP,G,family_mature_sweet_spot,20,39435924.54473175,35629303.8,9.652672756318784,alta
50509389000173,RTZ TRANSPORTES LTDA,SP,H,labor_intensive_midcap,188,39372253.57897044,40379480.36,2.558214705717381,alta
51758894000114,ELETRO METALURGICA EDANCA LTDA,SP,C,standard,49,39348450.16547635,32303120.15,17.904974619960516,alta
19468671000100,CVB PRODUTOS INDUSTRIAIS LTDA,SP,C,capital_intensive,76,39347650.282187276,32448680.32,17.533372165072958,alta
66747627000119,NIVETEC INSTRUMENTACAO E CONTROLE LTDA,SP,C,family_mature_sweet_spot,43,39298434.009261005,46613886.410000004,18.61512445766936,alta
56209307000151,LUMAGI INDUSTRIA METALURGICA LTDA,SP,C,labor_intensive_midcap,64,39290296.08348013,47133790.72,19.962930846473622,alta
62049663000158,ARIMA INDUSTRIA E COMERCIO LTDA,SP,C,labor_intensive_midcap,58,39268065.61654313,43516444.74,10.81891622811969,alta
24373216000160,FRIMBETEL DISTRIBUIDORA DE CARNES LTDA,SP,G,family_mature_sweet_spot,21,39221457.59910715,37410768.99,4.616576537299243,alta
09490398000166,LOGSUP LOGISTICA E TRANSPORTES LTDA,SP,H,labor_intensive_midcap,142,39200066.87363241,30499394.74,22.19555431290563,alta
00008220000161,B.T.M. ELETROMECANICA LTDA,SP,C,labor_intensive_midcap,78,39194485.442260705,47113496.81999999,20.204401941709804,alta
14194445000164,S. MORIYA COMERCIAL LTDA,SP,G,standard,20,39173600.59440427,35629303.8,9.047666644435433,baixa
61297081000128,MECANICA ELOY LTDA,SP,C,labor_intensive_midcap,66,39163823.709743895,35657003.58,8.954233263161699,alta
07024562000114,KITEST EQUIPAMENTOS AUTOMOTIVOS LTDA,SP,C,labor_intensive_midcap,66,39163823.709743895,35657003.58,8.954233263161699,alta
29302933000115,UNITY SERVICOS DE IMPRESSAO LTDA,SP,C,labor_intensive_midcap,98,39161837.490801096,32425105.16,17.20228866274091,alta
03500636000190,FORNO PAULISTA LTDA,SP,C,labor_intensive_midcap,121,39066226.518704206,30430017.75,22.10658550441094,alta
48940837000147,INDUSTRIA E COMERCIO DE PLASTICOS N N LTDA,SP,C,labor_intensive_midcap,85,39046390.42918705,32549856.65,16.63798806439971,alta
14468100000151,INFINITY COMERCIO DE PRESENTES E PERFUMARIA LTDA,SP,G,family_mature_sweet_spot,20,39045206.52708893,35629303.8,8.748584092439202,baixa
65968372000151,IRMAOS FLEURY DE ALVARENGA LIMITADA,SP,G,standard,19,39038861.17130379,33847838.61,13.297064528920071,baixa
13361626000175,JACOBER CALDEIRARIA LTDA,SP,C,labor_intensive_midcap,67,38976062.557299465,44508898.64,14.195472091534658,alta
15217745000184,"LAAM OFFSHORE INDUSTRIA, COMERCIO E SERVICOS DE CABOS DE ACO LTDA",RJ,C,labor_intensive_midcap,77,38958647.398163706,44752563.24,14.871963553101663,alta
15077072000104,DIFA DISTRIBUIDORA DE COSMETICOS E PERFUMARIA LTDA,SP,G,family_mature_sweet_spot,21,38926290.93986274,37410768.99,3.893311983420337,alta
30850562000195,PRB EMBALAGENS E DESCARTAVEIS LTDA,SP,G,standard,17,38863053.31551403,30284908.23,22.07275124749309,alta
28930257000161,VD SUMARE PRODUTOS NATURAIS LTDA,SP,G,standard,19,38833410.221204,33847838.61,12.83835641218487,alta
00474698000187,CAMINERO INDUSTRIA E COMERCIO DE OLEOS LTDA,SP,C,standard,33,38826018.70722698,39200375.61,0.9641908061599446,alta
23571314000140,SAFETYTRAB COMERCIO E SERVICOS LTDA,SP,G,family_mature_sweet_spot,22,38793665.07357118,39192234.18,1.0274077112150681,alta
39908419000181,IMPAKTO COMERCIO DE UNIFORMES LTDA,SP,G,standard,24,38784777.79881118,42755164.56,10.236971787706151,alta
11466011000188,MAIS VERDE DISTRIBUIDORA DE HORTIFRUTIGRANJEIROS LTDA,SP,G,standard,19,38776069.14743892,33847838.61,12.709463970420067,alta
52998960000196,LAJES DURALEVE LTDA,SP,G,family_mature_sweet_spot,24,38773962.81912716,42755164.56,10.267719498892495,alta
53929774000168,PARFIX INDUSTRIA E COMERCIO DE PARAFUSOS LTDA,SP,C,labor_intensive_midcap,63,38751375.3848481,37003601.88,4.510223153347699,alta
30557743000128,ROVEDA ILUMINACAO LTDA,SP,G,standard,23,38749536.70541021,40973699.37,5.73984324380128,baixa
03003135000107,ANTOR INDUSTRIA E COMERCIO DE PLASTICOS LTDA,SP,C,labor_intensive_midcap,61,38667421.13168677,45767295.33,18.361385348491986,alta
11046024000106,RAMOS E WEIDMANN LTDA,RJ,G,family_mature_sweet_spot,23,38623645.38669797,40973699.37,6.084495546117945,alta
56714660000199,V M DE SOUZA TRANSPORTES LTDA,SP,H,labor_intensive_midcap,184,38584880.79287703,39520342.48,2.424425494909536,alta
39215421000175,GAUDARD & NUNES LTDA,RJ,G,labor_intensive_midcap,78,38582797.672596425,29671805.28,23.09576528952821,alta
07269864000152,VALBORMIDA BRASIL METALURGICA LTDA.,SP,C,capital_intensive,51,38457492.51290204,32845632.51,14.592371047122537,alta
46621017000167,GLICO ALIMENTOS LTDA,SP,C,labor_intensive_midcap,74,38355298.668147355,32502129.779999997,15.260391892106934,alta
04453503000173,POLIFLUOR INDUSTRIA E COMERCIO LTDA,SP,C,labor_intensive_midcap,81,38316375.456686914,31018098.689999998,19.047409050829813,alta
33174201000164,BIOVAR INDUSTRIA E COMERCIO DE PRODUTOS QUIMICOS LTDA,RJ,G,standard,23,38294726.748192176,40973699.37,6.995669767859853,alta
36409042000128,HUB PLAST INDUSTRIA E COMERCIO LTDA,SP,C,standard,92,38272284.10097244,35230433.08,7.947921302390075,alta
10549291000125,DPM VALE COMERCIO DE PRODUTOS CIRURGICOS LTDA,SP,G,standard,17,38248550.27827208,30284908.23,20.820768343724644,alta
06271755000107,ISOLETRI INDUSTRIA DE MATERIAIS ISOLANTES LTDA.,SP,C,labor_intensive_midcap,68,38145169.955470964,36737518.84,3.690247329122382,alta
12328603000104,SAYURI DISTRIBUIDORA DE PRODUTOS ALIMENTICIOS LTDA,SP,G,standard,21,38069422.027032144,37410768.99,1.7301366870357242,alta
45576808000150,ASPOL INDUSTRIA E COMERCIO LTDA,SP,C,labor_intensive_midcap,57,38020525.55901344,37577098.949999996,1.1662821659978961,alta
02224018000100,SERTRIL PINHEIRAL COMERCIO DE FERRO E ACO LTDA,RJ,G,family_mature_sweet_spot,25,37984595.46435467,44536629.75,17.24918800779084,baixa
51047470000141,INDUSTRIA DE FRIOS XAVIER LTDA,SP,C,labor_intensive_midcap,57,37982437.70678743,33579545.879999995,11.591914823309619,alta
07562871000148,FIXOMOLDE METALURGICA TECNOLOGIA EM SET-UP LTDA,SP,C,labor_intensive_midcap,52,37977162.894469276,34280862.199999996,9.732956368385231,alta
42642499000180,SALMERON ENVIRONMENT LTDA,SP,G,standard,17,37966004.27188634,30284908.23,20.23151023973876,alta
54522339000187,"MALHAS TEDA INDUSTRIA, COMERCIO, IMPORTACAO E EXPORTACAO LTDA",SP,C,family_mature_sweet_spot,84,37954819.65652092,40114762.800000004,5.690827049175538,alta
35761847000173,NALA BABY INDUSTRIA E COMERCIO DE MOVEIS LTDA,SP,C,labor_intensive_midcap,114,37930453.47649904,28465412.400000002,24.953672337092918,alta
72818875000106,STAMPER INDUSTRIA E COMERCIO DE PECAS LTDA,SP,C,family_mature_sweet_spot,49,37928700.46408327,32303120.15,14.831988033469369,alta
07420390000106,COMERCIAL THIFER HORTIFRUTIGRANJEIROS LTDA,SP,G,family_mature_sweet_spot,20,37923930.33733389,35629303.8,6.050603186228737,baixa
47920368000131,RESIMETAL LTDA,SP,G,standard,18,37888695.12637037,32066373.419999998,15.366910068956324,alta
07798992000193,SPTRAFO INDUSTRIA E COMERCIO DE TRANSFORMADORES LTDA.,SP,C,labor_intensive_midcap,54,37814645.532000646,45351439.379999995,19.930885882881906,alta
05599079000132,MULT ACESSORIOS AUTOMOTIVOS INDUSTRIA E COMERCIO LTDA,SP,C,labor_intensive_midcap,52,37795947.40118109,30325716.2,19.76463540360322,alta
19432385000194,ECOSUCATAS E TRANSPORTES LTDA,SP,G,standard,19,37767938.33907546,33847838.61,10.379437961059285,alta
47315146000190,OP TELECOM LTDA,SP,J,partnership_heavy_services,45,37753032.42246901,31507086.599999998,16.544222865529846,alta
13620731000181,PLASTICOS PREMIUM PACK INDUSTRIA E COMERCIO DE EMBALAGENS FLEXIVEIS LTDA,SP,C,standard,57,37650431.248961255,29344412.82,22.060885236714018,alta
55157440000149,METALURGICA EDARP LTDA,SP,C,labor_intensive_midcap,54,37604296.10886053,29845526.759999998,20.632667412254442,alta
16700800000155,INTERACTIVE AUTOMACAO LTDA,SP,C,labor_intensive_midcap,63,37587620.98161068,29663170.74,21.08260654614887,alta
49364781000192,RCR EMBALAGENS LTDA,SP,G,standard,19,37575957.20939137,33847838.61,9.92155323846175,alta
35659497000139,GRAFICA NMC LTDA,SP,C,labor_intensive_midcap,94,37563395.14423778,31101631.479999997,17.2022886627409,alta
44475142000180,COMERCIO DE HORTIFRUTIGRANJEIROS SAMPAIOS LTDA,SP,G,standard,17,37558994.01858601,30284908.23,19.36709429700497,alta
03328617000129,CESTA SILCO LTDA,SP,G,standard,17,37557860.33744838,30284908.23,19.364660398922215,alta
31596642000129,SUPERMERCADO SUPER OFERTAO LTDA,RJ,G,labor_intensive_midcap,76,37534388.01708843,28910989.76,22.974660604996192,alta
01897489000109,ELETRO LIMA COMERCIO E IMPORTACAO LTDA,SP,G,standard,18,37525435.00359671,32066373.419999998,14.547630382095436,baixa
55511013000117,HUB CAMPINAS PRODUTOS NATURAIS LTDA,SP,G,recent_startup,17,37496966.479425006,30284908.23,19.233711221365972,baixa
06238440000168,PROGEU INDUSTRIA E COMERCIO DE ACESSORIOS PARA PISCINAS LTDA,SP,C,labor_intensive_midcap,60,37489192.92586379,39202030.800000004,4.568884364951294,alta
02461243000152,ABATEDOURO AVICOLA CARRARO LTDA,SP,C,labor_intensive_midcap,75,37473615.80988983,39087702.0,4.307260335641773,alta
55396030000150,BRSPLICE INDUSTRIA E COMERCIO LTDA,SP,C,family_mature_sweet_spot,41,37470599.86929537,44445798.67,18.615124457669367,alta
59552224000159,DANIDREA INDUSTRIA E COMERCIO LTDA,SP,C,labor_intensive_midcap,52,37446064.85403456,33489664.52,10.56559707797516,alta
47859426000169,RESYPAR INDUSTRIA E COMERCIO LTDA,SP,C,family_mature_sweet_spot,43,37361165.807712995,46039822.22,23.22908352740788,alta
68408806000157,HIPERMOLDE CONSTRUCOES PRE-FABRICADAS LTDA,SP,C,labor_intensive_midcap,68,37336340.92972721,35105646.0,5.974594387612128,alta
36445829000145,JULIANO ROTELI VIEL COMERCIO DE CHOCOLATES LTDA,SP,G,standard,23,37325180.45406934,40973699.37,9.774953185880399,baixa
06787265000168,CICLOVIDA ATACADO DE MERCADORIAS EM GERAL LTDA,SP,G,standard,18,37321710.63491463,32066373.419999998,14.08117989639585,baixa
11203891000108,MCK AUTOMACAO INDUSTRIAL LTDA,SP,C,family_mature_sweet_spot,69,37320297.965080984,36902626.230000004,1.1191543418859555,alta
01847902000120,HENLAU QUIMICA LTDA,SP,C,labor_intensive_midcap,55,37316276.2823721,42447631.05,13.750982892287952,alta
71447049000135,MASCELLA & CIA LTDA,SP,C,labor_intensive_midcap,71,37293363.40935865,36226205.75,2.861521626903865,alta
23750682000155,ATLAS EMPREENDIMENTOS LTDA,RJ,G,standard,16,37244247.229773216,28503443.04,23.468870603956734,baixa
38084301000113,PROMO DEFUMADOS CARNES E SALGADOS INDUSTRIA E COMERCIO LTDA,RJ,C,labor_intensive_midcap,64,37240844.78913764,37703349.76,1.2419293211019253,alta
46765186000170,VIACAO STENICO LTDA,SP,H,labor_intensive_midcap,215,37223704.86111003,46178661.05,24.057133007858596,alta
52128295000180,METALTEC DO BRASIL EQUIPAMENTOS INDUSTRIAIS LTDA,SP,C,labor_intensive_midcap,56,37221966.65181751,36917851.6,0.8170311221388862,alta
30393164000197,J.C. E MORAES COMERCIO DE ALIMENTOS LTDA,SP,G,standard,16,37213617.28661282,28503443.04,23.40587903489353,alta
44386894000175,ZINCAGEM MARISA LTDA,SP,C,labor_intensive_midcap,115,37165780.54704137,28160373.15,24.23037338242654,alta
62631106000140,VESUVIO ARTEFATOS DE BORRACHA LTDA,SP,C,labor_intensive_midcap,71,37111232.960324705,30313898.72,18.316109970239136,alta
64984800000177,IMPERIO DAS CORREIAS LTDA,SP,G,standard,16,37095567.58285836,28503443.04,23.162132574644122,alta
17758441000150,QUALYMEAT INDUSTRIA E COMERCIO DE ALIMENTOS LTDA,SP,C,labor_intensive_midcap,50,37081943.19860455,29455742.0,20.56580788595656,alta
05725879000152,JAVA DIESEL LTDA,SP,C,labor_intensive_midcap,50,37064158.85260769,32201600.5,13.119300432378703,alta
03163919000194,DISTRIBUIDORA FRANCANA DE EMBALAGENS E TRANSPORTES LTDA,SP,G,standard,19,37025791.15284139,33847838.61,8.583078021811591,alta
31463078000176,VIACAO PENEDO LTDA,RJ,H,labor_intensive_midcap,191,37014526.07464976,41023833.77,10.831714249871514,alta
42350990000138,VALLENTE COMERCIO E SERVICOS LTDA,RJ,G,standard,25,36997319.12315905,44536629.75,20.377991718112355,alta
22381424000186,MODENA PLAST INDUSTRIA  E COMERCIO  DE  EMBALAGENS  PLASTICAS LTDA,SP,C,labor_intensive_midcap,56,36989897.36740053,28829598.560000002,22.060885236714004,alta
38212891000112,COMERCIAL DE ALIMENTOS AC LTDA,SP,G,standard,16,36944188.286071256,28503443.04,22.84728840355547,alta
48034260000104,ONIX DISTRIBUICAO IMPORTACAO E EXPORTACAO LTDA,RJ,G,standard,16,36939370.46910587,28503443.04,22.837225762039537,alta
67539072000182,GALEAO INDUSTRIA METALURGICA LTDA,SP,C,standard,46,36939361.37983494,30325378.099999998,17.90497461996052,alta
08153481000187,FUSAO IMPRESSAO DIGITAL LTDA,SP,C,labor_intensive_midcap,84,36913449.90494062,27792947.279999997,24.707803384478304,alta
57345141000163,BAZAR O AMIGAO SHOPPING METROPOLITANO LTDA,RJ,G,recent_startup,73,36886056.13538101,27769766.48,24.714731284694572,baixa
16883862000140,L. C. M. ROMANO PERFUMARIA LTDA,RJ,G,standard,16,36874983.864006355,28503443.04,22.702493524825133,baixa
14117943000103,FIELD CONTROL LTDA,SP,J,labor_intensive_midcap,90,36874172.93032937,38125917.9,3.394638767995413,alta
01400742000177,ETIRAMA INDUSTRIA DE MAQUINAS LTDA,SP,C,labor_intensive_midcap,57,36840502.1471108,28675021.919999998,22.164410774056655,alta
55812200000130,KANXA INDUSTRIAL LTDA,SP,C,labor_intensive_midcap,63,36812264.5556903,30086072.1,18.271607402784984,alta
28950650000117,COMERCIAL SAVANO DISTRIBUIDORA DE PRODUTOS BELEZA LTDA,SP,G,standard,17,36786442.888541184,30284908.23,17.6737247421288,alta
61553947000114,INDUSTRIA E COMERCIO ZAMBON BERNARDI LTDA,SP,C,family_mature_sweet_spot,33,36770633.16051553,37209137.46,1.192539431046123,alta
02726452000180,WIMAGI COMERCIO E DISTRIBUICAO LTDA,RJ,G,standard,19,36754787.60784038,33847838.61,7.909034950375508,alta
33055197000115,BOMBAY ALIMENTOS LTDA,SP,C,labor_intensive_midcap,58,36712320.04701939,39440204.74,7.430433951019344,alta
46281655000186,FREZADORA IRMAOS POZELLI LTDA,SP,C,labor_intensive_midcap,57,36615204.37938434,35285261.760000005,3.6322141086644826,alta
15520441000191,TEC-CI CIRCUITOS IMPRESSOS LTDA,SP,C,family_mature_sweet_spot,40,36556682.79931256,43361754.800000004,18.615124457669367,alta
08604593000107,EUROTRONICS ELETRONICA LTDA,SP,C,family_mature_sweet_spot,40,36556682.79931256,43361754.800000004,18.615124457669367,alta
59124115000130,BRASMECK JUNTAS AUTOMOTIVA INDUSTRIA E COMERCIO LTDA,SP,C,labor_intensive_midcap,57,36553094.532454774,35306800.92,3.4095433735390377,alta
00991784000167,MARCHI FRIOS COMERCIO DE FRIOS E TRANSPORTES LTDA,SP,G,standard,18,36508853.03805389,32066373.419999998,12.168225644950859,baixa
02807845000119,ROMAO TECNOLOGIAS INDUSTRIAIS LTDA,RJ,C,labor_intensive_midcap,96,36503346.47825404,41182554.24,12.818572030193124,alta
05001206000150,OFS INDUSTRIA E COMERCIO LTDA,SP,C,standard,49,36500159.99930792,43265077.24,18.53393859320164,alta
48838437000125,TEL FRETAMENTO E TURISMO LTDA.,SP,H,labor_intensive_midcap,174,36487876.4019598,37372497.78,2.4244254949095585,alta
03222201000121,CMBA INDUSTRIA MECANICA LTDA,RJ,C,labor_intensive_midcap,67,36454824.50662974,34672260.14,4.889790009290984,alta
05030563000146,NSF INDUSTRIAL LTDA,SP,C,labor_intensive_midcap,56,36452424.69345641,32658463.599999998,10.407980059931292,alta
31105159000102,CIMENTHACO LITORAL LTDA,SP,G,standard,19,36442286.74490226,33847838.61,7.119334066666895,baixa
43644113000132,NEVADA DISTRIBUIDORA E TRANSPORTADORA LTDA,RJ,G,standard,17,36441158.61507591,30284908.23,16.893673579656802,baixa
54758577000196,BAZAR O AMIGAO BANGU SHOPPING LTDA,RJ,G,recent_startup,72,36380767.69517031,27389358.72,24.714731284694576,baixa
34090937000117,BEMAX COMERCIO E DISTRIBUICAO DE EQUIPAMENTOS LTDA,SP,G,standard,16,36342181.09498564,28503443.04,21.56925594118291,alta
05844507000145,H-MAX INDUSTRIA DE COSMETICOS LTDA,SP,C,family_mature_sweet_spot,38,36283519.61607574,42846885.56,18.089110464951435,alta
05697457000110,TAMASHIRO COMERCIO DE BANANAS CLIMATIZADAS LTDA,SP,G,standard,17,36232665.657062806,30284908.23,16.41545638225327,baixa
53751365000114,ALPHA ALIMENTOS E BEBIDAS LTDA,RJ,C,recent_startup,51,36192976.49129062,36818776.29,1.7290641980218686,baixa
11163267000116,CRYSTALIS INDUSTRIA E COMERCIO DE VIDROS LTDA,SP,C,labor_intensive_midcap,87,36173880.660269216,40203610.02,11.139886808320105,alta
12312772000148,ALAMBARI ALIMENTOS LTDA,SP,C,labor_intensive_midcap,58,36166657.80037206,35194923.160000004,2.686824549107372,alta
08763149000134,WHITE MARTINS STEEL GASES INDUSTRIAIS LTDA.,RJ,C,standard,24,36115020.0971237,44040977.76,21.946430159975314,alta
21070534000164,INDUSTRIA METALURGICA HTECK LTDA,SP,C,labor_intensive_midcap,54,36103730.769660994,35599356.9,1.397013158775369,alta
10712844000119,DCX PACKAGING DESIGN INDUSTRIA E COMERCIO DE EMBALAGENS LTDA,SP,C,labor_intensive_midcap,90,36091424.6313879,35313536.7,2.1553262009817766,alta
04667298000149,BODIOSA DISTRIBUIDORA DE ARTIGOS PARA CABELEIREIROS LTDA,RJ,G,standard,16,36041775.73130891,28503443.04,20.915541863162087,alta
47739172000145,INDUSTRIA DE PANIFICACAO E CONFEITARIA NOVA YARA LTDA,SP,C,labor_intensive_midcap,113,36000070.37536446,28418115.75,21.060943899023425,alta
01205215000101,TITA ELETROCOMERCIAIS INDUSTRIA E COMERCIO LTDA,SP,C,labor_intensive_midcap,65,35979991.93748291,32785628.849999998,8.878165100851833,alta
33767500000102,CIPAR COMERCIO E INDUSTRIA DE EMBALAGENS LTDA,RJ,C,labor_intensive_midcap,79,35882943.89567471,43924864.26,22.411540111386035,alta
59735688000109,VMG INDUSTRIA METALURGICA LTDA,SP,C,labor_intensive_midcap,60,35875863.841083065,38641920.6,7.71007709018396,alta
54752187000109,BAZAR O AMIGAO SHOPPING NOVA AMERICA LTDA,RJ,G,recent_startup,71,35875479.25495961,27008950.96,24.714731284694565,baixa
13427362000105,LOGTIME SERVICOS LOGISTICOS DE TRANSPORTE LTDA,RJ,H,labor_intensive_midcap,200,35807449.65670665,42956894.0,19.966360106169336,alta
02992046000160,FIOFORT METALURGICA E ESTAMPARIA LTDA,SP,C,labor_intensive_midcap,55,35801488.53821612,32075276.75,10.407980059931294,alta
51961258000195,CARDIO SISTEMAS COMERCIAL E INDUSTRIAL LTDA,SP,C,family_mature_sweet_spot,67,35792341.422313824,31215007.21,12.78858557562876,alta
28517362000173,BOHRIO COMERCIO DE METAIS LTDA,SP,G,standard,17,35783767.61934979,30284908.23,15.366910068956313,alta
09203284000198,LEXOS SOLUCAO EM TECNOLOGIA LTDA,SP,J,standard,69,35743083.33615597,29229870.39,18.222302997479574,alta
17259829000106,STA DA SERRA INDUSTRIA DE MASSAS LTDA,RJ,C,labor_intensive_midcap,72,35684390.216169,31623693.839999996,11.379475315593472,alta
29170978000183,ECOFIX ARRUELAS INDUSTRIA E COMERCIO LTDA,SP,C,labor_intensive_midcap,59,35539216.99358539,34654166.84,2.4903479267568986,alta
03113358000119,AMEE - SISTEMA DE GESTAO DE ENERGIA LTDA,SP,J,labor_intensive_midcap,81,35503918.21485666,34313326.11,3.3534104536058154,alta
22267001000130,SOLUPLEX INDUSTRIA DE EMBALAGENS LTDA.,SP,C,standard,38,35487257.99039032,39596228.0,11.578719355331298,alta
07042988000109,LOGISMAX SERVICOS DE LOGISTICA LTDA,SP,H,labor_intensive_midcap,145,35453449.79470268,31143748.15,12.155944399370185,alta
24675560000104,FJ FOODS LTDA,SP,G,standard,15,35434512.71036042,26721977.849999998,24.587708970562574,alta
20516719000197,OUTLIERS ELECTRONICS DO BRASIL LTDA,SP,C,family_mature_sweet_spot,29,35357289.381529875,31437272.230000004,11.086871250876007,alta
31292372000162,MGE INDUSTRIA E COMERCIO DE AR CONDICIONADOS LTDA,SP,C,labor_intensive_midcap,52,35347574.123797454,27735368.439999998,21.535298736873155,alta
46284465000112,BAZAR O AMIGAO SAO PEDRO DA ALDEIA LTDA,RJ,G,labor_intensive_midcap,75,35330010.54639913,28530582.0,19.245475563811105,alta
60775020000166,METALURGICA DDL LTDA,SP,C,family_mature_sweet_spot,33,35315290.363110684,37804224.81,7.047753030764222,baixa
03042296000100,SCANCHIP TECNOLOGIA LTDA,SP,C,standard,27,35303529.518837236,29269184.490000002,17.09275279577197,alta
04852370000108,LPS AGROFARMA LTDA,SP,G,standard,18,35299474.41382303,32066373.419999998,9.159062698556705,baixa
15317401000147,BEM ELEGANTE PERFUMARIA E COSMETICOS LTDA,SP,G,standard,19,35297932.01399744,33847838.61,4.108153994467458,alta
14108727000100,CZLOC LOCACAO DE EQUIPAMENTOS PARA CONSTRUCAO CIVIL LTDA,SP,N,labor_intensive_midcap,71,35258207.19353455,26922165.53,23.64284042514552,alta
56720840000183,GERMANO COMERCIAL MADEIREIRA LTDA,SP,C,labor_intensive_midcap,126,35248087.620820485,29776143.6,15.524087660257328,alta
09253034000162,ABRIDAO INDUSTRIA E COMERCIO DE EMBALAGENS LTDA,RJ,C,labor_intensive_midcap,109,35196502.61968741,42768616.67,21.51382520056717,alta
03406185000127,MARAFON INDUSTRIA DE MAQUINAS LTDA,SP,C,labor_intensive_midcap,58,35184756.97115579,37895296.440000005,7.70373224708158,alta
07808221000130,CDC - LAFAIETE COMERCIAL DISTRIBUIDORA DE PRODUTOS DE HIGIENE E LIMPEZA LTDA,RJ,G,standard,15,35167584.87337915,26721977.849999998,24.015317098935142,alta
29447243000154,CHICKENS REI LTDA,RJ,G,standard,19,35145018.740771584,33847838.61,3.6909359483901247,baixa
04882027000106,REALPEC AGRO NEGOCIOS LTDA,SP,G,standard,17,35127395.29398403,30284908.23,13.785499959381742,baixa
04086606000142,NUVAX COMERCIO DE MATERIAIS CIRURGICOS LTDA,SP,G,standard,16,35113129.44383449,28503443.04,18.823974133114714,alta
41358378000149,FS MARKET LTDA.,SP,G,standard,17,35083364.81494502,30284908.23,13.677298657798481,baixa
30225619000165,TORNOTEC INDUSTRIA E COMERCIO DE PECAS LTDA,RJ,C,family_mature_sweet_spot,42,35082869.00198909,27688388.7,21.0771824321718,alta
44022333000197,KURZ DO BRASIL FOLHAS E MAQS ESTAMPAGEM A QUENTE LTDA,SP,C,labor_intensive_midcap,76,35075562.702231236,29865739.76,14.853141449103042,alta
10561387000109,VIVA TRANSPORTE COLETIVO LTDA,SP,H,labor_intensive_midcap,143,35065778.93697084,30714179.21,12.409819085418412,alta
67755389000156,NOVA SD DISTRIBUIDORA LTDA,SP,G,standard,15,35051932.19560131,26721977.849999998,23.764608179421963,alta
17697003000129,COTIA PAPER INDUSTRIA E COMERCIO DE ARTEFATOS DE PAPEL LTDA,SP,C,labor_intensive_midcap,51,35032931.85284125,43411825.77,23.917192978181202,alta
09416907000100,"GARAKIS & RODOPOULOS INDUSTRIA,COMERCIO E EXPORTACAO LTDA",SP,C,labor_intensive_midcap,79,35032782.159394704,30997437.77,11.518766539963627,alta
35157822000165,GRAMINHA ALIMENTOS LTDA,SP,G,standard,16,34995655.29095521,28503443.04,18.551480739476688,baixa
68319466000198,PROCRED RECUPERACAO DE CREDITOS LTDA.,SP,N,labor_intensive_midcap,220,34982618.57663567,30520668.2,12.75476381752548,alta
64532138000114,INDUSTRIA E COMERCIO DE LAJES E VIGAS ALVORADA LTDA,SP,C,labor_intensive_midcap,63,34958535.47364536,32524348.5,6.963069077880711,alta
22874922000160,OMD DO BRASIL SISTEMAS E COMERCIO DE ELETRONICOS LTDA,SP,C,family_mature_sweet_spot,36,34956111.7137574,35687743.199999996,2.0930001947403376,alta
07684803000151,FENIX - ESTRUTURAS PRE FABRICADAS DE CONCRETO LTDA,SP,C,labor_intensive_midcap,66,34944479.80616469,34073127.0,2.493534918814189,alta
10482618000199,A. RIBEIRO COIMBRA LTDA,RJ,G,labor_intensive_midcap,72,34938969.36189035,27389358.72,21.60799468265107,alta
02710251000195,NOVARES DO BRASIL INDUSTRIA AUTOMOTIVA LTDA.,SP,C,capital_intensive,76,34912066.7366849,29103401.24,16.637988064399735,alta
56394281000169,NOVA EMBALAGENS E FILMES TECNICOS LTDA,SP,C,labor_intensive_midcap,50,34900062.779466785,37514176.5,7.490283719693509,alta
06217611000172,GMP MARCATTO - INDUSTRIA E COMERCIO DE PECAS LTDA,SP,C,labor_intensive_midcap,74,34871677.95715485,37227221.44,6.754889987626328,alta
00608804000178,LAZARIM & TRAVAGLIA LTDA,SP,J,labor_intensive_midcap,78,34798950.32613165,33042462.18,5.047531979183425,alta
04255249000107,MEDICAL TRADE DE MARICA COMERCIO DE MATERIAL HOSPITALAR LTDA,RJ,G,standard,17,34778849.468064964,30284908.23,12.92147758421808,baixa
32676885000130,TECNO AIR VENTILADORES INDUSTRIAIS E SISTEMAS LTDA,SP,G,standard,15,34711961.9226577,26721977.849999998,23.017955857581075,alta
64901028000182,JEDMETAIS INDUSTRIA E COMERCIO LTDA,SP,C,labor_intensive_midcap,74,34683447.09595386,31744885.56,8.472518685424065,alta
05562221000177,LOOP INDUSTRIA E COMERCIO DE PRODUTOS ALIMENTICIOS LTDA,SP,C,family_mature_sweet_spot,52,34677103.538294,35360183.56,1.9698300953875032,alta
27329415000160,G. R. FARIA LTDA,SP,G,standard,16,34651743.6212644,28503443.04,17.743120370691624,alta
35150604000107,MARKSUL DISTRIBUIDORA LTDA,RJ,G,standard,17,34547249.63506286,30284908.23,12.337715592667331,alta
61130126000175,PAROLIBOR INDUSTRIA DE ARTEFATOS DE BORRACHA LTDA,SP,C,labor_intensive_midcap,66,34497765.85044268,28179117.12,18.31610997023912,alta
73068611000145,"MN PROPOLIS - INDUSTRIA, COMERCIO E EXPORTACAO LTDA.",SP,C,labor_intensive_midcap,50,34418869.897321135,34000176.5,1.216464685128207,alta
67505495000181,SUPERMERCADO DE SUCATAS BIM LTDA,SP,G,family_mature_sweet_spot,20,34408320.467670664,35629303.8,3.548511859149136,alta
23349620000136,RIBEIRO ATACADO DE FERRAGENS LTDA,RJ,G,standard,17,34389766.33046371,30284908.23,11.936277964260182,alta
48794697000146,PRODUTOS QUIMICOS QUIMIDREAM LTDA,SP,C,standard,36,34317222.92214925,38544967.44,12.319599774846731,alta
04900875000109,SERVER QUIMICA LTDA,SP,C,labor_intensive_midcap,55,34296059.95292568,32206268.6,6.0933861084745615,alta
30084622000106,NACIONAL INDUSTRIA MECANICA LTDA,SP,C,standard,106,34289761.81695418,27332863.200000003,20.28855917428513,alta
08755079000172,DAFS COMERCIO DE ALIMENTOS LTDA,SP,G,standard,16,34244199.957357526,28503443.04,16.764172982596133,alta
04194541000159,JCC INDUSTRIA COMERCIO E SERVICOS LTDA,SP,C,labor_intensive_midcap,64,34206255.07547985,27325204.48,20.116351761676505,alta
09064654000153,METALURGICA EASYMETAL LTDA,RJ,C,labor_intensive_midcap,98,34201478.761493415,30517899.720000003,10.770233261494708,alta
06046471000117,BAZAR O AMIGAO DE ALCANTARA LTDA.,RJ,G,labor_intensive_midcap,74,34100170.386528835,28150174.240000002,17.448581866556772,alta
50479443000185,WELD-INOX SOLDAS ESPECIAIS LTDA,SP,C,family_mature_sweet_spot,44,34058424.90652376,29006883.4,14.83198803346938,alta
00618730000150,PLASTPEL RECICLAGEM INDUSTRIAL LTDA,SP,G,standard,18,34057386.81709763,32066373.419999998,5.846054507323774,alta
07793915000140,BRUMATTI FRIGORIFICO LTDA,SP,C,family_mature_sweet_spot,32,34051899.38905422,30661430.72,9.956768138884094,alta
07084315000103,SMARTX INDUSTRIA E COMERCIO LTDA,SP,C,standard,15,34050048.828028455,35872010.550000004,5.350834388442324,alta
08167168000106,LIGA TEX INDUSTRIA E COMERCIO DE ARGAMASSA LTDA,SP,C,family_mature_sweet_spot,76,34002181.88097764,39235722.0,15.391777319884998,alta
21595410000100,SCARCELLI LOGISTICA E DISTRIBUICAO LTDA,SP,G,standard,18,33990643.23588663,32066373.419999998,5.66117505494874,alta
01399482000167,BRAL-MAX INDUSTRIA E COMERCIO DE PLASTICOS LTDA,RJ,C,family_mature_sweet_spot,78,33968023.79469012,29869280.22,12.06647639987474,alta
96653381000187,TUBOTEC COMERCIO DE MANGUEIRAS E BORRACHAS LTDA,SP,G,standard,15,33949279.44119124,26721977.849999998,21.288527209276303,alta
12107466000170,RIO SAMPA FERRAGENS E FERRAMENTAS LTDA,RJ,G,standard,15,33929463.22695726,26721977.849999998,21.242556443483174,alta
06052196000144,BRAVO FENIX INDUSTRIA E COMERCIO DE LATICINIOS LTDA,RJ,C,family_mature_sweet_spot,37,33928219.363699436,41918986.09,23.551977899701,alta
55978787000152,AGROPRIM PRODUTOS AGROPECUARIOS LTDA,SP,G,standard,15,33905639.04138114,26721977.849999998,21.187216623800047,baixa
62669874000193,SAVYON INDUSTRIAS TEXTEIS LTDA,SP,C,labor_intensive_midcap,58,33890656.25761965,27698288.6,18.271607402784994,alta
50609304000129,TINTURARIA INDUSTRIAL GUARAREMA LTDA,SP,C,labor_intensive_midcap,138,33847347.37459571,27134444.580000002,19.8328770650846,alta
10549409000115,HORTICAMP ALIMENTOS LTDA,SP,G,standard,15,33726431.697429955,26721977.849999998,20.768440344561313,alta
67845305000175,VCI BRASIL INDUSTRIA E COMERCIO DE EMBALAGENS LTDA,SP,C,labor_intensive_midcap,73,33708848.80829449,28643201.990000002,15.027647034472508,alta
58566399000152,NORDSON DO BRASIL INDUSTRIA E COMERCIO LTDA,SP,C,family_mature_sweet_spot,47,33691216.83016698,30708257.46,8.853819038961069,alta
00504374000144,MULTI PACK PLAS INDUSTRIA E COMERCIO DE MAQUINAS LTDA,SP,C,family_mature_sweet_spot,60,33664834.292683624,39858715.2,18.398667444688698,alta
00910205000104,TABACARIA TREVO ARARAQUARA LTDA,SP,G,standard,21,33597263.393026166,37410768.99,11.350643510344392,baixa
01294213000136,FRIGORIFICO VILHENA LTDA,SP,C,standard,48,33586136.247814,28277512.32,15.805997714784828,alta
11624355000178,RIOMARKET DISTRIBUIDORA DE ALIMENTOS LTDA,RJ,G,family_mature_sweet_spot,20,33585778.59712867,35629303.8,6.084495546117951,alta
60891033000109,KRON INSTRUMENTOS ELETRICOS LTDA,SP,C,labor_intensive_midcap,58,33581116.320441544,31019598.860000003,7.6278508313980335,alta
71763932000134,"GLOBORR INDUSTRIA E COMERCIO, IMPORTACAO E EXPORTACAO DE BORRACHAS LTDA",SP,C,standard,77,33575519.20259183,32875636.64,2.084502575727263,alta
08311856000190,IMPACTO PRODUTOS MEDICOS E HOSPITALARES LTDA,SP,C,family_mature_sweet_spot,81,33539226.822845254,31790633.76,5.2135759481915,alta
08859942000131,COMERCIO DE BEBIDAS CHAPADA D OESTE LTDA,SP,G,standard,18,33518439.707719684,32066373.419999998,4.332141652122482,baixa
01803338000144,FULTEC INOX LTDA,SP,C,labor_intensive_midcap,65,33509052.209476873,32699586.4,2.4156631002769617,alta
61696308000108,RETENGAX VEDACOES TECNICAS LTDA,SP,C,labor_intensive_midcap,64,33452379.006489873,27325204.48,18.31610997023913,alta
67395657000176,TECAR TECNOLOGIA EM CARGAS LTDA,SP,C,labor_intensive_midcap,62,33422943.43249134,36034531.44,7.81375827291699,alta
46839106000184,PECSIL METALURGICA E FUNDICAO LTDA.,SP,C,labor_intensive_midcap,76,33420337.72143486,29541295.0,11.606832802730635,alta
73013666000158,ALULEV ESCADA LTDA,SP,C,labor_intensive_midcap,50,33400822.081057385,32962367.5,1.31270595673765,alta
12982231000127,R.A.B. PEREIRA INDUSTRIA E COMERCIO DE PRODUTOS ALIMENTICIOS LTDA,SP,C,labor_intensive_midcap,69,33388800.20159964,25481824.2,23.681521809282685,alta
05079154000134,INDALI INDUSTRIA DE ALIMENTOS LTDA,RJ,C,labor_intensive_midcap,59,33356075.50586489,40120208.27,20.278562935096485,alta
56188741000100,INDUSTRIA E COMERCIO DE RAPADURA TERRA LTDA,SP,C,labor_intensive_midcap,54,33350574.984976,36720190.620000005,10.103620811761031,alta
50248446000108,PRECISAO SISTEMAS DE TECNOLOGIA E SERVICOS LTDA,SP,J,labor_intensive_midcap,96,33332206.26228859,40667645.76,22.00706259882528,alta
21519488000138,RALLC USINAGEM E COMPOSTOS LTDA,SP,C,labor_intensive_midcap,61,33298404.91616968,30687304.16,7.841519023938988,alta
68894831000198,VECTOR EQUIPAMENTOS LTDA,SP,C,labor_intensive_midcap,56,33229911.026449367,30254427.28,8.954233263161699,alta
58524612000163,CONRAIL - INDUSTRIA E COMERCIO DE PRODUTOS ALIMENTICIOS LTDA,SP,C,labor_intensive_midcap,51,33212266.975486334,35696532.0,7.479962227050862,alta
34002116000181,FRIGORIFICO SANTA MARIA LTDA,SP,C,standard,38,33208206.688768726,36410448.98,9.642924477202481,alta
21064861000103,CILTECH HIDRAULICA LTDA,SP,C,labor_intensive_midcap,53,33206915.00855794,39032670.44,17.543802036234524,alta
04741244000186,JUNI COMERCIO E DISTRIBUIDORA DE EMBALAGEM LTDA,SP,G,standard,16,33204906.876664266,28503443.04,14.15894299636889,baixa
05509004000113,COMTEC COMPOSTOS DE SEGURANCA LTDA,SP,C,labor_intensive_midcap,90,33199060.858366948,26117963.999999996,21.329208342899097,alta
35297297000183,NOVA ROCHA COMERCIO DE ALIMENTOS LTDA,RJ,G,standard,21,33183040.689497877,37410768.99,12.7406295886566,alta
96231824000141,STARFRUT COMERCIO IMPORTACAO E EXPORTACAO DE FRUTAS LTD,SP,G,standard,15,33140288.839928832,26721977.849999998,19.36709429700498,alta
63987945000169,CASTRO & FONTANINI LTDA,SP,G,standard,17,33138008.54124863,30284908.23,8.609751873584152,alta
21923863000100,PIRALUX INDUSTRIA E COMERCIO LTDA,SP,C,standard,47,33113800.546284355,30984625.45,6.429872322593509,alta
43007434000126,ADESIVOS LUMAR INDUSTRIA E COMERCIO LTDA,SP,C,labor_intensive_midcap,71,33103494.822212107,27188703.79,17.867572786433847,alta
02922261000194,AMERICA DO SUL SERVICOS AERONAUTICOS LTDA,SP,C,standard,35,33099575.04755285,35201113.5,6.349140281795017,alta
04634695000114,MRV DO BRASIL IMPORTADORA LTDA,SP,G,standard,15,32986001.97215376,26721977.849999998,18.98994648530534,alta
46281425000117,AGRO RIO ATACADO LTDA,RJ,G,standard,17,32934790.891033877,30284908.23,8.04584632038844,alta
08275954000119,BGT INDUSTRIA E COMERCIO DE CONTROLES E EQUIPAMENTOS LTDA,SP,C,standard,36,32901014.519381307,39025579.32000001,18.61512445766937,alta
54485735000181,DELTA STAR CONETORES ELETRICOS LTDA,SP,C,labor_intensive_midcap,70,32899051.100914396,37818034.1,14.95174734370648,alta
00735616000100,BUZAS INDUSTRIA E COMERCIO LTDA,SP,C,labor_intensive_midcap,116,32892228.39838977,29911435.200000003,9.062302384278995,alta
13638464000170,TRASPEKI COMERCIAL IMPORTACAO E EXPORTACAO LTDA,RJ,G,standard,17,32885862.596488763,30284908.23,7.909034950375507,alta
12904103000165,ABC MANUTENCAO DE COMPRESSORES DE GAS LTDA.,SP,C,standard,38,32878404.02335305,29525246.46,10.198662809093019,alta
25297713000190,DIGINETBRASIL TELECOMUNICACOES LTDA,SP,J,family_mature_sweet_spot,48,32856719.754176784,33607559.04,2.285192470340157,alta
65401952000162,CAFE ROSSETTO LTDA,SP,C,family_mature_sweet_spot,32,32834064.396030016,36254258.24,10.416602107850904,alta
39357755000183,STATUS PRO HIGIENE E LIMPEZA LTDA,SP,G,standard,16,32809195.535691153,28503443.04,13.123614966441908,alta
45059769000113,PRECIOUS GROUP BUSINESS LTDA,SP,G,standard,16,32806577.01087476,28503443.04,13.116680748035229,alta
17271755000123,TASK FORCE INSTALACOES INDUSTRIAIS LTDA,SP,C,labor_intensive_midcap,131,32786167.367465436,29080912.700000003,11.301274180471163,alta
56997992000128,SEDES ELBAC INDUSTRIA DE RESISTENCIAS LTDA,SP,C,standard,60,32764504.106547236,32415457.8,1.0653184477084359,alta
38328303000100,ONIX HOSPITALAR LTDA,RJ,G,standard,20,32704529.707261384,35629303.8,8.943024464556744,alta
04831300000173,Q PASSO LOGISTICA E TRANSPORTE LTDA,SP,H,labor_intensive_midcap,123,32657622.83643843,26418489.81,19.10467598234672,alta
00552457000109,RICARDO HENRIQUE RUSCHEL LTDA,SP,G,standard,14,32626201.970437318,24940512.66,23.556800504702753,alta
14466147000186,PISO.COM PISOS DE BORRACHA LTDA,SP,C,labor_intensive_midcap,63,32617131.154971033,26898248.16,17.533372165072965,alta
54522222000101,ELASTOMAR INDUSTRIA E COMERCIO DE ARTEFATOS DE BORRACHA LTDA,SP,C,labor_intensive_midcap,63,32617131.154971033,26898248.16,17.533372165072965,alta
51462125000174,GF AUTO PECAS INDUSTRIA E COMERCIO LTDA,SP,C,labor_intensive_midcap,82,32610928.012110677,36503662.019999996,11.936900435472673,alta
02443366000160,ART'S ESSENCIAS INDUSTRIA E COMERCIO LTDA,SP,C,standard,18,32597187.26742369,29677349.7,8.957329794959511,alta
13824093000110,BAZAR O AMIGAO DE TERESOPOLIS LTDA,RJ,G,labor_intensive_midcap,72,32593798.56551931,27389358.72,15.967576884472257,alta
62727680000105,PRIMO INDUSTRIAL TERMOPLASTICOS LTDA,SP,C,labor_intensive_midcap,65,32567943.30002117,24891066.849999998,23.57187980616566,alta
67598292000187,ALTEC INDUSTRIA COMERCIO IMPORTACAO E EXPORTACAO LTDA,SP,C,labor_intensive_midcap,50,32546807.762014654,29159342.5,10.407980059931287,alta
69076164000107,COMELIT-COMERCIO DE METAIS DO LITORAL LTDA,SP,G,standard,17,32539298.64622941,30284908.23,6.92820838193033,alta
46701173000138,SIDERTECNICA INDUSTRIA E COMERCIO LTDA,SP,C,family_mature_sweet_spot,42,32510314.68349995,27688388.7,14.831988033469381,alta
00071343000147,MICROMED COMERCIO E REPRESENTACAO LTDA,RJ,G,standard,15,32482562.29886798,26721977.849999998,17.73439051964425,alta
05653914000175,MAXXFLEX INDUSTRIA DE BORRACHAS LTDA,SP,C,labor_intensive_midcap,78,32481298.373937983,33302592.96,2.528515260095021,alta
46182707000167,M.L.MATTOS LTDA,SP,G,standard,18,32472746.81974785,32066373.419999998,1.2514290891484483,alta
66166901000166,CIMEN ALPHA COMERCIAL LTDA,SP,G,standard,15,32450523.075758148,26721977.849999998,17.65316760036329,baixa
61005187000100,GOLAPU FASHION INDUSTRIA E COMERCIO LTDA,SP,C,labor_intensive_midcap,57,32440889.104373604,27220731.900000002,16.091288951972135,alta
38776902000197,SUPERMERCADO NEWTON LTDA,SP,G,labor_intensive_midcap,64,32436683.72621781,24346096.64,24.942707320225765,alta
15913972000144,NOSSA SENHORA DE LOURDES COMERCIO DE DOCES E GENEROS ALIMENTICIOS LTDA,RJ,G,labor_intensive_midcap,64,32423253.32293869,24346096.64,24.911616988244337,alta
05863167000108,MACROL PECAS E SERVICOS DE EMPILHADEIRAS LTDA,RJ,G,family_mature_sweet_spot,35,32384998.057616565,25048853.2,22.652911216992315,alta
59328427000166,KALF INDUSTRIA E COMERCIO DE PLASTICOS LTDA,SP,C,labor_intensive_midcap,59,32365079.817106582,33620969.45999999,3.880384815950956,alta
04420726000134,GP PHARMA COMERCIO DE EMBALAGENS LTDA,SP,G,standard,14,32340769.017868668,24940512.66,22.882128603002407,alta
32235848000196,CIRTEL METAIS - COMERCIO DE METAIS LTDA,RJ,G,standard,17,32309935.318091728,30284908.23,6.267505855877796,alta
61067872000161,IDEATEX INDUSTRIA E COMERCIO LTDA,SP,C,labor_intensive_midcap,57,32307913.320438482,24336510.240000002,24.67322170075171,alta
01916756000148,COMERCIAL HORTIFRUTIGRANJEIRO ITAUBA LTDA,SP,G,standard,16,32284304.629140627,28503443.04,11.711144571867058,alta
45009396000176,E. XAVIER INDUSTRIA E COMERCIO DE METAIS LTDA.,SP,C,labor_intensive_midcap,91,32278458.042044118,39037629.54,20.940193268066775,alta
04320058000173,LITORAL COSTA MAR DISTRIBUICOES LTDA,SP,G,standard,14,32261942.804344025,24940512.66,22.69370505287178,alta
23972534000185,THMV SOLUCOES INDUSTRIAIS LTDA,SP,C,labor_intensive_midcap,89,32238633.855745494,40019072.5,24.13389686135194,alta
02554619000173,CONVERTEX LTDA,SP,C,labor_intensive_midcap,77,32227686.09259209,38165091.58,18.42330681250085,alta
25080211000102,HORTIFEIRA VIP DISTRIBUIDORA DE ALIMENTOS LTDA,RJ,G,standard,18,32213989.78592634,32066373.419999998,0.4582368309771766,alta
32112763000110,AGRO COMERCIO L P DA COSTA LTDA,RJ,G,standard,18,32213989.78592634,32066373.419999998,0.4582368309771766,alta
21240231000142,ZAPPTS SOLUCOES LTDA,SP,J,labor_intensive_midcap,67,32204568.123599842,28382627.77,11.867696343361565,alta
38950903000106,INA - INDUSTRIA NAUTICA DE ATIBAIA LTDA,SP,C,labor_intensive_midcap,59,32191450.64052821,29129884.74,9.510493747907645,alta
10997637000158,ML SALVIO COMERCIO DE ALIMENTOS LTDA,RJ,G,standard,16,32151831.483190745,28503443.04,11.347373617263933,alta
63106785000100,TEXTIL IRMAOS KACHANI LTDA,SP,C,standard,55,32137691.27877725,26265618.5,18.271607402784987,alta
00615786000151,BLUE LIGHT - INDUSTRIA E COMERCIO LTDA,SP,C,labor_intensive_midcap,87,32100139.405043192,28944085.68,9.831900370337179,alta
32129371000164,JAQUEL CONFECCOES DE LINGERIE E ARTIGOS DO VESTUARIO LTDA,RJ,C,labor_intensive_midcap,197,32089886.51446083,24453007.18,23.79839932129203,alta
31598956000160,RIO LAGOS TRANSPORTES LTDA,RJ,H,labor_intensive_midcap,142,32089111.2417686,30499394.74,4.954068343592375,alta
60633211000193,TUBAL TUBOS ALETADOS LTDA.,SP,C,labor_intensive_midcap,50,32087675.162590057,32668359.000000004,1.8096787457102748,alta
39049481000165,SURFACAGEM RIACHUELO LTDA,SP,C,standard,63,32059872.87301556,24726048.48,22.8754007293284,alta
04222866000106,CHB.COM SISTEMAS LTDA,SP,J,labor_intensive_midcap,86,32050900.456789542,36431432.66,13.66742319491526,alta
04006752000110,PROCESS DEVELOPMENT CORPORATION DO BRASIL LTDA.,SP,M,labor_intensive_midcap,108,32046256.498877794,25330807.080000002,20.95548794946753,alta
19525966000170,TPR INDUSTRIA DE PECAS AUTOMOTIVAS DO BRASIL LTDA.,SP,C,capital_intensive,54,32034514.846007142,33448548.240000002,4.4140933639552475,alta
53977272000102,GRAN CORTE INDUSTRIA E COMERCIO DE CARNES LTDA,SP,C,recent_startup,71,32001603.52445133,37003024.56,15.62865758188416,baixa
53110375000170,ARPOLI INDUSTRIA E COMERCIO LTDA,SP,G,standard,18,31962917.24718889,32066373.419999998,0.32367562701182556,baixa
59905042000114,CBD MECANICA INDUSTRIAL LTDA,SP,C,family_mature_sweet_spot,59,31922515.59139959,29681163.04,7.021227838333162,alta
08991475000107,VILLA VERIN DISTRIBUIDORA DE CIMENTO LTDA,RJ,G,standard,16,31908090.1828645,28503443.04,10.670168986462517,baixa
43093994000140,TOPLUZ DISTRIBUIDORA LTDA,RJ,G,standard,17,31883030.960133262,30284908.23,5.012455472415919,alta
19174100000162,S M PONTES DISTRIBUIDORA LTDA.,RJ,G,standard,17,31852312.03587934,30284908.23,4.920847830806667,alta
00333266000156,JCV INDUSTRIA E COMERCIO DE PLASTICOS LTDA,SP,C,labor_intensive_midcap,78,31847630.874701973,29869280.22,6.211924090948531,alta
07018058000101,LEMMARK COMERCIO E SERVICOS LTDA,SP,C,labor_intensive_midcap,55,31844162.02800492,29415136.85,7.627850831398055,alta
02240300000173,FIORE CAIXAS LTDA,SP,C,labor_intensive_midcap,57,31835106.644035242,28252080.779999997,11.254951661066842,alta
60641743000172,SOCIEDADE COMERCIAL JOAO PEREZ MORENO FILHOS LTDA,SP,G,standard,14,31799408.45811243,24940512.66,21.56925594118289,alta
71322523000100,DELOS - DESTILARIA LOPES DA SILVA LTDA,SP,C,standard,33,31733160.968826324,26153801.19,17.58211160970479,alta
46570420000104,METALURGICA CASER LTDA,SP,C,labor_intensive_midcap,90,31728856.199024063,28026642.6,11.668285726410573,alta
14005696000153,HSL INDUSTRIA E COMERCIO LTDA,SP,C,labor_intensive_midcap,61,31718327.28360377,31567281.619999997,0.47620942382372056,alta
02120942000139,ATACADO REDEMAIS LTDA,SP,G,standard,17,31703808.852866746,30284908.23,4.47548945759697,alta
62762323000170,BRILHO INDUSTRIA E COMERCIO DE EMBALAGENS LTDA,SP,C,labor_intensive_midcap,50,31701715.36526165,25740713.0,18.803406366437965,alta
57543274000144,COMERCIO DE AVES ABATIDAS MAJESTADE LTDA,SP,C,labor_intensive_midcap,66,31675798.40127951,34397177.76,8.591352060791502,alta
64993371000102,ANIMAL HEALTH CAES E GATOS LTDA,SP,M,labor_intensive_midcap,118,31668239.13794775,27676252.18,12.605648645504225,alta
29230335000188,VM IND COMERCIO E ACESSORIOS DE BANHEIROS LTDA,RJ,G,standard,14,31667499.011826776,24940512.66,21.242556443483164,alta
74454950000122,MASTICMOL INDUSTRIA E COMERCIO LTDA.,SP,C,labor_intensive_midcap,76,31642372.78742991,29103401.24,8.023960669721111,alta
55945653000135,ACT - SISTEMAS HIDRAULICOS LTDA,SP,C,family_mature_sweet_spot,45,31640657.824738264,29401523.1,7.0767641341122625,alta
26172180000182,CORREIA & CORREIA DISTRIBUIDORA DE DESCARTAVEIS E EMBALAGENS PLASTICAS LTDA,SP,G,standard,17,31616524.438723367,30284908.23,4.211772901554055,alta
26407344000103,SUCESSO GELADO COMERCIO DE PRODUTOS ALIMENTICIOS LTDA,RJ,G,standard,18,31612218.28419236,32066373.419999998,1.436644311780982,alta
55717243000137,ANACIREMA TRANSPORTES LTDA,SP,H,labor_intensive_midcap,112,31582512.907039955,24055860.64,23.831708037906676,alta
08732024000147,S.LIMA USINAGEM LTDA,SP,C,family_mature_sweet_spot,38,31575895.46885967,37670395.6,19.301115742388887,alta
03128695000180,COMERCIAL CALDATO DE GAS LTDA,SP,G,standard,15,31542887.160543237,26721977.849999998,15.283665334775312,baixa
07069981000172,RAPIDO SETE LAGOS LOGISTICA LTDA,SP,H,labor_intensive_midcap,129,31541344.989769973,27707196.63,12.155944399370194,alta
03226004000180,NETO COMERCIO DE FRUTAS LTDA,SP,G,standard,14,31478002.917601287,24940512.66,20.768440344561295,alta
45069283000166,MACEDO TRANSPORTES PESADOS LTDA,SP,H,labor_intensive_midcap,114,31470476.22249362,24485429.580000002,22.19555431290561,alta
07869813000161,SIEM TECNOLOGIA DA EMBALAGEM LTDA,SP,C,labor_intensive_midcap,55,31418554.039796382,28314784.3,9.878779704072265,alta
21513121000107,KAPER SAO PAULO COMERCIO DE PAPEIS LTDA,SP,G,standard,15,31381515.807383034,26721977.849999998,14.848033428285836,alta
02151796000109,PERFORMANCE TRADING IMPORTACAO EXPORTACAO E COMERCIO LTDA.,SP,C,family_mature_sweet_spot,42,31380846.72626247,28560148.26,8.988598972066102,alta
03015068000132,RENOBOHR INDUSTRIA E COMERCIO DE BORRACHAS LTDA,SP,C,labor_intensive_midcap,60,31361605.31858426,25617379.2,18.316109970239143,alta
25321215000135,HIGIMARCAS DO BRASIL INDUSTRIA E COMERCIO DE PRODUTOS DE HIGIENE PESSOAL LTDA,RJ,C,family_mature_sweet_spot,31,31352896.593952402,34954038.220000006,11.485833901363424,alta
09040631000109,COMERCIAL BRASMERO - PRODUTOS SIDERURGICOS MAQUINAS E EQUIPAMENTOS LTDA,RJ,G,standard,15,31340896.447095852,26721977.849999998,14.737672245248934,baixa
13396399000113,EMPORIUM IMPORTADORA E DISTRIBUIDORA DE ALIMENTOS LTDA,SP,G,standard,19,31337617.079792954,33847838.61,8.010250185313804,baixa
24397306000191,BEKA INDUSTRIA E COMERCIO DE FERRO E ACO LTDA,SP,C,labor_intensive_midcap,50,31331208.789772987,32962367.5,5.206178673704569,alta
18656982000130,SK FABRICACAO E COMERCIO DE PRODUTOS DE PAPEL LTDA,SP,C,labor_intensive_midcap,80,31320000.65386366,31389810.4,0.2228919051051352,alta
33033978000109,RIOPOLIS BAR LTDA,RJ,C,labor_intensive_midcap,123,31316769.703875314,30932993.25,1.225466283733037,alta
61293783000133,COLDEMAR RESINAS SINTETICAS LTDA,SP,C,standard,14,31299281.191450607,34966405.32,11.716320595730064,baixa
29826187000169,ROTATIVO AUTO PECAS LTDA,RJ,G,family_mature_sweet_spot,38,31207732.956008017,27195897.76,12.855259950036418,alta
04215905000130,NETSPEED PROCESSAMENTO DE DADOS LTDA,SP,J,labor_intensive_midcap,87,31174318.439833503,36855053.97,18.22248509179223,alta
59927665000198,SKY COMERCIO E ARTES GRAFICAS DO BRASIL LTDA,SP,C,standard,78,31169625.75798454,25807736.759999998,17.202288662740905,alta
12034574000160,MOVITEC FABRICACAO DE ARTEFATOS DE METAL LTDA.,SP,C,labor_intensive_midcap,53,31145245.36815004,34940109.55,12.184409327950538,alta
37292248000183,ITA VENTURES INOVACOES TECNOLOGICAS APLICADAS LTDA,SP,J,labor_intensive_midcap,71,31117355.34008742,30077113.01,3.3429651032949805,alta
10818167000118,VET VALE DISTRIBUIDORA LTDA,SP,G,standard,14,31111764.81278158,24940512.66,19.835750848329432,baixa
59169144000119,BARTIRA GRAFICA E EDITORA LTDA,SP,C,labor_intensive_midcap,74,31097107.733412433,28896612.98,7.076203910269446,alta
08223614000144,TRANSPORTES COLETIVOS CIDADE SEM LIMITES LTDA.,SP,H,family_mature_sweet_spot,140,31057858.975455374,30069825.8,3.1812662174691524,alta
59122663000121,IBRAVIR INDUSTRIA BRASILEIRA DE VIDROS E REFRATARIOS LTDA,SP,C,labor_intensive_midcap,77,31042756.151527878,35582505.42,14.624182357753321,alta
54972021000106,RUYCEPEL COMERCIO DE SUCATAS LTDA,SP,G,standard,14,31041427.71551886,24940512.66,19.654105833762166,alta
08708780000130,J. FREITAS PECAS E EQUIPAMENTOS INDUSTRIAIS LTDA,SP,C,labor_intensive_midcap,68,31031954.541339222,34208798.08,10.237329828608582,alta
07831005000105,DICETTI INDUSTRIA E COMERCIO DE VEDACOES ESPECIAIS LTDA.,SP,C,labor_intensive_midcap,51,31015762.877582762,33321726.180000003,7.4348108460808495,alta
72824857000137,AGUA MINERAL SANTA CANDIDA LTDA,SP,C,labor_intensive_midcap,87,31003301.326722234,25904598.87,16.445675907189862,alta
02553503000110,MASSA DA FEIRA PRODUTOS ALIMENTICIOS LTDA,SP,C,family_mature_sweet_spot,54,30991411.62653066,23717770.38,23.469861051130536,alta
37117750000158,BEEF FRIGORIFICO LTDA,SP,C,standard,41,30978691.21695776,24153708.439999998,22.031217294363167,alta
03136028000149,V R ABRASIVOS LTDA.,SP,G,standard,15,30970177.594984528,26721977.849999998,13.717066141953623,alta
20754269000170,M H RIO COMERCIAL DE ALIMENTOS LTDA.,RJ,G,standard,16,30951400.09081295,28503443.04,7.9090349503755055,alta
58859331000161,HB SOLUCOES EM AR COMPRIMIDO LTDA,SP,C,standard,44,30937532.09529964,28748155.92,7.07676413411227,alta
47126610000108,RIACHO EMBALAGENS FLEXIVEIS LTDA.,SP,C,family_mature_sweet_spot,79,30928500.645690367,30997437.77,0.22289190510513401,alta
65910689000137,PLEION INDUSTRIA E COMERCIO DE PLASTICOS LTDA,SP,C,labor_intensive_midcap,62,30844512.694318857,23742248.38,23.026022115197815,alta
51982508000173,BAZAR O AMIGAO PLAZA RIO DAS OSTRAS LTDA,RJ,G,labor_intensive_midcap,65,30841894.86289925,24726504.400000002,19.82819307984756,alta
21237450000172,"GERALSEG EPI'S, FERRAGENS, FERRAMENTAS LTDA",SP,G,standard,14,30821867.565214105,24940512.66,19.08176035332741,baixa
49907009000170,FRIGORIFICO SUZANO INDUSTRIA E COMERCIO DE CARNES LTDA,SP,C,labor_intensive_midcap,50,30803703.458084513,26058468.0,15.404756329191038,alta
01664908000162,C.C.M - COMERCIAL CREME MARFIM LTDA,SP,G,standard,14,30766897.13398705,24940512.66,18.937185796194118,baixa
01012826000133,KERT INDUSTRIA E COMERCIO DE COSMETICOS LTDA,SP,C,standard,33,30763872.01568371,37209137.46,20.95076146796617,alta
61456521000142,ROFFER SAO PAULO LIMITADA,SP,C,labor_intensive_midcap,50,30755059.82924452,29367938.0,4.510223153347689,alta
54255161000155,SELMAR INDUSTRIA E COMERCIO DE EQUIPAMENTOS LTDA,SP,C,labor_intensive_midcap,59,30753805.898305524,34290925.08,11.501403089395717,alta
07982991000102,PX INDUSTRIA E COMERCIO DE MAQUINAS LIMITADA,SP,C,labor_intensive_midcap,58,30753612.87861961,26996050.12,12.218280738104518,alta
02620659000176,PAPEL BRAS COMERCIO DE APARAS LTDA,SP,G,standard,17,30744878.7718169,30284908.23,1.4960883249230614,alta
29982719000157,"SURGICAL IMPLANTES - IMPORTACAO, EXPORTACAO E COMERCIO DE IMPLANTES ORTOPEDICOS LTDA",SP,G,standard,14,30723988.26335518,24940512.66,18.823974133114714,alta
20757013000117,TRANSDIVINO GUINDASTES E TRANSPORTES SOCIEDADE UNIPESSOAL LTDA,SP,H,labor_intensive_midcap,109,30722432.286414657,23411507.23,23.796700040730563,alta
10210349000101,NALCON COMPOSTOS PARA ROTOMOLDAGEM LTDA,SP,C,labor_intensive_midcap,55,30662808.90500545,28314784.3,7.657565268334418,alta
62053921000170,SELMEC EQUIPAMENTOS PARA PROCESSOS LTDA,SP,C,labor_intensive_midcap,58,30653755.322656635,37895296.440000005,23.623667120455686,alta
39926789000141,BAZAR O AMIGAO SHOPPING PARK SUL VOLTA REDONDA LTDA,RJ,G,labor_intensive_midcap,62,30617520.918420997,23585281.12,22.968024802393643,alta
56149784000179,CLIMBER EQUIPAMENTOS INDUSTRIAIS LTDA,SP,C,labor_intensive_midcap,50,30614855.592312474,29060106.0,5.078415567319802,alta
00681993000104,QUALINJET INDUSTRIA E COMERCIO DE PLASTICOS LTDA,SP,C,labor_intensive_midcap,62,30593555.68433031,23742248.38,22.39460942370774,alta
21399053000105,INDUSTRIAS MINC LTDA,RJ,C,labor_intensive_midcap,56,30573698.03162287,24023156.64,21.425414043298066,alta
22399193000138,ABC DO VALE TRANSPORTES LTDA,SP,H,labor_intensive_midcap,160,30573209.50493961,34365515.2,12.404015660991316,alta
64151509000118,CONVERGENCIA TELEINFORMATICA LTDA,SP,J,labor_intensive_midcap,59,30562926.330915973,24993657.29,18.222302997479566,alta
19765374000126,MACHADO TRANSPORTES PESADOS LTDA,SP,H,labor_intensive_midcap,115,30533549.806426175,24700214.05,19.104675982346716,alta
52646635000164,FERRAMENTARIA ITUPEVA COMERCIO E INDUSTRIA LTDA,SP,C,family_mature_sweet_spot,49,30528770.657358818,31557568.490000002,3.3699287933600344,alta
01049356000182,STRETCH SHRINK FILM LTDA,SP,C,labor_intensive_midcap,70,30487026.093895875,26805764.3,12.074847125325018,alta
48992518000185,DANGLASS DO BRASIL LTDA,SP,C,labor_intensive_midcap,78,30472661.996227242,36044615.88,18.285090696909293,alta
70914619000197,PLAZA INDUSTRIA E COMERCIO LTDA,SP,C,family_mature_sweet_spot,38,30419055.98803002,27214748.04,10.533883593530728,alta
21940395000182,SORETTO INDUSTRIA E COMERCIO LTDA.,SP,C,standard,47,30416683.87335826,30269504.47,0.483877216763841,alta
01574096000164,FABRICADORA DE PAPEIS BONSUCESSO LTDA,SP,C,labor_intensive_midcap,62,30395078.20158222,34472678.279999994,13.415330111588638,alta
23892764000134,NOVAFIXO COMERCIO DE PARAFUSOS E FERRAMENTAS LTDA,SP,G,standard,13,30391524.43628077,23159047.47,23.79767747894472,alta
05851127000138,AUTOPLAST INDUSTRIA E COMERCIO DE AUTO PECAS LTDA,SP,C,family_mature_sweet_spot,47,30368197.56805984,30269504.47,0.3249883297770767,alta
14731678000159,SANEFER COMERCIAL E EQUIPAMENTOS LTDA,RJ,G,standard,15,30343911.46805621,26721977.849999998,11.936277964260182,alta
03479679000131,TAPLAST COMERCIO E DISTRIBUIDORA LTDA,RJ,G,family_mature_sweet_spot,21,30288909.358230494,37410768.99,23.51309367907057,alta
03407951000178,CAST METAIS E SOLDAS LTDA,SP,C,family_mature_sweet_spot,40,30282033.625879575,34527226.800000004,14.01885100111774,alta
35824810000147,AGROPONTO COMERCIO AGRICOLA LTDA,RJ,G,standard,13,30261532.303670242,23159047.47,23.470341033619192,baixa
08797702000150,MAXIMUS INDUSTRIA E COMERCIO DE EMBALAGENS PLASTICAS LTDA,SP,C,labor_intensive_midcap,51,30258907.75817098,26255527.26,13.230419716950703,alta
08667022000111,SUPERMERCADO AVISTAO ITAOCARENSE LTDA,RJ,G,labor_intensive_midcap,61,30249042.35642895,23204873.36,23.28724629833389,alta
60875937000132,FRUTIFLORA COMERCIO E INDUSTRIA DE AROMAS LTDA,SP,C,standard,12,30237042.833820123,24041664.0,20.489367521385372,alta
06320968000181,HIDROPARTS METALURGICA LTDA.,SP,C,family_mature_sweet_spot,43,30234406.36586101,28094788.740000002,7.076764134112266,alta
13470259000148,"EMBAPAX - COMERCIO, INDUSTRIA E SERVICOS LTDA",SP,C,labor_intensive_midcap,57,30215184.093860332,28252080.779999997,6.497075469612093,alta
09007870000167,DELFINGEN BR-SAO PAULO EQUIPAMENTOS AUTOMOTIVOS LTDA,SP,C,family_mature_sweet_spot,39,30189875.368523955,25117248.39,16.8024111282443,alta
05443534000106,CORDEIRO & CORDEIRO COMERCIAL E TRANSPORTES LTDA,SP,G,standard,14,30147605.5256881,24940512.66,17.271994823108763,baixa
60481926000178,MEPLIN COMERCIAL LTDA,SP,G,standard,15,30132814.7124522,26721977.849999998,11.319343695571508,baixa
40570358000174,GR SHIRO COMERCIO DE OVOS LTDA,SP,G,standard,15,30124024.139423564,26721977.849999998,11.293465553200377,alta
09460383000155,JEVINET COMERCIO E SERVICOS LTDA,RJ,J,labor_intensive_midcap,71,30090475.504083425,30077113.01,0.04440771991658893,alta
28193833000135,GM LITORAL REPRESENTACAO COMERCIAL LTDA,SP,G,standard,16,30056768.73019302,28503443.04,5.167972991829467,baixa
03468120000106,SISPLAC MONTAGENS ELETRONICAS LTDA,SP,C,labor_intensive_midcap,72,30016577.39728688,32051995.919999998,6.780981374968798,alta
21370304000110,NITROTEC INDUSTRIAS METALURGICAS LTDA,SP,C,family_mature_sweet_spot,41,30015260.19985969,27029141.349999998,9.948668877018935,alta
05906781000100,BIOTEC INDUSTRIA E COMERCIO DE ALIMENTOS LTDA,SP,C,family_mature_sweet_spot,34,29992969.77023908,23120120.02,22.91486906061152,alta
11813050000104,H F DE IGUACU LATICINIOS LTDA,RJ,G,family_mature_sweet_spot,20,29979720.592132658,35629303.8,18.844682659750724,baixa
04716985000107,MENDES E ANDRADE COMERCIO E INDUSTRIA DE COUROS LTDA,SP,G,standard,16,29909207.254003726,28503443.04,4.700105228685215,alta
03281740000131,DILUMIX INDUSTRIAL LTDA,SP,C,family_mature_sweet_spot,35,29905136.514763545,33907546.75,13.383688227808449,alta
10542482000165,IDEIA EMBALAGENS E ACESSORIOS LTDA,SP,C,labor_intensive_midcap,81,29898542.674276635,31782183.03,6.300107587999484,alta
03525717000145,SENSOR TECHNOLOGY LTDA,SP,C,labor_intensive_midcap,51,29883131.704984464,27275854.17,8.724913977304366,alta
47726446000161,LAMINACAO RIOS DE ALUMINIO LTDA,SP,C,labor_intensive_midcap,50,29844076.633438304,29159342.5,2.294371984928845,alta
22731460000122,LINEAR PLASTICOS INDUSTRIA E COMERCIO LTDA,SP,C,labor_intensive_midcap,64,29839769.980585564,24508127.36,17.867572786433854,alta
61748646000146,"BETINA IMPORTACAO, INDUSTRIA E COMERCIO DE PLASTICOS LTDA",SP,C,standard,64,29839769.980585564,24508127.36,17.867572786433854,alta
49974496000193,GARUTTI & SEVERINO LIMITADA,SP,G,standard,16,29838878.92034517,28503443.04,4.475489457596959,alta
16926564000190,NOVA LIK AUTO PECAS LTDA,RJ,G,standard,33,29836178.532930568,23617490.16,20.84277772391971,alta
41630667000155,FLORENTINO INDUSTRIA DE EMBALAGENS LTDA,SP,C,labor_intensive_midcap,52,29801755.634468414,26770341.52,10.171931317235254,alta
58706862000114,HIPERVIDRO COMERCIO DE VIDROS LTDA,SP,G,standard,14,29801549.03325577,24940512.66,16.311354714586493,baixa
00567295000182,BCR INDUSTRIA DE PECAS AUTOMOTIVAS LTDA,SP,C,labor_intensive_midcap,60,29740175.195202712,25617379.2,13.862715899090421,alta
50157882000171,LAJES TAMOYO LTDA,SP,C,labor_intensive_midcap,64,29720675.99515419,33040608.0,11.170445804755948,alta
60036597000156,ESQUADROS INDUSTRIA E COMERCIO LTDA,SP,C,capital_intensive,65,29670146.78035903,25771461.3,13.140095022852638,alta
22946681000118,RAC SOLUCOES EM TECNOLOGIAS E SERVICOS LTDA,SP,C,labor_intensive_midcap,50,29669563.416472647,27012881.5,8.954233263161695,alta
04527734000184,FRIGORIFICO ELDORADO RIOPRETENSE LTDA,SP,C,standard,32,29653637.661568575,30661430.72,3.3985478271946867,alta
04544067000148,TAVARES E RITER COMERCIO DE AUTO PECAS LTDA,RJ,G,family_mature_sweet_spot,32,29639519.93950748,22901808.64,22.732187678001374,alta
06183183000104,ASPEX TRANSPORTE E DISTRIBUICAO LTDA,SP,H,labor_intensive_midcap,124,29638617.268595118,26633274.28,10.139956804866056,alta
08998183000198,SPADA MIDIA E EVENTOS LTDA,SP,C,labor_intensive_midcap,51,29627392.321238894,29279516.67,1.1741689834427707,alta
02800327000173,BISCOITONE INDUSTRIA DE PRODUTOS ALIMENTICIOS LTDA.,SP,C,labor_intensive_midcap,59,29620164.459675927,30103466.75,1.6316664648571673,alta
65439929000167,LAMARE INDUSTRIA E COMERCIO LTDA,SP,C,labor_intensive_midcap,83,29597303.337652646,24086566.799999997,18.619049427527017,alta
26852803000168,VALLEFRUTAS COMERCIO E DISTRIBUICAO LTDA,SP,G,standard,13,29579680.1574982,23159047.47,21.70622756335188,baixa
32848374000158,WINTH COMERCIO DE ARTIGOS PARA PRESENTES LTDA,RJ,G,standard,13,29543349.33858327,23159047.47,21.609946101288678,alta
30271182000104,GENIUS SISTEMAS DE CONTROLE E AUTOMACAO EM ESTACIONAMENTO E TRAFEGO LTDA,SP,C,standard,42,29531280.63642238,27441421.560000002,7.0767641341122625,alta
29069706000191,IMPERIAL PORTAS E CORTINAS FLEXIVEIS LTDA,SP,G,standard,13,29508956.574414108,23159047.47,21.518582293485196,baixa
47874037000102,GATTI TRANSPORTADORA TURISTICA LIMITADA,SP,H,family_mature_sweet_spot,121,29495563.723984677,25988920.87,11.888712779994123,alta
44830785000103,FBR EMBALAGENS LTDA,SP,C,labor_intensive_midcap,64,29478283.37809254,32948112.64,11.770798242906318,alta
22320182000110,"LITORAL MEDIC COMERCIO, DISTRIBUICAO E LOCACAO MATERIAIS MEDICOS HOSPITALARES LTDA",SP,G,standard,19,29478125.006625522,33847838.61,14.823580544530351,baixa
08897292000119,MASF INDUSTRIA E COMERCIO DE PANIFICACAO LTDA,SP,C,labor_intensive_midcap,88,29474765.92973847,22130922.0,24.91569889730294,alta
20629297000166,NOVAPACK EMBALAGENS LTDA,SP,C,labor_intensive_midcap,56,29470565.418189276,35472664.64,20.366420313423035,alta
07151245000169,KAPELE COURO & MODA COMERCIO DE COMPONENTES PARA CALCADOS LTDA,SP,G,standard,16,29462832.7651568,28503443.04,3.2562711562867497,alta
20829473000103,"TOPWAY IMPORTACAO,EXPORTACAO, COMERCIO ATACADISTA DE ABRASIVOS E FERRAMENTAS LTDA",SP,G,standard,16,29451050.6499196,28503443.04,3.2175680969201252,alta
05191136000140,CBE CONSERVADORA DE BOMBAS LTDA,SP,C,labor_intensive_midcap,123,29383103.356467135,27304979.1,7.072514537542014,alta
11691890000141,CAMPIDELLES COMERCIO DE COSMETICOS LTDA.,SP,G,standard,15,29382261.067616228,26721977.849999998,9.05404526729317,alta
11263880000105,MEGA OPCAO COMERCIO DE FERRO E ACO LTDA,SP,G,standard,13,29369524.809467033,23159047.47,21.145991907452093,alta
09537159000114,NCO INDUSTRIA E COMERCIO DE METALICOS LTDA,SP,C,family_mature_sweet_spot,34,29362334.249418054,22414409.9,23.662711180926493,alta
50265741000172,FBJ COMERCIO DE CABOS ELETRICOS LTDA,SP,G,standard,15,29306226.403664853,26721977.849999998,8.81808704426608,baixa
56995905000101,COMERCIO DE APARAS DE PAPEL GUARAPIRANGA LTDA,SP,G,standard,14,29289414.753557496,24940512.66,14.84803342828582,alta
33723712000198,TUPY ACESSORIOS E DESCARTAVEIS LTDA,SP,G,standard,14,29284925.311956454,24940512.66,14.834979449931247,alta
41982476000152,CONFERENCIA TRANSPORTES E LOGISTICA LTDA,SP,N,labor_intensive_midcap,60,29271879.88305619,22751125.8,22.27651284819148,alta
34426476000100,STONEMED PRODUTOS HOSPITALARES LTDA,SP,G,standard,13,29248891.389266886,23159047.47,20.82076834372466,alta
04405310000147,EXPRESSO RODA BRASIL LTDA.,SP,H,labor_intensive_midcap,111,29228490.195926134,23841076.17,18.432064023194155,alta
03962015000129,LINK PLASTICOS LTDA,SP,C,standard,69,29213421.86471491,26422824.81,9.552448417846938,alta
09239952000137,PAULA JACINTO EQUIPAMENTOS INDUSTRIAIS LTDA,SP,G,standard,13,29193059.52108563,23159047.47,20.669337678455292,baixa
43382146000151,VEDUGAL BRASIL  - VEDACAO E EXTRUSAO LTDA,SP,C,labor_intensive_midcap,59,29170255.763149742,33872382.03,16.11959217988884,alta
11844988000191,BYKALL DISTRIBUIDORA DE PRODUTOS PARA PISCINA LTDA,SP,G,standard,17,29164658.198614314,30284908.23,3.841121756876657,baixa
08362815000122,MINIMERCADO E PADARIA OLIVEIRAO DE TERESOPOLIS LTDA,RJ,G,labor_intensive_midcap,60,29134977.589772135,22824465.6,21.659573858699126,alta
08746476000188,USI-MATRIX - USINAGEM LTDA,SP,C,labor_intensive_midcap,51,29089543.541428216,33879907.92,16.467650555429074,alta
03445212000170,J.F. INDUSTRIA E COMERCIO DE PRODUTOS AUTO ADESIVOS LTDA.,SP,C,labor_intensive_midcap,70,29078697.894523185,26805764.3,7.816490280162368,alta
22409126000157,KTO COMERCIO DE PRODUTOS DE LIMPEZA E TRANSPORTES LTDA,SP,H,labor_intensive_midcap,132,29058895.028240632,28351550.04,2.434177168654232,alta
01687851000117,INOVE PACK DO BRASIL INDUSTRIA E COMERCIO DE SANEANTES E DOMISSANITARIOS LTDA,SP,C,labor_intensive_midcap,50,29058690.844372258,34253050.5,17.875408370758468,alta
46901533000145,EMPORIUM PREMIUM SERVICOS LTDA,RJ,H,labor_intensive_midcap,136,29044209.61733859,29210687.92,0.5731893029790989,alta
64936891000175,CHIANG COMERCIO DE APARAS DE PAPEIS LTDA,SP,G,standard,16,29022055.00477497,28503443.04,1.7869581071693348,alta
51920650000196,FARKON INDUSTRIA E COMERCIO QUIMICO LTDA,SP,C,standard,11,29010415.935785826,22038192.0,24.033519378759518,alta
10795477000164,PEDREIRA NOGUEIRENSE LTDA,SP,B,standard,47,29008790.64976332,22744992.94,21.59275712451813,alta
02066002000109,BOLLMEC METALURGICA BOLLANI LTDA,SP,C,family_mature_sweet_spot,34,28977978.941223763,22414409.9,22.650196048995333,alta
04298208000190,EF INTERNATIONAL FRAGRANCE INDUSTRIA E COMERCIO LTDA,SP,C,standard,16,28975277.571043275,26379866.4,8.9573297949595,alta
28999878000100,COLONIAL DE ICARAI PANIFICACAO LTDA,RJ,G,labor_intensive_midcap,60,28972317.548052743,22824465.6,21.219745151060394,alta
54624788000136,OTA TRANSPORTES LTDA,SP,H,labor_intensive_midcap,119,28968650.426627155,25559351.93,11.768924152204985,alta
57135816000140,MEKAB INDUSTRIA E COMERCIO LTDA,SP,C,labor_intensive_midcap,52,28963590.746997576,33489664.52,15.626770218301075,alta
61186847000105,PERFILADOS GRANADO LTDA,SP,C,standard,14,28960267.92676337,22896438.18,20.938444913900597,baixa
40318115000143,1001 DISTRIBUIDORA DE PECAS LTDA,RJ,G,family_mature_sweet_spot,32,28932051.910720553,22901808.64,20.842777723919717,alta
22150376000115,ALL DUBBING PRODUCOES ARTISTICAS LTDA,RJ,J,labor_intensive_midcap,76,28924594.739432547,34964186.84,20.880472673775284,alta
46753919000157,REIPAR PARAFUSOS E REPRESENTACOES LTDA,SP,G,standard,13,28891921.36988821,23159047.47,19.842480624577416,alta
61253365000112,PACRI INDUSTRIA E COMERCIO LTDA,SP,C,labor_intensive_midcap,88,28891443.25702977,27403828.32,5.148981045340509,alta
67201640000130,MODALGR TECNOLOGIA & INOVACAO LTDA,SP,J,labor_intensive_midcap,68,28802877.458717797,28806249.08,0.011705848789009684,alta
55762351000121,BAZAR O AMIGAO SHOPPING VIA PARQUE LTDA,RJ,G,recent_startup,57,28801441.092009835,21683242.32,24.71473128469458,baixa
11309198000106,"ENGEKAR INDUSTRIA, COMERCIO E DISTRIBUICAO DE AUTO PECAS LTDA.",SP,C,family_mature_sweet_spot,48,28790573.828949403,30913536.48,7.373811524784278,alta
56415631000126,TEXIGLASS INDUSTRIA E COMERCIO TEXTIL LTDA,SP,C,labor_intensive_midcap,75,28751606.619126223,22069408.500000004,23.24112947024348,alta
04080865000166,RENNA & RENNA ASSESSORIA AMBIENTAL A INDUSTRIA LTDA,RJ,G,standard,13,28747706.432438567,23159047.47,19.44036466203924,baixa
57108908000130,SENHORA FEIRA LTDA,SP,G,recent_startup,13,28721583.661271658,23159047.47,19.367094297004986,baixa
19864860000100,LIMA DISTRIBUIDORA DE CARNES E HORTI FRUTTI LTDA,SP,G,standard,13,28721583.661271658,23159047.47,19.367094297004986,alta
07046827000185,POLY FFS EMBALAGENS PLASTICAS LTDA.,RJ,C,labor_intensive_midcap,57,28713953.78774084,29344412.82,2.195653851502427,alta
58148461000196,MAC INDUSTRIA MECANICA LTDA,SP,C,family_mature_sweet_spot,45,28713369.64270817,26243408.25,8.602130030166709,alta
07333986000160,LIMPEZA AMBIENTAL COMERCIO DE SUCATAS DE PLASTICOS LTDA,SP,G,standard,14,28694379.56687994,24940512.66,13.08223757942055,alta
66550492000105,4A DIVISAO - INDUSTRIA E COMERCIO DE MOVEIS LTDA,SP,C,labor_intensive_midcap,95,28685739.52836706,23721177.0,17.306726652306285,alta
47931528000148,JD NUTRI ALIMENTOS LTDA,SP,C,standard,33,28677567.67255285,22440116.490000002,21.750279709121497,alta
12696474000107,DOIS DEZ INDUSTRIAL LTDA,SP,C,labor_intensive_midcap,56,28655969.86102292,23581736.08,17.707422940602534,alta
11399609000100,UNIGROUP CORES E ADITIVOS PARA PLASTICOS LTDA,SP,C,labor_intensive_midcap,62,28651370.045872994,23742248.38,17.133985767567562,alta
28930257000161,VD SUMARE PRODUTOS NATURAIS LTDA,SP,G,standard,14,28614091.74193979,24940512.66,12.838356412184876,alta
02191264000103,EMBARK - INDUSTRIA E COMERCIO DE IMPLEMENTOS RODOVIARIOS LTDA,SP,C,labor_intensive_midcap,58,28604351.501144063,32056306.519999996,12.067936651938668,alta
05926447000100,ARCA SOLUTIONS ENGENHARIA DE SOFTWARE LTDA,SP,J,labor_intensive_midcap,64,28596599.234435532,27111763.84,5.192349559690018,alta
05076846000129,INOWA DISTRIBUIDORA DE PRODUTOS DE CONSUMO LTDA,SP,G,standard,13,28587868.375866592,23159047.47,18.989946485305335,alta
68418599000111,GRAMOLA FUNDICAO LTDA,SP,C,labor_intensive_midcap,69,28557654.995939136,26820386.25,6.083373253812938,alta
74642513000132,FORTLIGHT ILUMINACAO INDUSTRIA LTDA,SP,C,labor_intensive_midcap,51,28527070.546208043,23949063.99,16.047937865868864,alta
05099739000116,RECICLAGEM DE METAIS SILVA XAVIER LTDA,RJ,G,standard,15,28508766.457139757,26721977.849999998,6.267505855877794,alta
13683997000173,LOGBEV GESTAO LOGISTICA LTDA,RJ,H,labor_intensive_midcap,147,28501278.946716443,31573317.09,10.778597511454757,alta
06178478000192,INOVA CONCRETO - INDUSTRIA E COMERCIO DE ARTEFATOS DE CIMENTO LTDA.,SP,C,labor_intensive_midcap,52,28492205.967831176,26845494.0,5.7795172816396825,alta
43578079000145,GUMAPLASTIC ARTEFATOS DE BORRACHA E PLASTICOS LTDA,SP,C,labor_intensive_midcap,55,28475273.23053027,23482597.6,17.533372165072965,alta
02307789000153,FRIGORIFICO ILHA SOLTEIRA LTDA,SP,C,standard,34,28448864.503043298,32577770.14,14.513428599285627,alta
35000776000196,METALLUM COMERCIO DE SUCATAS LTDA,SP,G,standard,14,28441429.162555873,24940512.66,12.309214429930798,alta
02275182000139,EMFLEX EMBALAGENS FLEXIVEIS LTDA,SP,C,family_mature_sweet_spot,46,28376214.019797247,23681455.96,16.54469499180494,alta
07433281000115,TAMC CALDEIRARIA E INDUSTRIALIZACAO LTDA,SP,C,labor_intensive_midcap,96,28342699.828675915,24754291.200000003,12.660786200209886,alta
72998453000160,ALUBOND INDUSTRIA E COMERCIO LTDA,SP,C,labor_intensive_midcap,68,28334911.11865185,28634965.24,1.0589555763618939,alta
28189835000150,POLYCART IND E COM DE MANUFATURADOS DE PAPEIS LTDA,RJ,C,labor_intensive_midcap,61,28306245.43090529,30234682.939999998,6.812763330982792,alta
14791264000115,ECOLUBRI INDUSTRIA E COMERCIO DE LUBRIFICANTES LTDA,SP,G,standard,15,28298723.676278293,26721977.849999998,5.571791308736724,baixa
46751897000196,ZFR COMERCIO DE PERFILADOS LTDA,SP,G,standard,12,28292020.24644041,21377582.28,24.43953420862675,alta
07474132000102,MONTE AZUL ENGENHARIA AMBIENTAL LTDA,SP,M,labor_intensive_midcap,91,28279404.227382034,21343550.41,24.526166681638472,alta
08356017000198,TRANSPORTES DE CARGA KARINA LTDA,SP,H,labor_intensive_midcap,123,28244735.060686465,26418489.81,6.465789984443498,alta
34400055000100,BRIGITTE ENGENHARIA LTDA,SP,M,labor_intensive_midcap,104,28206851.75157216,24392629.04,13.52232693377263,alta
96631767000198,TECH FILTER TRATAMENTO E FILTRACAO LTDA,SP,C,family_mature_sweet_spot,44,28206595.208351575,28748155.92,1.9199790249341349,alta
57612731000105,ALBERTO BELESSO INDUSTRIA E COMERCIO DE BEBIDAS LTDA.,SP,C,standard,32,28190070.10782035,28709687.68,1.8432645615716268,alta
41372258000104,MERCADO ECONOMIZANDO CENTRO LTDA,RJ,G,labor_intensive_midcap,56,28184588.006861486,21302834.560000002,24.416725357795308,alta
00027416000101,PIN - TOR ARTEFATOS DE CIMENTO LTDA,SP,C,labor_intensive_midcap,51,28174419.119249158,26329234.5,6.549148755966725,alta
54009043000167,M M C SISTEMAS DE IRRIGACAO LTDA,SP,G,recent_startup,15,28133533.86589937,26721977.849999998,5.017343440136815,baixa
48352756000126,A.G COMERCIO E REPRESENTACOES LTDA,SP,G,standard,15,28132111.097117454,26721977.849999998,5.012539735284725,alta
10573631000153,MAR DOS LAGOS DISTRIBUIDORA DE TINTAS LTDA,RJ,G,standard,19,28101404.27062431,33847838.61,20.44892235290427,baixa
02191083000179,TRANSPORTES RIMASA LTDA,SP,H,labor_intensive_midcap,120,28081939.978334688,25774136.4,8.21810594323315,alta
00817307000180,ATLANTICA EMPRESA DE COMERCIO EXTERIOR LTDA,SP,G,standard,12,28071181.63806898,21377582.28,23.845092965347053,alta
01783579000179,IBEPLAS - INDUSTRIA BRASILEIRA DE EMBALAGENS PLASTICAS LTDA,SP,C,family_mature_sweet_spot,49,28047048.95657416,25225898.740000002,10.058634763829183,alta
57303216000143,PRODUTOS NATURAIS PLANETA VERDE LTDA,SP,C,labor_intensive_midcap,53,28034873.13437954,23580395.36,15.889059861365858,alta
30119903000157,VITORIA PANIFICACAO E LANCHONETE LTDA,RJ,G,labor_intensive_midcap,58,28006573.62978431,22063650.080000002,21.219745151060366,alta
53935821000186,PRADO COMERCIO DE SUCATAS LTDA,SP,G,standard,12,27995736.03907167,21377582.28,23.639863405752866,baixa
02396291000104,RIO PRETO DISTRIBUIDORA DE PRODUTOS DE PANIFICACAO LTDA,SP,G,standard,13,27991748.684359975,23159047.47,17.26473493619277,baixa
54246657000162,ALUMINIO FORT LAR INDUSTRIA E COMERCIO  DE ARTEFATOS DE ALUMINIO LTDA,SP,C,labor_intensive_midcap,91,27986898.47136496,21215700.87,24.19416931209069,alta
13863575000180,INTERFOCUS TECNOLOGIA LTDA,SP,J,labor_intensive_midcap,59,27983443.673759017,24993657.29,10.684126008989514,alta
06145442000102,CRISTO REI COMERCIAL DE ARMARINHOS LTDA,SP,G,standard,13,27941447.382511854,23159047.47,17.11579163041171,alta
55837579000133,JB BECHARA INDUSTRIA DE MOVEIS LTDA,SP,C,labor_intensive_midcap,84,27936500.28366094,20974514.400000002,24.920751751187513,alta
15461374000181,WORKLAB - SISTEMAS E TECNOLOGIA LTDA,SP,J,labor_intensive_midcap,56,27901039.929866664,23722793.36,14.97523597819041,alta
04176529000111,INJECTPOLI INJECAO TECNICA DO BRASIL LTDA,SP,C,labor_intensive_midcap,74,27899623.65255319,28337522.259999998,1.5695502308567335,alta
57311946000196,RIOTEX DISTRIBUIDORA DE TECIDOS LTDA,SP,G,standard,14,27876746.14773029,24940512.66,10.532913246653635,alta
62182753000112,ALESSANDRO JOSE ZAMPRONIO LTDA,SP,C,standard,61,27864709.345461894,22527409.8,19.15433417693674,alta
03339077000189,CARTON-BOX INDUSTRIA E COMERCIO LTDA,SP,C,family_mature_sweet_spot,46,27843393.134047147,29138260.24,4.650536303958861,alta
18899079000108,COMERCIAL FAMILIA DISTRIBUIDORA DE FRANGOS LTDA,SP,G,standard,13,27833225.370082907,23159047.47,16.79351867393364,baixa
39978946000162,CLUB DISTRIBUIDOR LTDA,RJ,G,standard,12,27704527.851829406,21377582.28,22.83722576203954,alta
02887522000182,PROVASI COMERCIAL LTDA,SP,C,family_mature_sweet_spot,44,27696358.228030454,25921052.959999997,6.409887009021052,alta
02394842000109,ART FLOC INDUSTRIA E COMERCIO LTDA,SP,C,labor_intensive_midcap,60,27695092.826245766,33360656.4,20.45692213165343,alta
67321257000116,SULAMERICANA DE FIEIRAS INDUSTRIA E COMERCIO LTDA,SP,C,family_mature_sweet_spot,57,27674442.709604125,25630192.5,7.38678003765073,alta
58878893000152,JOCEC PRODUTOS METALURGICOS LTDA,SP,C,labor_intensive_midcap,87,27667182.833631206,27092421.18,2.077413002571941,alta
59977819000156,NONATO RIOPEL EMBALAGENS DE PAPEL LTDA,SP,C,labor_intensive_midcap,72,27667158.55619989,28250829.36,2.1096160005535367,alta
03913739000182,NOVA ORION HIDRO COMERCIAL LTDA,SP,G,standard,15,27640456.41057108,26721977.849999998,3.3229500516489674,baixa
21565180000129,WORLD WIFI TELECOMUNICACOES LTDA,SP,J,family_mature_sweet_spot,45,27599727.953535326,31507086.599999998,14.15723608958315,alta
01711036000146,SANTA RITA CRISTAIS TEMPERADOS LTDA,SP,C,labor_intensive_midcap,55,27591985.554943282,30184208.450000003,9.394839997632237,alta
10605441000170,DOG STAR FOODS NUTRICAO ANIMAL LTDA,SP,C,family_mature_sweet_spot,34,27582387.626241855,32938759.700000003,19.419537374139797,alta
06078980000121,PLAYBALL INDUSTRIA PLASTICA E TAPECARIA LTDA,SP,C,labor_intensive_midcap,60,27562157.950014394,22976369.4,16.637988064399728,alta
05876269000150,CONSER ALIMENTOS LTDA.,SP,C,family_mature_sweet_spot,30,27528436.572598215,30169672.8,9.594574034149364,alta
16726872000171,J O ATACADO DE CARNES LTDA,SP,G,standard,17,27522262.370802257,30284908.23,10.037858886661045,baixa
49481138000149,S 3 INDUSTRIAL LIMITADA,SP,C,labor_intensive_midcap,65,27519890.162412595,24891066.849999998,9.55244841784694,alta
48461708000176,MARBIDAV BAZAR LTDA,RJ,G,labor_intensive_midcap,55,27511283.09488571,20922426.8,23.949651029219226,alta
03853305000134,SUNFLEX MANGUEIRAS E PERFIS LTDA,SP,C,labor_intensive_midcap,59,27508537.950852316,22593429.91,17.867572786433847,alta
10916101000160,COUROS PREMIUM INDUSTRIA E COMERCIO LTDA,SP,C,standard,66,27484394.916118182,24289920.599999998,11.622865723868602,alta
44211340000137,POLIEMBALAGENS INDUSTRIA E COMERCIO DE EMBALAGENS LTDA,SP,C,standard,49,27481015.521160357,25225898.740000002,8.206089689167115,alta
53865366000190,CIMAR COMERCIO DE PAPEL E DERIVADOS LTDA,SP,G,standard,13,27480997.396558292,23159047.47,15.72704900113841,baixa
18239911000131,MATRA PIRAJU INDUSTRIA E COMERCIO DE ARTEFATOS DE CONCRETO LTDA,SP,C,labor_intensive_midcap,66,27468158.872174054,34073127.0,24.045907694661498,alta
05289945000199,VMCL INDUSTRIA E COMERCIO LTDA,SP,C,family_mature_sweet_spot,39,27458893.300956596,25117248.39,8.527819695031258,alta
47239058000156,SERPAC COMERCIO E INDUSTRIA LTDA,SP,C,family_mature_sweet_spot,26,27454182.234579246,22119712.42,19.43044512853981,alta
61056735000121,PIRAMIDE INDUSTRIA E COMERCIO LTDA,SP,C,family_mature_sweet_spot,47,27450634.541302122,30984625.45,12.873986221996608,alta
05415264000120,ARD TRANSPORTES LTDA,SP,H,labor_intensive_midcap,116,27446656.50916308,24914998.52,9.223921275503582,alta
06074206000142,SETE SERVICOS IMPORTACAO E EXPORTACAO LTDA,SP,N,labor_intensive_midcap,217,27437232.023369666,30104477.27,9.721262131539023,alta
56260243000113,PERCAPI INDUSTRIA E COMERCIO DE FERRO LTDA,SP,C,labor_intensive_midcap,81,27424867.541327905,25223978.34,8.025158911018531,alta
56606544000156,MICROPRESS LTDA,SP,C,standard,30,27417512.099484418,32521316.1,18.615124457669374,alta
05565335000170,SALVADOR DOIS IRMAOS MERCEARIA LTDA,RJ,G,labor_intensive_midcap,56,27397971.655279405,21302834.560000002,22.246672753619375,alta
02583027000180,BELLA UNION DO BRASIL INDUSTRIA E COMERCIO LTDA.,SP,C,family_mature_sweet_spot,39,27384487.420220263,25710646.65,6.112368453478256,alta
03118332000163,VECOFLOW LTDA.,SP,C,standard,48,27325949.081948556,25601878.56,6.309279567118396,alta
07729964000114,FRANPACK INDUSTRIA E COMERCIO DE EMBALAGENS LTDA,SP,C,labor_intensive_midcap,71,27314201.487407,27858456.73,1.992572409059537,alta
72359524000427,ICEFRUIT INDUSTRIA E COMERCIO DE ALIMENTOS LTDA,SP,C,standard,48,27296468.05188615,23845745.28,12.641645671252721,alta
14177278000143,FORMATEC COMERCIAL LTDA,SP,G,standard,12,27287338.43765744,21377582.28,21.65750306193944,alta
53050084000134,BARRAO DISTRIBUIDORA DE CARNES LITORAL LTDA,SP,G,standard,12,27274299.473743986,21377582.28,21.62005003802407,baixa
50708577000120,ITW DO BRASIL INDUSTRIAL E COMERCIAL LTDA,SP,C,standard,45,27274186.830092523,23166641.7,15.060192832442329,alta
02956576000152,PRUDENFLEX - COMERCIO E SERVICOS LTDA,SP,G,standard,12,27262121.870291144,21377582.28,21.585038825256703,alta
30129434000157,DDX SOLUCOES PARA PROTECAO RADIOLOGICA LTDA,SP,G,standard,12,27256635.821239233,21377582.28,21.56925594118291,alta
59287912000139,COMERCIAL E INDUSTRIAL DE AUTO PECAS CIAP LTDA,SP,C,standard,49,27242696.331037793,31557568.490000002,15.838638387809818,alta
28629590000135,FRISOLDAS FRIBURGO LTDA,RJ,G,family_mature_sweet_spot,29,27235142.576669738,20754764.080000002,23.79417871019695,alta
63023063000183,ARTESANATO COSTA LTDA,SP,C,labor_intensive_midcap,59,27229713.15041635,23185245.34,14.853141449103038,alta
72704299000176,FIT-PEL INDUSTRIA E COMERCIO LTDA.,SP,C,labor_intensive_midcap,59,27229713.15041635,23185245.34,14.853141449103038,alta
49228695000152,LUMAR COMERCIO DE PRODUTOS FARMACEUTICOS LTDA,SP,G,standard,13,27214459.386882007,23159047.47,14.901680974918833,baixa
66886052000115,MOGIGLASS ARTIGOS PARA LABORATORIOS LTDA,SP,G,standard,12,27183889.902699433,21377582.28,21.359369992603046,baixa
42471154000101,ALTERNATIVA DISTRIBUIDORA E COMERCIO LTDA,RJ,G,standard,17,27178684.994131677,30284908.23,11.428894505157288,baixa
41372258000104,MERCADO ECONOMIZANDO CENTRO LTDA,RJ,G,labor_intensive_midcap,54,27177995.578045007,20542019.04,24.416725357795325,alta
08685244000167,ACTIVA INDUSTRIA E COMERCIO DE EQUIPAMENTOS INDUSTRIAIS LTDA,SP,C,labor_intensive_midcap,61,27177308.866983246,30687304.16,12.915168717388806,alta
43377936000149,JANDAIA TRANSPORTES E TURISMO LIMITADA,SP,H,standard,107,27167429.219002664,22981938.29,15.40628263080211,alta
55229090000189,DISTRIBUIDORA ANCHIETA MATERIAIS DE CONSTRUCAO E FERRAGENS LTDA,SP,G,standard,13,27162713.392023977,23159047.47,14.739565463292815,alta
08580439000142,TELOS INDUSTRIA E COMERCIO LTDA,SP,C,labor_intensive_midcap,60,27141799.645972583,24587932.2,9.40935191949049,alta
07069981000172,RAPIDO SETE LAGOS LOGISTICA LTDA,SP,H,labor_intensive_midcap,111,27140227.08422067,23841076.17,12.155944399370169,alta
04414787000199,BETO-MONT JUNDIAI LTDA,SP,C,labor_intensive_midcap,118,27097971.506230894,26195020.6,3.332171583482804,alta
00595037000100,LANCO LTDA,SP,C,labor_intensive_midcap,64,27073169.686781727,25118525.44,7.2198574064124665,alta
28877793000140,GLAMOUR CONFEITARIA LTDA,RJ,G,labor_intensive_midcap,56,27040829.711515892,21302834.560000002,21.219745151060387,alta
11878457000110,MERCANZIA COMERCIO DE PRODUTOS PARA RESTAURANTES LTDA,SP,G,standard,14,27039258.338696856,24940512.66,7.7618463214032225,alta
55456602000140,DIPAWA IND COM E CONSTRUTORA LTDA,SP,C,labor_intensive_midcap,75,27011921.20560737,27589538.25,2.1383782367643054,alta
40547350000197,JOHNNY ALVES DA SILVA TRANSPORTE E TURISMO LTDA,SP,H,labor_intensive_midcap,137,26969648.003078774,29425472.39,9.105882237101788,alta
10615047000113,WARIE INDUSTRIAL LTDA,SP,C,labor_intensive_midcap,78,26910933.231751002,30613202.880000003,13.757492601114475,alta
43410976000145,REDIFER COMERCIO E INDUSTRIA DE FERRO E ACO LTDA,SP,G,standard,13,26907959.118615836,23159047.47,13.932352253434981,alta
57103482000122,VENEZA COMERCIO E TRANSPORTE DE PRODUTOS DE HIGIENE PESSOAL LTDA,RJ,H,recent_startup,135,26886434.669138473,28995903.45,7.845847940868393,baixa
48553222000168,UBBY INTERNET LTDA,SP,J,standard,29,26882511.6472676,20304566.919999998,24.469234175654854,alta
48332787000115,RASIL BORRACHAS E PLASTICOS LTDA,SP,C,labor_intensive_midcap,52,26878588.058288433,22201728.64,17.399944551202903,alta
32194193000155,SAAJ INDUSTRIA E COMERCIO DE MATERIAIS PLASTICOS LTDA,RJ,C,labor_intensive_midcap,69,26816842.563445657,26422824.81,1.469292115630156,alta
19128532000137,PROCESS TELECOMUNICACOES LTDA.,SP,J,partnership_heavy_services,33,26806565.979689512,23105196.84,13.807696004381622,baixa
47572847000104,GODOY SANTOS INDUSTRIA LTDA,SP,C,labor_intensive_midcap,80,26793138.4525251,31437620.8,17.33459615305792,alta
38424782000169,CENTRO DE RECICLAGEM BANGU COMERCIO DE PAPEL SUCATAS E SERVICOS LTDA,RJ,G,standard,14,26770759.068590794,24940512.66,6.836737067863565,alta
68210657000117,DINAMICA QUIMICA CONTEMPORANEA LTDA,SP,C,family_mature_sweet_spot,31,26750175.4419337,33191499.740000002,24.07955907447565,alta
32953445000182,FLEXQUIM IMPORTADORA E DISTRIBUIDORA LTDA,SP,G,standard,13,26718704.468443576,23159047.47,13.322715562978548,alta
14218293000192,LIKA.COM COSMETICOS LTDA,SP,G,standard,15,26607764.358459856,26721977.849999998,0.4292487335706112,baixa
11428474000155,"REFRI-SYLAM INDUSTRIA DE PECAS, COMPRESSORES PARA REFRIGERACAO E AR CONDICIONADOS LTDA",SP,C,standard,45,26605015.338351935,24001761.15,9.784824985984002,alta
28686887000132,EBM HOTELARIA LTDA,RJ,I,labor_intensive_midcap,145,26593514.729925033,20041591.15,24.637298403254366,alta
08244781000171,BOELHE PESCADOS COMERCIAL LTDA,RJ,G,standard,16,26587560.087674428,28503443.04,7.2059374610073545,alta
45514841000155,MOLDMIX INDUSTRIA COMERCIO LTDA,SP,C,standard,47,26578930.428220373,27409781.95,3.125978014892066,alta
00136712000132,WILDMANN METAL - FABRICA DE PECAS E ACESSORIOS LTDA,SP,C,family_mature_sweet_spot,42,26571794.844643142,27049344.42,1.7972048111500958,alta
10629330000102,PANVIP PRODUTOS ALIMENTICIOS E DESCARTAVEIS LTDA,RJ,G,standard,15,26561482.700048875,26721977.849999998,0.6042401765125385,alta
10661142000153,GAIA CENOGRAFIA LTDA,SP,N,labor_intensive_midcap,72,26554777.755685456,27301350.96,2.8114458768336,alta
14699856000101,PASOLUGA HIDROJATEAMENTO LTDA,SP,C,labor_intensive_midcap,72,26532588.82090729,20894371.2,21.25016016704883,alta
12313444000166,COMERCIO DE BANANAS MACIEL LTDA,SP,G,standard,12,26512231.071943063,21377582.28,19.36709429700496,alta
11976392000145,GV DISTRIBUIDORA DE HORTI FRUTTI LTDA,SP,G,standard,12,26512231.071943063,21377582.28,19.36709429700496,alta
04116159000127,IV- PLAST INDUSTRIA E COMERCIO LTDA,SP,C,labor_intensive_midcap,59,26486262.182177827,22593429.91,14.697552434549447,alta
51647626000125,JUVICOL SISTEMAS PARA HIGIENE LTDA,SP,G,standard,13,26483451.40650437,23159047.47,12.5527594023787,alta
30816809000157,COMAR FOOD ATACADO E DISTRIBUIDORA DE ALIMENTOS LTDA,SP,G,standard,13,26466287.75830084,23159047.47,12.496049005828423,alta
03204281000192,ALUMINIO NACIONAL INDUSTRIA & COMERCIO LTDA,SP,C,labor_intensive_midcap,95,26464978.73498085,22148259.150000002,16.311063871270377,alta
32344558000180,PARMEZAO INDUSTRIA E COMERCIO DE ALIMENTOS LTDA,RJ,C,family_mature_sweet_spot,74,26433334.064583465,32502129.779999997,22.958873445888045,alta
07928190000150,STRIPSTEEL INDUSTRIA E COMERCIO DE FITAS DE ACO LTDA.,SP,C,standard,17,26423452.858382452,27802817.790000003,5.22022969144234,alta
44059632000104,TRANSMOTOR EQUIPAMENTOS ELETRICOS LTDA,SP,C,standard,44,26392559.8445602,31086721.16,17.785926575846414,alta
10926504000190,SALUS BRASIL COMERCIO DE ARTIGOS ESPORTIVOS LTDA,SP,C,labor_intensive_midcap,96,26362022.189147197,23970873.6,9.070429316805564,alta
04667152000101, CEVADA PURA - DISTRIBUIDORA DE BEBIDAS LTDA.,SP,G,standard,13,26347071.219664555,23159047.47,12.100106774999432,alta
61605481000153,SIGPER INDUSTRIA E COMERCIO DE ESTRUTURAS METALICAS LTDA.,SP,C,labor_intensive_midcap,55,26338813.334851462,23160633.65,12.066525717945323,alta
47041868000101,MOVEIS LAZZARINI LTDA,SP,C,labor_intensive_midcap,82,26337651.90227791,20475121.2,22.2591244049773,alta
56793540000124,SOBERANO INDUSTRIA DE BARBANTES LTDA,SP,C,labor_intensive_midcap,78,26295188.66193042,23799592.439999998,9.490695252335229,alta
34483498000102,M B DISTRIBUIDORA DE BEBIDAS E ALIMENTOS LTDA,RJ,G,standard,18,26270027.078740366,32066373.419999998,22.064485597544213,baixa
08675997000191,"SEGATO, FRASCARELI & CIA. EMBALAGENS PLASTICAS LTDA.",SP,C,labor_intensive_midcap,61,26262835.38450532,31403669.86,19.57456002076491,alta
04506487000130,HELIANTO FARMACEUTICA LTDA,SP,C,labor_intensive_midcap,75,26241610.609052144,29435772.0,12.172124030550236,alta
14104355000135,GALAXIE AUTO PECAS LTDA,RJ,G,family_mature_sweet_spot,30,26229799.052058738,21470445.6,18.14483383045659,alta
08790513000155,SOACO MATERIAIS PARA CONSTRUCAO LTDA,SP,G,standard,13,26196676.37148374,23159047.47,11.595474396860268,baixa
30082317000185,SIGIL SOCIEDADE INDUSTRIAL DE GRANITOS LTDA,RJ,B,family_mature_sweet_spot,46,26168491.397864036,22261056.92,14.931829345664813,alta
60431731000113,ARO ESTAMPARIA E FERRAMENTARIA MECANICA LTDA,SP,C,standard,47,26081621.184292022,27409781.95,5.092324423866252,alta
39646341000174,WB ATACADISTA DE ALIMENTOS LTDA,SP,G,standard,15,26038238.08351948,26721977.849999998,2.6259064238039964,alta
20165373000120,COSTA MATA ENTREPOSTO DE PESCADOS LTDA,RJ,C,labor_intensive_midcap,52,26030937.957602203,20904139.88,19.69501861958435,alta
26214141000109,CONTECOM DISTRIBUIDORA DE MATERIAL DE LIMPEZA E DESCARTAVEIS LTDA,RJ,G,standard,15,26014479.683299888,26721977.849999998,2.7196322021935018,baixa
63946347000141,A RIGOR - COMERCIO E REPRESENTACOES LTDA.,SP,G,standard,14,25999779.962664075,24940512.66,4.074139489584884,baixa
39907856000180,BAZAR O AMIGAO DE MACAE LTDA,RJ,G,labor_intensive_midcap,56,25992620.202607263,21302834.560000002,18.042758313903416,alta
02129111000128,SEAL TECHNOLOGY INDUSTRIA E COMERCIO LTDA,SP,C,family_mature_sweet_spot,33,25977801.995602984,24759356.490000002,4.6903333307768555,alta
06956200000107,RICAN INDUSTRIA E COMERCIO DE EMBALAGENS DE PAPEL E PAPELAO LTDA,SP,C,family_mature_sweet_spot,33,25970600.55590447,20903534.52,19.51077729218111,alta
38349812000110,PEPCOL COLAGENO LTDA,SP,C,standard,42,25967403.723430447,28560148.26,9.98461210902696,alta
50158608000117,BENZER TECNOLOGIA LTDA,SP,G,standard,11,25960312.01302389,19596117.09,24.515094116862198,alta
07526286000192,SOL NASCENTE ALIMENTOS LTDA,SP,G,standard,13,25943194.941884685,23159047.47,10.73170624559331,alta
01790382000167,VITAI INOVACAO LTDA,RJ,J,labor_intensive_midcap,54,25932305.78600101,22875550.74,11.78744023468648,alta
02756348000139,KALEFA INDUSTRIA E COMERCIO DE PESCADOS LTDA,SP,C,labor_intensive_midcap,51,25908569.729613706,20502137.19,20.86735237041707,alta
41588165000103,COLOSSO COUROS LTDA,SP,C,labor_intensive_midcap,60,25907784.36418619,22081746.0,14.767910333062451,alta
14999249000167,LGL COMERCIO DE FERRAGENS LTDA,SP,G,standard,11,25886267.251567893,19596117.09,24.299178017591192,alta
41579299000168,FP - TRANSPORTES E COMERCIO LTDA,RJ,G,standard,17,25880577.338810433,30284908.23,17.01790046462699,baixa
22087559000133,DTS SISTEMAS E TELEATENDIMENTO LTDA,SP,N,labor_intensive_midcap,154,25872820.510838594,21364467.74,17.42505332555438,alta
21971438000197,COLORADO SERVICOS AMBIENTAIS LTDA,SP,M,labor_intensive_midcap,91,25852885.634886492,21343550.41,17.442289764363824,alta
10207659000177,HIDRELI COMERCIO DE MATERIAIS DE CONSTRUCAO LTDA,SP,G,standard,11,25841635.352288645,19596117.09,24.1684327525948,alta
28645362000159,2P & R DISTRIBUIDORA LTDA.,SP,G,standard,11,25841635.352288645,19596117.09,24.1684327525948,alta
51671628000150,ALIMENTAMAX DISTRIBUIDORA DE ALIMENTOS LTDA,SP,G,standard,11,25819762.33023781,19596117.09,24.104192597269687,alta
07130150000169,COMERCIO DE MOLAS RIO SERTAO LTDA,RJ,G,family_mature_sweet_spot,30,25812958.32255609,21470445.6,16.822995134042724,alta
03124977000109,MV SISTEMAS DE MEDICINA DIAGNOSTICA LTDA,RJ,J,family_mature_sweet_spot,55,25806822.37939239,23299172.05,9.717005420221094,alta
54673959000117,T.P. PINTURAS ELETROSTATICAS LTDA,SP,C,labor_intensive_midcap,54,25804494.37790509,31492089.9,22.041104308421836,alta
28773541000171,HM AGRONEGOCIOS LTDA,SP,C,standard,26,25772362.06868282,25774481.2,0.008222495522654106,alta
06005929000190,BAZAR O AMIGAO DE SULACAP LTDA,RJ,G,labor_intensive_midcap,51,25769710.450745642,19400795.76,24.714731284694576,alta
39287010000195,FIBRAW SOLUCOES E TECNOLOGIA EM FIBRA DE VIDRO LTDA,SP,C,standard,51,25729909.255429633,23567633.46,8.403744350452149,alta
55511043000123,E.R HORTOLANDIA PRODUTOS NATURAIS LTDA,SP,G,recent_startup,13,25723628.061939195,23159047.47,9.969746824841407,baixa
29355683000181,SHIBATA ATACADISTA E DISTRIBUIDORA DE PRODUTOS LTDA,SP,G,standard,13,25697642.30071497,23159047.47,9.878707163125004,alta
43015957000114,PLASTICOGERAL EMBALAGENS PLASTICAS LTDA,SP,C,standard,63,25691535.75965276,24125187.87,6.096746820844505,alta
71446280000104,SOROLABOR COMERCIAL FARMACEUTICA LTDA,SP,G,standard,14,25684625.705145184,24940512.66,2.897114615129945,alta
03745249000114,QUALIFLEX INDUSTRIA E COMERCIO DE EQUIPAMENTOS DE PROTECAO LTDA,SP,C,labor_intensive_midcap,72,25674769.16037338,20894371.2,18.619049427527003,alta
02476403000137,SHIBAOKA & CIA LTDA,SP,G,standard,12,25639790.49943356,21377582.28,16.623412814265073,baixa
27004186000103,SERRANA DISTRIBUIDORA DE ALIMENTOS LTDA,SP,G,standard,12,25618134.00976792,21377582.28,16.552929765107177,baixa
48141775000103,R4A TRANSPORTES LTDA,SP,H,labor_intensive_midcap,121,25601741.58239118,25988920.87,1.5123162085001358,alta
43262088000122,TERMICOM IND E COMERCIO DE TERMINAIS E CONEX MECAN LTDA,SP,C,family_mature_sweet_spot,41,25571073.992326777,26405312.41,3.2624301111621525,alta
38988614000104,BELLPAR REFRESCOS LTDA,SP,C,standard,40,25563569.23600873,30426715.6,19.023737722591044,alta
08678467000105,Y 888 IMPORTACAO E EXPORTACAO DE ARTIGOS DE BAZAR LTDA,RJ,G,standard,15,25543783.814229574,26721977.849999998,4.612449135723158,alta
14391313000122,GP ALIMENTOS LTDA,SP,C,family_mature_sweet_spot,43,25542474.83335511,25331938.119999997,0.8242612148145472,alta
45907110000170,MODELACAO SOROCABANA LTDA.,SP,C,standard,48,25524680.548032656,21583320.0,15.441370718100686,alta
06243056000153,ATM COMERCIO DE MATERIAIS PARA COMUNICACAO VISUAL LTDA,SP,G,standard,11,25503202.713215128,19596117.09,23.162132574644133,alta
74560533000164,RACE ABRASIVOS INDUSTRIA E COMERCIO LTDA,SP,C,family_mature_sweet_spot,32,25482574.908231918,30331236.8,19.027362459363424,alta
04326049000190,AMENDOLA & AMENDOLA SOFTWARE LTDA,SP,J,labor_intensive_midcap,62,25474426.706039783,26264521.22,3.101520293576974,alta
51466233000115,BRIGATTO INDUSTRIA DE MOVEIS LTDA,SP,C,labor_intensive_midcap,81,25435132.948961925,20225424.6,20.48233189665535,alta
06306060000113,AIRLINK FILTROS INDUSTRIA E COMERCIO LTDA,SP,C,family_mature_sweet_spot,46,25418495.949058253,24535133.619999997,3.475273796013034,alta
48909675000184,MULTIPACK PRODUTOS QUIMICOS INDUSTRIA E COMERCIO LTDA,SP,C,family_mature_sweet_spot,24,25416063.75801343,25298349.599999998,0.46314865722005877,alta
61067997000191,DURR BRASIL LTDA,SP,C,family_mature_sweet_spot,42,25402860.407614656,21128963.52,16.824471020332542,alta
60641396000188,GASPAROTTO LABATE & CIA LTDA,SP,C,family_mature_sweet_spot,28,25377904.994876,31571389.360000003,24.405026208327737,alta
60819919000133,IRMAOS FRACCAROLI & CIA LTDA,SP,C,standard,14,25353367.874662865,23082383.099999998,8.9573297949595,alta
74591405000188,ELETROTEL COMERCIO DE MATERIAIS ELETRICOS LTDA,SP,G,standard,15,25341240.26140121,26721977.849999998,5.448579368476584,alta
07632450000146,BORRACHEIRO NOVA PENHA LTDA,RJ,G,family_mature_sweet_spot,28,25315545.42188048,20039082.560000002,20.8427777239197,alta
03577844000198,COMERCIAL FERRARI DE PARAFUSOS LTDA,SP,G,standard,13,25308279.892078657,23159047.47,8.49221057789611,alta
58609751000190,HIPER MASSAS LTDA,SP,C,standard,58,25300572.850915823,25474642.259999998,0.6880058017258446,alta
22776251000103,DISTRIBUIDORA PRAT'S LTDA,SP,G,standard,13,25264316.211913195,23159047.47,8.332973369453287,baixa
07342481000162,DSIN TECNOLOGIA DA INFORMACAO LTDA,SP,J,labor_intensive_midcap,59,25252166.829608876,24993657.29,1.0237123069603968,alta
54083480000120,MORAES & BUENO MOTO PECAS LTDA,SP,G,family_mature_sweet_spot,27,25192265.95146887,19323401.04,23.296296263205647,alta
18821545000124,BM STRAP INDUSTRIA E COMERCIO DE PLASTICOS LTDA,SP,C,labor_intensive_midcap,54,25177305.92111907,20678732.46,17.867572786433854,alta
54317938000169,DUTRA EMBALAGENS LTDA,SP,C,labor_intensive_midcap,54,25177305.92111907,20678732.46,17.867572786433854,alta
34213809000113,"CCCF COMERCIO, INDUSTRIA DE GENEROS ALIMENTICIOS LTDA",RJ,G,standard,13,25169116.567265097,23159047.47,7.9862520875261485,alta
31207749000138,PAU BRASIL PRODUTOS ALIMENTICIOS LTDA,RJ,G,standard,13,25148012.573785525,23159047.47,7.9090349503755135,alta
37301301000165,DISTRIBUIDORA ANGRENSE LATICINIOS LTDA,RJ,G,standard,13,25148012.573785525,23159047.47,7.9090349503755135,alta
10809041000187,NN - RECUPERACAO DE CREDITOS LTDA,SP,N,labor_intensive_midcap,150,25123287.21368677,20809546.5,17.17028777721696,alta
51219269000102,COMERCIO DE APARAS VITO LTDA,SP,G,standard,12,25105212.64590643,21377582.28,14.84803342828583,alta
43257310000107,TASA TINTURARIA AMERICANA LTDA,SP,C,standard,96,25053664.388817385,18876135.36,24.65718759917094,alta
47872182000154,CARVALHO ALIMENTACAO SAUDAVEL LTDA,RJ,G,standard,11,25022054.0218093,19596117.09,21.68461840534768,alta
14171944000136,CG SISTEMAS CONSTRUTIVOS LTDA,SP,C,standard,87,25008322.263548758,21493190.790000003,14.055846835724306,alta
00984436000162,BELL TYPE INDUSTRIES LTDA,SP,C,standard,19,25004824.724803068,20343177.26,18.642991966982407,alta
65659013000112,INDUSTRIA DE MASSAS SANTA ERNESTINA LTDA,SP,C,labor_intensive_midcap,50,24981981.17338498,21960898.5,12.09304679407711,alta
07887793000151,CABOFIX INDUSTRIA E COMERCIO DE ARTEFATOS PLASTICOS LTDA,SP,C,labor_intensive_midcap,59,24979592.608959123,22593429.91,9.552448417846925,alta
15867166000187,BRB COMERCIO E LOCACOES DE MAQUINAS E EQUIPAMENTOS LTDA,SP,G,standard,14,24950247.643206,24940512.66,0.03901758148942074,baixa
16898031000141,REDE COMERCIO E DISTRIBUIDORA DE ALIMENTOS E EMBALAGENS LTDA,SP,G,standard,13,24942870.10576557,23159047.47,7.151633425510398,alta
07651454000171,COMERCIAL DENETOS PRODUTOS ALIMENTICIOS E DE LIMPEZA LTDA,SP,G,standard,13,24942870.10576557,23159047.47,7.151633425510398,alta
40433401000150,BWA TRANSPORTES ESPECIALIZADOS LTDA,RJ,H,labor_intensive_midcap,94,24924409.42043576,20189740.18,18.99611405257113,alta
09394642000197,PRIMAVERA ARTEFATOS PLASTICOS LTDA.,SP,G,standard,11,24919234.01800807,19596117.09,21.36147894498394,baixa
16928763000137,BOM PRECO 15 DE MACUCO LTDA,RJ,G,labor_intensive_midcap,56,24907933.02910706,21302834.560000002,14.473695849808937,alta
17158442000163,"TRANSRECARI TRANSPORTE, REMOCOES DE CARGAS INDUSTRIAIS E ENGENHARIA LTDA",SP,H,labor_intensive_midcap,90,24845112.807231802,19330602.3,22.195554312905607,alta
50464619000125,NAUT INDUSTRIA E COMERCIO DE PECAS TORNEADAS LTDA,SP,C,family_mature_sweet_spot,41,24798030.397909544,20625892.96,16.82447102033253,alta
55325345000107,MEIRINHO E GOMES COMERCIO DE PRODUTOS ALIMENTICIOS LTDA,SP,G,recent_startup,12,24793341.027957007,21377582.28,13.776919956472955,baixa
22961053000101,I C M LUCINDO HIDRAULICA LTDA,SP,C,family_mature_sweet_spot,25,24781117.373733476,24783155.0,0.008222495522675502,alta
08911259000104,TOCAMIX DISTRIBUIDORA DE COSMETICOS LTDA,RJ,G,standard,11,24778720.81527487,19596117.09,20.91554186316207,alta
07292839000190,ARMAT INDUSTRIA E COMERCIO LTDA,SP,C,labor_intensive_midcap,54,24768223.0840544,29173912.02,17.787666563702548,alta
36751280000117,KIBARATO REPRESENTACAO COMERCIAL LTDA,SP,G,standard,14,24764156.778858893,24940512.66,0.7121416760358349,baixa
68072172000104,I.O.L. IMPLANTES LTDA,SP,C,standard,57,24754881.25397599,22371186.720000003,9.62918993438166,alta
50940042000180,IVTECH COMERCIAL E SERVICOS DE VULCANIZACAO E CONSULTORIA TECNICA LTDA,SP,G,standard,13,24731932.375197325,23159047.47,6.359733163328192,alta
04441775000153,MCS INDUSTRIAL LTDA,SP,C,family_mature_sweet_spot,48,24695682.120883342,26688525.119999997,8.069600950327478,alta
45844334000180,COSTA COMERCIO DE PRODUTOS ALIMENTICIOS LTDA,SP,G,standard,13,24690848.584112894,23159047.47,6.203922513617125,baixa
10290539000186,EDMAR & JP DISTRIBUIDORA DE COSMETICOS LTDA,SP,G,standard,16,24688381.972645216,28503443.04,15.452859857652395,baixa
32062972000105,POLYCRAFT PRODUTOS PARA ESCRITORIO LTDA,RJ,G,standard,13,24606288.267141186,23159047.47,5.881589215850191,alta
01864094000100,TRANSLIGHT TRANSPORTES & SERVICOS LTDA,SP,H,labor_intensive_midcap,89,24569055.99826256,19115817.830000002,22.195554312905607,alta
02022512000184,SANTA TEREZA ALIMENTOS LTDA.,SP,G,standard,15,24568155.616011593,26721977.849999998,8.766723345665852,alta
53675666000106,TEMPERA INDUSTRIA E COMERCIO DE VIDROS TEMPERADOS LTDA,SP,C,standard,53,24561266.25973328,29086600.87,18.424679584560906,alta
11116149000157,BANDEIRA 2008 TRANSPORTES LTDA,RJ,H,labor_intensive_midcap,115,24559441.955837782,24700214.05,0.5731893029790799,alta
66920711000192,APOLO INDUSTRIA E COMERCIO DE AUTO PECAS LTDA,SP,C,family_mature_sweet_spot,38,24553010.799707957,24473216.38,0.3249883297770828,alta
08014777000117,IBS DO BRASIL TECNOLOGIA EM PAPEL LTDA,SP,C,family_mature_sweet_spot,30,24525595.262273464,29718234.0,21.17232500250104,alta
45968179000103,INPLAFER INDUSTRIA E COMERCIO DE PLASTICOS E FERR LTDA,SP,C,family_mature_sweet_spot,47,24520797.314349793,24196270.22,1.3234769252787628,alta
13253290000127,CONTROLV COMERCIO DE MOVEIS E ARTEFATOS DE MADEIRA LTDA.,SP,C,standard,82,24494064.066322137,20475121.2,16.407823770853696,alta
19312513000166,INOVE COMERCIO DE EMBALAGENS LTDA,SP,G,standard,12,24470647.790892374,21377582.28,12.639900411805066,alta
46086864000179,TORNOMATIC INDUSTRIA E COMERCIO LTDA,SP,C,labor_intensive_midcap,80,24467130.080964815,19589824.8,19.934112684345067,alta
23838617000186,BF TRANSPORTE DE CARGAS SOROCABA LTDA,SP,H,labor_intensive_midcap,97,24449205.951286618,20834093.59,14.786215832487498,alta
29642632000130,MDX TECH LTDA.,SP,J,standard,51,24447648.129630316,21604686.81,11.628772242450085,alta
68385277000113,JVS EQUIPAMENTOS PARA AUTOMACAO INDUSTRIAL LTDA.,SP,C,standard,43,24447013.853435945,28094788.740000002,14.921147050650422,alta
11681265000119,INDUSTRIA DE FRIOS E EMBUTIDOS NALIN LTDA,SP,C,family_mature_sweet_spot,48,24419909.411201227,28277512.32,15.796958309064488,alta
40374852000163,SAO MIGUEL TRUCK CENTER LTDA,RJ,G,family_mature_sweet_spot,27,24411418.799670465,19323401.04,20.84277772391972,alta
54110168000189,CATARINA S SABATINI E CIA LTDA,SP,G,standard,14,24400348.17703403,24940512.66,2.2137572752932244,baixa
17558064000105,LINKED RH TECNOLOGIA PARA GESTAO DE PESSOAS LTDA,SP,J,labor_intensive_midcap,50,24390278.22636461,21181065.5,13.157753661438838,alta
02141835000197,ELITE-ACO INDUSTRIA E COMERCIO DE MOVEIS LTDA,SP,C,labor_intensive_midcap,66,24383730.84496202,21957582.240000002,9.949866246425081,alta
36588376000106,MASTERSON DISTRIBUIDORA LTDA,RJ,G,standard,13,24381141.322454847,23159047.47,5.012455472415925,alta
43084466000125,WEISHAUPT DO BRASIL IND E COM LTDA,SP,C,family_mature_sweet_spot,38,24360241.31630363,24827952.840000004,1.9199790249341573,alta
27568225000103,BMF - GRAFICA E EDITORA LTDA,SP,C,labor_intensive_midcap,53,24357105.058315508,20696222.810000002,15.030038420209063,alta
26511724000193,MAQ FOREST PECAS E SERVICOS LTDA,SP,G,standard,17,24350277.478221256,30284908.23,24.371922484606767,alta
00392034000179,VODAMED METALURGICA LTDA,SP,C,standard,46,24342081.47547119,30325378.099999998,24.58005339665797,alta
09408464000106,R.A. PACK EMBALAGENS LTDA,SP,G,standard,12,24327299.048195962,21377582.28,12.125130547177216,alta
22959948000101,"MAXMAC COMERCIO, IMPORTACAO, EXPORTACAO DE MAQUINAS E EQUIPAMENTOS LTDA",SP,C,standard,35,24313155.875248503,22867851.3,5.944537116713278,alta
04304856000101,KS COMERCIAL DE PRODUTO AGRICOLA LTDA,SP,G,standard,11,24302878.482614476,19596117.09,19.36709429700497,alta
61520011000197,ELEVADORES ZENIT LTDA,SP,C,family_mature_sweet_spot,46,24267663.152727094,26735297.52,10.168405386802165,alta
01374419000176,AGUA MINERAL CASCATAI LTDA,RJ,C,labor_intensive_midcap,85,24267444.820174042,25309090.85,4.292359733563778,alta
24175489000109,W. M. MUSSI PECAS E ACESSORIOS LTDA,SP,G,standard,26,24259219.06437743,18607719.52,23.296296263205647,alta
29254010000135,IDEALE SAO PAULO TRANSPORTES LTDA,SP,H,labor_intensive_midcap,98,24227206.053689126,21048878.06,13.11883832847146,alta
00140001000131,AGROPEL COMERCIO DE PRODUTOS AGROPECUARIOS LTDA,SP,G,standard,16,24225173.794289608,28503443.04,17.660427462934738,baixa
37967543000192,DISTRIBUIDORA DE BANANAS AJONAS LTDA,SP,G,standard,12,24213228.471855473,21377582.28,11.71114457186706,alta
06268253000127,COMERCIO 5 ESTRELAS BEBIDAS E ALIMENTOS LTDA,SP,G,standard,11,24162984.541411716,19596117.09,18.900262273415745,baixa
43989516000113,VALFRAN INDUSTRIA DE PRODUTOS AGROPECUARIOS LTDA,SP,C,labor_intensive_midcap,80,24156442.319536336,18905488.0,21.737283371772286,alta
05975614000102,FORTE METAL ESTRUTURAS METALICAS LTDA,SP,C,labor_intensive_midcap,52,24150630.21933913,21897326.36,9.33020728185697,alta
63046916000100,RAFIMEX COMERCIAL IMPORTADORA E EXPORTADORA LTDA,SP,G,standard,11,24148179.58290213,19596117.09,18.850540999476294,alta
73123903000133,ORTOMED PRO-HOSPITALAR COMERCIO E REPRESENTACAO LTDA,SP,G,standard,11,24140276.49263621,19596117.09,18.82397413311471,alta
01986474000117,KERO - KERO PAES EMBALADOS LTDA,SP,C,labor_intensive_midcap,81,24115613.900302604,20370507.75,15.529798104188467,alta
05842630000127,A M 163 COMERCIO DE PECAS LTDA,RJ,G,family_mature_sweet_spot,29,24095459.416588206,20754764.080000002,13.86441851483581,alta
26790398000109,BOUNCE BACK COMERCIO DE SUCATAS LTDA,SP,G,standard,14,24085824.327369466,24940512.66,3.5485118591491385,alta
49561293000175,SIADREX INDUSTRIA METALURGICA LTDA,SP,C,standard,41,24053370.06032069,26405312.41,9.77801590289071,alta
19766688000143,ADVICS AUTOMOTIVA LATIN AMERICA LTDA.,SP,C,family_mature_sweet_spot,34,24031972.040254403,23711006.36,1.3355777866118297,alta
00808152000115,VISUAL SYSTEMS INFORMATICA LTDA,SP,J,labor_intensive_midcap,67,24025120.39588166,28382627.77,18.137296722414323,alta
00410488000125,COMERCIO DE CALCADOS SEMEAR LTDA,SP,G,standard,11,24020355.79449513,19596117.09,18.418705960671314,baixa
62035829000187,PORTITAL INDUSTRIA E COMERCIO LTDA,SP,C,standard,49,24007442.885847416,25296715.5,5.370303785717308,alta
00411692000160,AMBIENTAL VS - COMERCIO DE RESIDUOS E SERVICOS AMBIENTAIS LTDA,SP,G,standard,12,24003528.08086927,21377582.28,10.939832644694167,baixa
49650831000106,SANCIM SANTOS COMERCIO INDUSTRIA E MINERACAO LTDA,SP,B,standard,43,24003254.58516504,20809248.86,13.306552716976395,alta
07795907000133,W V INDUSTRIA METALURGICA LTDA,SP,C,capital_intensive,65,23982862.773882847,21624891.6,9.831900370337182,alta
37154639000131,WEGER NOVATHERM INDUSTRIA E COMPONENTES PARA AR CONDICIONADO LTDA,SP,G,standard,11,23974287.379699387,19596117.09,18.261941305528325,alta
10860444000150,TRANSFORMS SERVICOS AUTOMOTIVOS LTDA,SP,G,standard,30,23974050.260880172,21470445.6,10.442977442845548,alta
51028934000172,METALURGICA CARLOS DE CAMPOS LTDA,SP,C,labor_intensive_midcap,73,23966765.42912697,22732721.220000003,5.148981045340502,alta
14042651000159,LITORAL SUL DISTRIBUIDORA DE PRODUTOS ALIMENTICIOS LTDA,SP,G,standard,11,23965379.853242505,19596117.09,18.231560651233934,alta
09443226000131,UNILOTUS DISTRIBUIDORA DE ALIMENTOS LTDA,SP,G,standard,13,23964107.337426584,23159047.47,3.359440249916014,alta
00487253000131,STEEL LOOP INDUSTRIAL DO BRASIL LTDA,SP,C,family_mature_sweet_spot,45,23960826.719578788,24311593.35,1.4639170614868502,alta
18410228000115,"VINILSEG - RCM IMPORTACAO, EXPORTACAO E DISTRIBUIDORA DE VESTIMENTAS IMPERMEAVEIS LTDA",SP,G,standard,13,23944355.718774848,23159047.47,3.2797217765984246,baixa
35109325000191,ZIG CARNES LTDA,SP,G,standard,12,23942635.06606595,21377582.28,10.713326995913718,baixa
00549079000104,VELIK INDUSTRIA E COMERCIO LTDA,SP,C,labor_intensive_midcap,50,23920721.173972823,19146974.5,19.95653324686107,alta
18911609000188,LUZ & MISAILIDIS DISTRIBUICAO E COMERCIO DE PRODUTOS ALIMENTICIOS LTDA.,SP,G,standard,12,23906362.63679178,21377582.28,10.577854921768811,alta
05377572000108,BUZZBAG EMBALAGENS LTDA,SP,G,standard,16,23894013.520688716,28503443.04,19.291148033042635,alta
10795856000154,AGA COMERCIO DE PREGOS E ARAMES LTDA.,SP,G,standard,13,23888685.85071745,23159047.47,3.054326157901814,baixa
50876002000117,PANIFICADORA E CONFEITARIA CHIP'S LTDA,SP,C,labor_intensive_midcap,93,23882236.0855715,23388360.75,2.067961030960066,alta
00517766000148,TROCALOR INDUSTRIA MECANICA LTDA,RJ,C,labor_intensive_midcap,54,23880155.662660513,28802113.38,20.61107886761206,alta
22206873000198,CRISTAL TINTAS INDUSTRIA E COMERCIO LTDA,SP,C,standard,25,23871550.201321166,27580313.0,15.536329929983236,alta
01982722000151,NOVA AEROFARMA COMERCIO E REPRESENTACOES LTDA,RJ,G,standard,11,23820545.68583652,19596117.09,17.734390519644254,alta
63055537000179,ALUSIL PRODUTOS CERAMICOS LTDA,SP,C,family_mature_sweet_spot,49,23815720.19156917,23894070.41,0.3289852996281191,alta
06251204000181,PIXEL HOUSE SOLUCOES EM IMAGEM LTDA,SP,M,labor_intensive_midcap,84,23800517.324874196,19701738.84,17.22138400996232,alta
11265754000190,PDCA SERVICOS LTDA,RJ,N,standard,50,23787521.14629006,18959271.5,20.297405587564057,alta
09425698000161,PAPER FACI COMERCIO DE MATERIAIS DE ESCRITORIOS LTDA,RJ,G,standard,13,23765857.727344487,23159047.47,2.5532857442224994,alta
45838624000110,WR COMERCIO DE SUCATAS LTDA,RJ,G,standard,13,23762362.62968731,23159047.47,2.538952750992714,baixa
39215421000175,GAUDARD & NUNES LTDA,RJ,G,family_mature_sweet_spot,48,23743260.10621318,18259572.48,23.09576528952819,alta
07623750000169,ZENO COMERCIAL ATACADISTA DE EMBALAGENS LTDA,SP,G,standard,13,23719194.468632873,23159047.47,2.3615768207205905,baixa
49204290000184,PARIQUERA COMERCIO DE BEBIDAS LTDA,SP,G,standard,12,23711661.07598531,21377582.28,9.843590411087714,baixa
26865919000131,COMERCIAL AGROPECUARIA SANTA LUZIA LTDA,SP,G,standard,12,23683046.984439474,21377582.28,9.73466254555099,baixa
36288250000116,VALENACO METALURGICA LTDA,SP,C,standard,48,23682163.778482493,27992968.799999997,18.202749807153527,alta
13852007000183,ECOBULK INDUSTRIA E SERVICOS DE PROTECAO AMBIENTAL LTDA,SP,C,standard,44,23675697.556826696,25260759.48,6.6948900634028625,alta
64773286000120,STICLE TEXTIL LTDA,SP,C,family_mature_sweet_spot,57,23612375.4907758,27220731.900000002,15.281632339930429,alta
21947632000137,LABMEDIC COMERCIO E MANUTENCAO DE EQUIPAMENTOS MEDICOS LTDA,RJ,G,standard,11,23595721.498946033,19596117.09,16.950549315157353,alta
55967419000109,PORTINARI PERFUMARIA LTDA,SP,G,recent_startup,12,23586960.84503843,21377582.28,9.366948881433258,baixa
68270974000129,LUIZ CLAUDINEI CONTATO LTDA,SP,G,standard,13,23584657.905198198,23159047.47,1.8046072023134665,baixa
13225374000157,TERRA MAR DISTRIBUIDORA DE MEDICAMENTOS LTDA,RJ,G,standard,11,23566438.617888376,19596117.09,16.847354800884755,baixa
10589940000111,DISTRIBUIDORA SUED OFFSHORE LTDA,RJ,G,standard,11,23566438.617888376,19596117.09,16.847354800884755,baixa
30995190000195,GIGA MOVEIS INDUSTRIA DE MOVEIS LTDA.,SP,C,labor_intensive_midcap,79,23561786.858673215,19726031.400000002,16.27956097591661,alta
40015915000195,HERMES ACESSORIOS SOCIEDADE UNIPESSOAL LTDA,SP,G,standard,12,23535199.316011548,21377582.28,9.167617435658041,alta
17812179000184,MODAMIX AVIAMENTOS LTDA,SP,G,standard,12,23535199.316011548,21377582.28,9.167617435658041,alta
02943733000195,APIS VIDA INDUSTRIA E COMERCIO DE PRODUTOS FARMACEUTICOS LTDA.,SP,C,family_mature_sweet_spot,34,23526937.7040771,23120120.02,1.7291569739932602,alta
05087405000122,GFS MATERIAIS DE CONSTRUCAO LTDA,SP,C,labor_intensive_midcap,53,23521073.05998136,20295792.97,13.712299952287626,alta
26221769000123,TEKLE COMPONENTES ELETRICOS LTDA,SP,G,standard,12,23507109.983720127,21377582.28,9.059079168791625,baixa
33331477000109,BAZAR O AMIGAO DE MARICA LTDA,RJ,G,labor_intensive_midcap,50,23480473.760483477,19020388.0,18.994871253362824,alta
11802815000100,FCA - FABRICA DE COMPONENTES AUTOMATIZADOS LTDA,SP,C,family_mature_sweet_spot,35,23472645.500016935,23073657.25,1.699800944962285,alta
28257334000164,AGRO ALTA COMERCIO DE INSUMOS AGRICOLAS LTDA,SP,G,standard,10,23464285.61693105,17814651.9,24.077586716957043,baixa
05532606000191,TX. SAUTHER - INDUSTRIA E COMERCIO LTDA,SP,C,labor_intensive_midcap,56,23457528.940800574,18836580.560000002,19.699212105684243,alta
43770965000176,FENIX MERCANTIL IMPORTADORA E EXPORTADORA LTDA.,SP,C,labor_intensive_midcap,51,23427834.257512234,19529913.99,16.637988064399725,alta
63065577000100,INDUSTRIA E COMERCIO DE ARTEF DE BORRACHA HAITI LTDA,SP,C,labor_intensive_midcap,59,23421123.394657232,25190422.88,7.5542895852142395,alta
29054802000166,SP FLEX MANGUEIRAS E FERRAMENTAS LTDA,SP,G,standard,11,23408663.621304203,19596117.09,16.286903827497472,alta
45686516000170,J. A. COMERCIO E REPRESENTACOES LTDA,SP,G,standard,11,23380010.3853289,19596117.09,16.18430972855049,baixa
20159008000102,MARMED DISTRIBUIDORA DE MEDICAMENTOS E MATERIAL HOSPITALAR LTDA,RJ,G,standard,14,23363673.910574336,24940512.66,6.7491044236497055,baixa
08768029000120,MONI SOFTWARE LTDA,SP,J,labor_intensive_midcap,59,23331678.04782149,24993657.29,7.123273511541071,alta
17755313000152,COMMAR- ATACADO E DISTRIBUIDORA LTDA,SP,G,standard,12,23260753.341157764,21377582.28,8.09591604166003,baixa
26882438000134,DISTRIBUIDORA DE ALIMENTOS OVOS DA TERRA LTDA,SP,G,standard,11,23257290.04656798,19596117.09,15.742044534153498,baixa
09357504000138,FLAVOUR MIX INDUSTRIA COMERCIO IMPORTACAO E EXPORTACAO LTDA,SP,C,family_mature_sweet_spot,48,23251855.369751137,23845745.28,2.5541613811234574,alta
39215421000175,GAUDARD & NUNES LTDA,RJ,G,family_mature_sweet_spot,47,23248608.854000404,17879164.72,23.095765289528202,alta
73373243000149,REFISERVI REFEICOES INDUSTRIAIS LTDA,RJ,G,standard,12,23248087.68778862,21377582.28,8.045846320388444,alta
11028689000189,ROLLOG SOLUCOES EM LOGISTICA LTDA.,SP,H,labor_intensive_midcap,95,23228122.279287964,20404524.65,12.155944399370194,alta
28091858000128,MAMY COMERCIO ALIMENTICIOS LTDA,RJ,G,standard,12,23213550.068109717,21377582.28,7.909034950375513,alta
23607025000153,RTOPLAST EMBALAGENS TECNICAS LTDA,SP,C,family_mature_sweet_spot,40,23210716.692471948,20592570.4,11.279902844710978,alta
48733968000153,TAPATI ENCOMENDAS LTDA,SP,H,labor_intensive_midcap,84,23188771.95341635,18041895.48,22.195554312905617,alta
13704506000123,SANTEX INDUSTRIA E COMERCIO DE PASSAMANARIA LTDA,SP,C,labor_intensive_midcap,96,23163968.198322557,19233513.6,16.96796751174604,alta
06049863000130,MASSAS LOTT LTDA,SP,C,labor_intensive_midcap,51,23155972.593526732,22400116.47,3.2641951033317143,alta
08938513000150,PRIMAVERA - RECICLAVEIS LTDA,SP,G,standard,11,23154202.577226337,19596117.09,15.366910068956319,alta
19152162000173,M T C COMERCIO DE MATERIAIS DE CONSTRUCAO E MONTAGENS LTDA,SP,C,labor_intensive_midcap,55,23151164.16946215,23160633.65,0.040902826607473707,alta
27986149000148,MARMORARIA DO TREVO LTDA,SP,G,standard,10,23149870.551227245,17814651.9,23.046429738866987,alta
07770072000167,PALACIO DAS BORRACHAS FERRAMENTAS E PARAFUSOS LTDA,SP,G,standard,11,23147955.552190214,19596117.09,15.344069821553404,alta
00985615000114,IVAN JUNIOR DE ANDRADE LTDA,SP,C,labor_intensive_midcap,53,23123309.762889713,19505542.299999997,15.645543393168662,alta
02776145000104,FRIGOZAN COMERCIO DE TRIPAS IMPORTACAO E EXPORTACAO LTDA,RJ,G,standard,10,23087106.543191172,17814651.9,22.837225762039555,alta
11899397000111,TREZZO COSMETICOS & PERFUMARIA LTDA,SP,G,standard,10,23082995.873244233,17814651.9,22.823484447921395,baixa
17481461000126,SYNTHITE BRASIL INDUSTRIA E COMERCIO LTDA,SP,C,family_mature_sweet_spot,35,23074720.744939696,23800123.55,3.143712173502191,alta
51874188000138,TRANSPORTE PADOVANI LTDA,SP,H,standard,82,23059467.32356343,17612326.54,23.622144896631,alta
33725674000102,TC7 PRESTADORA DE SERVICO DE INTERNET LTDA,RJ,J,standard,45,23056421.07583953,19062958.95,17.320390327292465,alta
61320461000136,COMERCIO DE AVES NUNES DE LOUVEIRA LTDA,SP,G,standard,10,23020558.761648748,17814651.9,22.61416378094855,baixa
60649019000195,MECANICA DE PRECISAO ALMEIDA LTDA,SP,C,family_mature_sweet_spot,48,23016546.023720086,24147386.88,4.913164881970155,alta
22734367000171,SETAL TRANSPORTES LTDA,SP,H,labor_intensive_midcap,92,22999547.861701984,19760171.24,14.084523057499224,alta
09636466000152,INOVA INDUSTRIA E COMERCIO DE TECNOLOGIA ELETRONICA LTDA,SP,C,family_mature_sweet_spot,36,22992624.662107073,19253544.12,16.26208663454265,alta
06269265000176,PARAISO INDUSTRIA TEXTIL LTDA,SP,G,standard,13,22991326.448273994,23159047.47,0.729496934869523,alta
19696291000122,"LKL OLEO E GAS COMERCIO, SERVICOS E REPRESENTACAO LTDA",RJ,C,standard,82,22990270.450117193,20203103.419999998,12.123245945125397,alta
12138965000124,PANABILE EXPIM LTDA,SP,G,standard,12,22988849.108393595,21377582.28,7.008906016984097,baixa
04495167000121,DSYSTEM INDUSTRIA GRAFICA LTDA,SP,C,family_mature_sweet_spot,50,22978400.99841086,19524738.5,15.030038420209078,alta
32900598000161,SEA SUPPLY SOLUTIONS LTDA,RJ,G,standard,10,22960905.854440384,17814651.9,22.41311378159393,alta
74283011000162,ACCIAIO CONSTRUCOES METALICAS LTDA,SP,C,family_mature_sweet_spot,41,22960581.278576143,17265199.63,24.80504121161053,alta
62946686000165,ELETRICA ZUFIR INDUSTRIA E COMERCIO LTDA,SP,C,labor_intensive_midcap,51,22940608.19456722,23949063.99,4.395941846352626,alta
15170831000189,DISSUDES RESIDENCE TRANSPORTES E LOGISTICA INTEGRADA LTDA,SP,H,labor_intensive_midcap,83,22912715.14444711,17827111.01,22.195554312905617,alta
43642641000152,LOV COMERCIO E DISTRIBUICAO LTDA,SP,G,standard,14,22912394.381554537,24940512.66,8.85162085058289,baixa
11374681000174,FAROG ENTREGAS RAPIDAS LTDA,SP,H,labor_intensive_midcap,87,22908816.640050218,18686248.89,18.432064023194176,alta
06215096000191,SEAL LACRES INDUSTRIA E COMERCIO DE LACRES LTDA,SP,C,labor_intensive_midcap,51,22894904.598153714,19529913.99,14.697552434549452,alta
61221446000130,JUNTALIDER INDUSTRIA E COMERCIO DE MATERIAIS PARA CONSTRUCOES LTDA.,SP,C,standard,44,22885432.1911198,22715418.0,0.7428926388629514,alta
54178983000180,HOSPIMETAL INDUST METALURG DE EQUIP HOSPITALARES LTDA,SP,C,labor_intensive_midcap,67,22855308.99275114,26295956.32,15.054039865923958,alta
00872245000109,HIDRADIR PECAS E SERVICOS LTDA,RJ,G,family_mature_sweet_spot,24,22829664.36607147,17176356.48,24.762991673557796,alta
16457602000102,"UTILIVANS COMERCIO, LOCACAO E TRANSPORTES LTDA",SP,G,family_mature_sweet_spot,24,22816709.00697537,17176356.48,24.72027199562847,alta
19002734000138,BARRAO FERRO E ACO LTDA,RJ,G,standard,12,22807013.165711805,21377582.28,6.267505855877782,alta
48059497000140,JOWEI HANBRATEC INDUSTRIA E COMERCIO LTDA,SP,C,family_mature_sweet_spot,48,22806644.576007403,24839828.16,8.914873808887725,alta
19011648000191,SOBERANA  COMERCIO E CONSULTORIA AGRICOLA LTDA,SP,G,standard,12,22806602.333266623,21377582.28,6.265817382110426,baixa
02074159000186,MR PEREIRA SOROCABA LTDA,SP,G,standard,10,22794872.175414782,17814651.9,21.847985095464402,alta
26175956000118,SCAFFOLD EDUCATION LTDA,SP,J,labor_intensive_midcap,51,22787915.01494082,21604686.81,5.192349559690048,alta
17257524000165,BAGERTECH COMERCIO E MANUTENCAO DE EQUIPAMENTOS INDUSTRIAIS LTDA,SP,C,labor_intensive_midcap,116,22752329.63142964,25751037.200000003,13.179782541599636,alta
03107671000144,DELTAMAR ESTAMPARIA DE METAIS INDUSTRIA E COMERCIO LTDA,SP,C,family_mature_sweet_spot,41,22752052.522467505,23910660.849999998,5.092324423866262,alta
12612656000144,SPOLU - BENESSE DO BRASIL LTDA,SP,C,labor_intensive_midcap,58,22686898.86328371,27308950.84,20.373220705790608,alta
60522190000139,POTENTE INDUSTRIA DE EQUIPAMENTOS HIDRAULICOS LTDA,SP,C,standard,43,22684989.468853585,24991691.16,10.168405386802178,alta
05401653000104,COSMOCIENCIA ESPECIALIDADES QUIMICAS LTDA,RJ,C,family_mature_sweet_spot,21,22683813.408821773,22484564.34,0.8783755413200703,alta
37297956000107,RENASCIMENTO GERENCIAMENTO DE RESIDUOS LTDA,SP,G,standard,13,22671414.288181953,23159047.47,2.150872352380049,alta
15064270000133,MODERNIZACAO PUBLICA E INFORMATICA LTDA,RJ,J,family_mature_sweet_spot,44,22641586.258328065,18639337.64,17.67653808644238,alta
01716725000143,OHMIC RESISTORES E REOSTATOS LTDA,SP,C,standard,48,22608747.933773935,25932366.240000002,14.700585436936564,alta
15484675000120,BORRACHEIRO TEIXEIRA DE CASTRO LTDA.,RJ,G,standard,25,22603165.55525043,17892038.0,20.84277772391971,alta
02477316000102,LOKAU DO AUTOMOVEL LTDA,RJ,G,family_mature_sweet_spot,25,22603165.55525043,17892038.0,20.84277772391971,alta
13978577000114,R & R COMERCIO ATACADISTA DE PLASTICOS LTDA,SP,G,standard,10,22586925.811933074,17814651.9,21.128479155015416,alta
48676920000150,GIGANTE COMUNICACAO VISUAL LTDA,SP,C,labor_intensive_midcap,65,22574490.30311004,25543066.900000002,13.150137863715075,alta
14885587000178,LM LIMPEZA INDUSTRIAL LTDA,SP,C,labor_intensive_midcap,154,22567164.73316444,19261348.26,14.6487895677309,alta
61999876000188,REFRATA REFRATARIOS LTDA,SP,C,labor_intensive_midcap,57,22564083.61850863,27795143.130000003,23.183124118546054,alta
07304069000158,METALURGICA PASTANA & GAMBARINI LTDA,SP,C,family_mature_sweet_spot,36,22553073.94796487,26864861.76,19.118404089763633,alta
07026774000130,GROSSONI INDUSTRIA E COMERCIO DE GENEROS ALIMENTICIOS ME LTDA,RJ,C,labor_intensive_midcap,63,22541985.763817836,27670732.11,22.75197225265895,alta
41349752000140,EMBALAGENS MAGICAS INDUSTRIA E COMERCIO LTDA,SP,C,standard,48,22526711.02818427,23791225.919999998,5.613402197212159,alta
04189823000168,MICROPARTS PECAS INJETADAS LTDA,SP,C,family_mature_sweet_spot,49,22501294.421795107,25357324.58,12.692737158438739,alta
39523204000142,DISTRIBUIDORA RODAMAR LTDA,RJ,G,standard,12,22483984.96650307,21377582.28,4.920847830806686,alta
16739409000164,FRIGORIFICO JACUY LTDA,SP,C,family_mature_sweet_spot,41,22482947.50519762,24153708.439999998,7.431236204310543,alta
07730159000100,ENTREPOSTO DE CARNES E DERIVADOS BELL MAX LTDA,SP,C,standard,41,22482947.50519762,24153708.439999998,7.431236204310543,alta
50313451000157,QUALLICAL INDUSTRIA E COMERCIO LTDA.,SP,C,family_mature_sweet_spot,30,22478097.361268215,26974340.400000002,20.002774107025708,alta
07679248000170,ECOBRASIL INDUSTRIA E COMERCIO DE MAQUINAS E EQUIPAMENTOS LTDA,SP,C,labor_intensive_midcap,51,22476158.587034978,18760886.01,16.529837884210664,alta
60598984000186,GAVEA INDUSTRIA MANUFATUREIRA DE PLASTICOS LTDA,SP,C,family_mature_sweet_spot,43,22433920.947171085,22137013.18,1.3234769252787482,alta
03685434000160,AIRZAP - ANEST IWATA INDUSTRIA E COMERCIO LTDA,SP,C,family_mature_sweet_spot,32,22405911.921742503,24863365.44,10.96787993651268,baixa
65880452000150,COMERCIO DE OVOS DIONISIO LTDA,SP,G,standard,12,22397905.728239883,21377582.28,4.555441301609865,baixa
03461165000159,METAL TAMPOS LTDA,SP,C,standard,33,22381804.41192284,21755162.55,2.79978258405754,alta
09466818000179,SANDER SERVICOS TERCEIRIZADOS LTDA,SP,N,labor_intensive_midcap,443,22376048.49692696,24842270.48,11.021704674137359,alta
52950711000120,CLICHERLUX E IMAGEM INDUSTRIA E COMERCIO DE CLICHES E MATRIZES LTDA,SP,C,labor_intensive_midcap,76,22367476.275134023,17767339.28,20.566186987523512,alta
03778418000112,M.V.P. TRANSPORTES INTERNACIONAIS LTDA,SP,H,labor_intensive_midcap,81,22360601.526508622,17397542.07,22.195554312905607,alta
30411855000176,ILDA AP. DE OLIVEIRA LTDA,SP,G,standard,13,22356047.902547993,23159047.47,3.5918672698875618,alta
01281209000133,KITS BOR INDUSTRIA E COMERCIO DE BORRACHAS LTDA,SP,C,standard,30,22347036.734270155,26488822.8,18.533938593201647,alta
42466147000111,CRUZ INDUSTRIA E COMERCIO DE EMBALAGENS LTDA,SP,C,labor_intensive_midcap,50,22336345.11628737,24782527.0,10.951576325389542,alta
52548260000108,DISTRIBUIDORA DE BANANAS UNIAO LTDA,SP,G,standard,13,22325834.530344907,23159047.47,3.7320573102098478,alta
11592835000102,POUPE MAIS COMERCIO DE ALIMENTOS LTDA,RJ,G,family_mature_sweet_spot,44,22299641.41601336,16737941.440000001,24.940759684231985,alta
11392673000150,MITSUBA AUTOPARTS DO BRASIL INDUSTRIA LTDA.,SP,C,standard,39,22292722.141092334,17361497.79,22.12033290453378,alta
53560033000152,TAKAHARU EBISAWA E CIA LTDA,SP,C,family_mature_sweet_spot,39,22288995.6286201,26520137.67,18.98309870879476,alta
11891657000102,SABOR OLIVA EMPORIO PANIFICADORA E RESTAURANTE LTDA,SP,C,labor_intensive_midcap,81,22279509.34294501,20370507.75,8.56841846721149,alta
18093327000110,SHAFTZ PARTICIPACOES LTDA.,SP,G,standard,10,22268616.893196534,17814651.9,20.00108500028712,baixa
09419898000101,LUSITANO INDUSTRIA E COMERCIO DE EMBALAGENS PLASTICAS LTDA,SP,C,standard,47,22266325.6540829,24196270.22,8.667548458149895,alta
12385207000100,JCS TECH LTDA,SP,C,labor_intensive_midcap,53,22251370.280814942,20295792.97,8.788570259428182,alta
69167625000149,TECNOCUBA INDUSTRIA E COMERCIO LTDA,SP,C,family_mature_sweet_spot,41,22237595.802337464,23910660.849999998,7.523587812881609,alta
13701028000106,MICHELLE SALVADIO MOURA INDUSTRIA LTDA,SP,C,standard,42,22231222.60797167,27441421.560000002,23.43640313403214,alta
43804020000128,REPUXACAO SAO LUCAS LTDA,SP,C,family_mature_sweet_spot,40,22197124.412163425,23327474.0,5.092324423866245,alta
71780456000160,PLASTFOAM INDUSTRIA E COMERCIO DE PLASTICOS LTDA,SP,C,family_mature_sweet_spot,44,22189249.2401998,22651827.44,2.0846951367879427,alta
07529870000100,PANTANAL SOLUCOES EM FERRO E ACO LTDA.,SP,C,standard,37,22178571.770588268,24392151.95,9.98071563087409,alta
08662572000148,COMERCIAL SOPORTOES PRODUTOS ELETRONICOS LTDA.,SP,G,standard,12,22176722.044447806,21377582.28,3.6035071497317084,baixa
19165221000148,INDCAPS INDUSTRIA E COMERCIO DE PRODUTOS ALIMENTICIOS LTDA,SP,C,family_mature_sweet_spot,38,22169024.885126088,25840134.14,16.559633425000023,alta
00218720000128,DIRECIONAL BAURU TECNICA E COMERCIAL PNEUMATICA LTDA,SP,G,standard,10,22168383.750425924,17814651.9,19.63937425227167,baixa
02157266000178,GIGA AUTOMACAO DE MAQUINAS E EQUIPAMENTOS LTDA,RJ,C,family_mature_sweet_spot,45,22164560.16488425,24066930.150000002,8.582935871336232,alta
52547163000192,INEBRAS INDUSTRIA DE ESCOVAS DO BRASIL LTDA,SP,C,labor_intensive_midcap,59,22152986.618786175,25381179.32,14.572268546744183,alta
09183345000100,GARCIA & GOMES COMERCIO DE FRIOS LTDA,SP,G,standard,12,22152501.045139257,21377582.28,3.498109597468182,baixa
02817329000175,STEFANE COMERCIO DE PESCADOS LTDA,SP,G,standard,12,22138499.375307616,21377582.28,3.437076210126106,baixa
04365533000128,VIENA GRAFICA & EDITORA LTDA,SP,C,family_mature_sweet_spot,58,22117973.595853373,22648696.66,2.3995103432356277,alta
50721265000157,GARCIA INDUSTRIA E COMERCIO DE PROD SIDERURGICOS LTDA,SP,C,family_mature_sweet_spot,35,22106838.3096649,23073657.25,4.373393095802463,alta
07758242000198,ILAHA MATERIAIS DE LIMPEZA LTDA,RJ,G,standard,12,22101143.010399535,21377582.28,3.2738611304359586,alta
49491313000189,POMARIS SAO PAULO COMERCIO DE FRUTAS LTDA,SP,G,standard,10,22093525.893285885,17814651.9,19.367094297004968,alta
47315064000145,DISTRIBUIDORA DE BANANAS VINAGRE LTDA.,SP,G,standard,10,22093525.893285885,17814651.9,19.367094297004968,alta
02514013000104,PAYM GRAFICA E EDITORA LTDA,SP,C,labor_intensive_midcap,50,22070159.860926416,19524738.5,11.533316373629427,alta
32276549000108,AGRO COMERCIAL DIDI TOMATEIRO LTDA,SP,G,standard,10,22066463.58954673,17814651.9,19.268206127786094,alta
08089135000187,TOTAL CROMO COMERCIO DE ARTEFATOS DE METAIS LTDA,SP,C,labor_intensive_midcap,90,22015914.6539647,22038552.9,0.10282673416533901,alta
30179815000140,NID MARKETING E COMUNICACAO DIGITAL LTDA,SP,J,labor_intensive_midcap,50,21984663.313800577,21181065.5,3.6552655018197586,alta
11225215000127,ENQUIL INDUSTRIALIZACAO LTDA,SP,C,family_mature_sweet_spot,34,21969930.663569853,21897088.34,0.33155463567592725,alta
47980156000140,BIMPAVI INDUSTRIA E COMERCIO DE ARTEF DE CIMENTO LTDA,SP,C,labor_intensive_midcap,50,21969269.7014826,25812975.0,17.495826446420317,alta
01299656000110,J.E. MAURANO AMPARO LTDA,SP,G,standard,10,21966349.583101563,17814651.9,18.90026227341576,baixa
42221137000116,"MB COMERCIO DE CAMA, MESA, BANHO E VARIEDADES LTDA",SP,G,standard,10,21952890.52991103,17814651.9,18.850540999476312,alta
05639296000109,VOLPI NOGUEIRA FABRICACAO DE PECAS LTDA,SP,C,family_mature_sweet_spot,37,21932614.998907354,24392151.95,11.214061575490089,alta
33955436000193,ZIT GRAFICA E EDITORA LTDA,RJ,C,family_mature_sweet_spot,55,21917852.738475986,21477212.35,2.0104176888754086,alta
12858465000167,ESTALEIRO RIO TIETE LTDA,SP,C,capital_intensive,58,21909343.56883375,27354776.06,24.85438449608517,alta
07385130000139,ANDERSON SILVEIRA COSTA & CIA LTDA,SP,G,standard,11,21894439.088594966,19596117.09,10.497286499530308,baixa
07178066000115,A. M. P. INDUSTRIA E COMERCIO DE EMBALAGENS LTDA,SP,C,labor_intensive_midcap,51,21891668.366537772,26255527.26,19.933879960161235,alta
07623266000130,GEROTTO INDUSTRIA DE ESQUADRIAS METALICAS LTDA,SP,C,family_mature_sweet_spot,92,21889111.709535107,18924266.599999998,13.544839776406251,alta
36107129000140,PRIME FOOD INDUSTRIA COMERCIO IMPORTACAO E EXPORTACAO LTDA,SP,G,standard,12,21882615.689059254,21377582.28,2.3079206628472497,alta
04207648000194,IBC - INSTITUTO BRASILEIRO DE CULTURA LTDA.,SP,J,labor_intensive_midcap,84,21882094.25711487,27185274.479999997,24.23524988318164,alta
57291247000121,HEATMEC INDUSTRIA METALURGICA LTDA,SP,C,family_mature_sweet_spot,48,21875703.988336347,24210925.919999998,10.674956714118736,alta
04219545000144,DISTRIBUIDORA DE CIMENTO ATIBAIA LTDA,SP,G,standard,11,21866865.81891493,19596117.09,10.384427049214908,baixa
08104120000140,"EGATI ENGENHARIA, TECNOLOGIA E NEGOCIOS LTDA",SP,M,family_mature_sweet_spot,72,21859268.244522925,16887204.72,22.74579125387114,alta
05376896000121,PORTA CABOS INDUSTRIA E COMERCIO LTDA.,SP,C,family_mature_sweet_spot,42,21850850.976975564,21128963.52,3.3037040879379185,alta
61793188000167,TECNOFIX INDUSTRIA E COMERCIO DE PARAFUSOS LTDA,SP,C,family_mature_sweet_spot,46,21834523.11427183,27018502.96,23.742125342502828,alta
05287789000127,DIALP INDUSTRIA E COMERCIO DE AUTO PECAS LTDA,SP,C,family_mature_sweet_spot,31,21826299.803324472,19964992.31,8.52781969503126,alta
17071908000199,CLAUDIO ROBERTO MOBILON LTDA,SP,G,standard,10,21821562.34619316,17814651.9,18.36216116254472,alta
03290920000180,S.T.R. SERVICOS DE ENTREGAS RAPIDAS LTDA,SP,H,labor_intensive_midcap,79,21808487.90857014,16967973.13,22.195554312905625,alta
43624204000106,CEREAIS BAMBU LTDA,SP,G,standard,12,21808131.72158263,21377582.28,1.9742610099723956,alta
35046775000182,FIRSTPACK SUPRIMENTOS LTDA,SP,G,standard,12,21795580.05527581,21377582.28,1.9178098229811869,baixa
05193635000176,DROGARIA GLOBO DE BARRA DO PIRAI LTDA,RJ,G,family_mature_sweet_spot,44,21756255.328450523,16737941.440000001,23.06607370013765,alta
32027864000193,R. R. DE TERESOPOLIS COMERCIO DE PRODUTOS AGRICOLAS LTDA,RJ,G,standard,11,21747745.1830538,19596117.09,9.893568620301764,baixa
32027864000193,R. R. DE TERESOPOLIS COMERCIO DE PRODUTOS AGRICOLAS LTDA,RJ,G,standard,11,21747745.1830538,19596117.09,9.893568620301764,baixa
53912272000124,MINIMERCADO BOA SORTE DE PRAIA SECA LTDA,RJ,G,recent_startup,44,21730435.16778804,16737941.440000001,22.9746606049962,baixa
00707203000112,NATURALLE PRODUTOS ALIMENTICIOS LTDA,SP,C,family_mature_sweet_spot,23,21724833.619479194,23130082.48,6.468398723481197,alta
04946908000143,TECNOLOGICA INDUSTRIA E COMERCIO DE PECAS E EQUIPAMENTOS INDUSTRIAIS LTDA,SP,C,labor_intensive_midcap,57,21717090.519080073,17394073.830000002,19.9060582506758,alta
73127433000186,INTERCARNE COMERCIO DE CARNES AMERICANA LTDA,SP,G,standard,10,21712661.509620592,17814651.9,17.952702886716292,alta
01940597000117,LABNEWS INDUSTRIAL LTDA,SP,C,family_mature_sweet_spot,39,21709583.27752307,26717379.39,23.067214365472097,alta
37286351000110,WEST PLANET AUTO PECAS LTDA,RJ,G,standard,24,21699038.933040414,17176356.48,20.842777723919713,alta
16926564000190,NOVA LIK AUTO PECAS LTDA,RJ,G,standard,24,21699038.933040414,17176356.48,20.842777723919713,alta
10720302000198,NOVO CAR AUTO PECAS LTDA,RJ,G,family_mature_sweet_spot,24,21699038.933040414,17176356.48,20.842777723919713,alta
58641796000141,DERPAC SILK INDUSTRIA E COMERCIO LTDA,SP,C,standard,84,21687009.446161665,17021270.28,21.51398134327572,alta
68176544000142,KSN - PROTECAO RESPIRATORIA LTDA,SP,C,labor_intensive_midcap,57,21635398.38348309,16541377.2,23.54484578094005,alta
04723032000176,FABRICA CLARIS LTDA,SP,C,standard,7,21631154.16364872,18410695.66,14.888056731899772,alta
11698499000179,RACINE TRANSPORTES E LOGISTICA LTDA,SP,H,labor_intensive_midcap,102,21617422.601813305,21908015.94,1.3442552497554483,alta
11698499000179,RACINE TRANSPORTES E LOGISTICA LTDA,SP,H,labor_intensive_midcap,102,21617422.601813305,21908015.94,1.3442552497554483,alta
60537008000113,METALURGICA ARCOIR LTDA,SP,C,standard,37,21610074.00059954,24392151.95,12.873986221996619,alta
60028370000169,CENNABRAS INDUSTRIA E COMERCIO LTDA,SP,C,labor_intensive_midcap,50,21595653.267690714,26741033.500000004,23.825999466324546,alta
44734044000110,FRIGORIFICO CANCIAN LTDA,SP,C,family_mature_sweet_spot,44,21587067.46743871,25921052.959999997,20.076768181220274,alta
22915355000143,TR SERVICOS DE TELECOMUNICACOES LTDA,RJ,J,family_mature_sweet_spot,37,21582555.58464706,25905826.759999998,20.031321862682173,alta
31422447000182,COMERCIAL FARMACEUTICA LTDA,RJ,G,standard,43,21558426.882152677,16357533.68,24.12464151759737,alta
02136854000125,E.C. DOS SANTOS COMERCIAL LTDA,SP,G,standard,11,21558238.252584606,19596117.09,9.101491223891491,baixa
14509191000126,RECIACO COMERCIO DE FERRO E ACO LTDA,SP,G,standard,11,21519410.64194579,19596117.09,8.937482461517291,baixa
00083769000110,DISTRIBUIDORA DE PECAS FUSCAO PRETO LTDA,RJ,G,family_mature_sweet_spot,25,21510798.60213007,17892038.0,16.822995134042714,alta
08954675000181,TEMPERSUL COMERCIO DE VIDROS LTDA,SP,C,labor_intensive_midcap,57,21509469.932854686,26340296.220000003,22.45906710962905,alta
10998627000137,CAPACI SALGADOS LTDA,SP,C,family_mature_sweet_spot,24,21499115.064922646,16320084.72,24.08950475069835,alta
68414150000185,ARTIMAGE INDUSTRIA E COMERCIO LTDA,SP,C,labor_intensive_midcap,81,21488641.76717061,19141806.6,10.921282008414327,alta
05601623000133,FRIBURGO ON LINE LTDA,RJ,J,standard,27,21463900.827117197,18904251.96,11.925366631788435,baixa
02313036000150,PEDREIRA BOTUCATU LTDA.,SP,B,family_mature_sweet_spot,42,21452982.594601635,20325312.84,5.256470747733691,alta
37221880000136,RP AUTO CENTER LTDA,RJ,G,standard,23,21448693.585060045,16460674.96,23.255582468362633,alta
07458302000157,TOP CONFECCOES DE VOTUPORANGA LTDA,SP,C,labor_intensive_midcap,93,21432509.987871815,18184560.63,15.154311649497695,alta
55566269000121,EXATRONIC INDUSTRIA E COMERCIO LTDA,SP,C,labor_intensive_midcap,59,21424381.666075584,24335350.63,13.587178427341904,alta
68210848000189,NELSON DOS SANTOS LTDA,SP,C,labor_intensive_midcap,71,21412525.36727641,21184691.74,1.064020349624892,alta
57485591000151,FRIMOX QUIMICA LTDA,SP,C,standard,10,21395612.332126644,20034720.0,6.360614087605204,alta
10797792000120,ROSSI E BUENO - COMERCIO DE RESIDUOS INDUSTRIAIS E TRANSPORTES LTDA,RJ,G,standard,13,21367060.21656003,23159047.47,8.386681346323597,baixa
56621089000168,RIFERPLAST LTDA,SP,C,family_mature_sweet_spot,40,21355455.051657714,26134687.200000003,22.379444206557903,alta
04972904000130,NOVA AMERICA MINERACAO E COMERCIO LTDA,SP,B,family_mature_sweet_spot,46,21299359.216715228,26179990.119999997,22.914449461252183,alta
02774691000106,MARK PHARMA DISTRIBUIDORA DE PRODUTOS FARMACEUTICOS E HOSPITALARES LTDA,SP,G,standard,10,21288483.534623098,17814651.9,16.317891450433,alta
10569359000138,SUPER POUPE COMERCIO DE ALIMENTOS LTDA,RJ,G,family_mature_sweet_spot,42,21286021.351649117,15977125.92,24.940759684231992,alta
12293947000117,POUPE SANTO AGOSTINHO COMERCIO DE ALIMENTOS LTDA,RJ,G,family_mature_sweet_spot,42,21286021.351649117,15977125.92,24.940759684231992,alta
22376653000102,ASA BRANCA COMERCIO DE GENEROS ALIMENTICIOS LTDA,RJ,G,standard,11,21279087.562433906,19596117.09,7.909034950375511,alta
33564084000145,VALENTE DISTRIBUIDORA DE ALIMENTOS LTDA,RJ,G,standard,11,21279087.562433906,19596117.09,7.909034950375511,alta
23530268000130,SKY MED COMERCIO E SERVICOS LTDA.,RJ,G,standard,11,21263342.414720025,19596117.09,7.840843138404482,baixa
11698120000120,NUTRIGE COMERCIO DE ALIMENTOS LTDA,RJ,G,standard,12,21249186.1600391,21377582.28,0.604240176512549,alta
22029856000122,ALTA PERFORMANCE RECAUCHUTADORA E REFORMADORA DE PNEUS LTDA,RJ,C,labor_intensive_midcap,65,21224253.472650547,23724629.5,11.780748993463652,alta
04884689000115,SINTERCAN FERRAMENTARIA LTDA.,SP,C,family_mature_sweet_spot,35,21222662.555257317,17607469.6,17.03458718171888,alta
02646565000176,POLIMENTOS CORREA - INDUSTRIA E COMERCIO DE METAIS LTDA.,SP,C,labor_intensive_midcap,74,21210604.186882567,17252328.18,18.661778665081656,alta
54951496000108,GUILHEN & GUILHEN LTDA,SP,G,standard,11,21206802.25646461,19596117.09,7.595134556288966,baixa
07205402000171,VISOFLEX PORTAS E PORTOES LTDA,SP,C,family_mature_sweet_spot,45,21195701.18791306,24311593.35,14.700585436936581,alta
19658535000182,LFK COMUNICACAO VISUAL LTDA,SP,C,labor_intensive_midcap,53,21179361.091963857,17536026.259999998,17.202288662740916,alta
11091193000150,TRANSPORTES LUCAS LTDA,SP,H,labor_intensive_midcap,95,21173324.16355464,20404524.65,3.6309816428256667,alta
40497344000172,APC DISTRIBUIDORA DE TINTAS LTDA,RJ,G,standard,14,21172652.072842915,24940512.66,17.795883927030232,baixa
31419736000122,IMEK AUTOMACAO E ROBOTICA LTDA,SP,C,standard,40,21172592.95997302,26134687.200000003,23.436403134032137,alta
17209577000100,BWB PRODUTOS LTDA,SP,G,standard,12,21167626.54753341,21377582.28,0.9918718661968036,baixa
02973222000116,MECANICA LUFAED INDUSTRIA E COMERCIO LTDA,SP,C,standard,45,21163021.72068303,26243408.25,24.005960001221418,alta
28842102000173,PEDREIRA CAMPO REDONDO LTDA.,RJ,B,standard,41,21156459.942229632,19841376.82,6.215988524642739,alta
22140526000100,SAIFER TRANSPORTES LTDA,SP,H,family_mature_sweet_spot,75,21139288.270468798,16108835.25,23.796700040730553,alta
54023492000160,BAZAR O AMIGAO PARK LAGOS CABO FRIO LTDA,RJ,G,recent_startup,48,21122642.646848198,18259572.48,13.554507429378912,baixa
08277214000111,SAIPE METAIS LTDA,SP,C,family_mature_sweet_spot,45,21113317.00240262,26243408.25,24.297893348608348,alta
67264317000106,ABATEX INDUSTRIA E COMERCIO LTDA,SP,C,labor_intensive_midcap,73,21106251.52350515,18034516.41,14.553674346599573,alta
02119775000106,ONIX-BRASIL COMERCIAL LTDA.,SP,G,standard,10,21059369.141818695,17814651.9,15.407475978829254,baixa
53755450000150,COMERCIO DE SUCATA TATA LTDA,SP,G,standard,11,21054840.300501384,19596117.09,6.9282083819303395,alta
13053261000111,SANJOR INDUSTRIA E COMERCIO DE PECAS E SERVICOS LTDA,SP,G,standard,24,21029571.768479217,17176356.48,18.3228423807218,baixa
62647201000132,MICTI INDUSTRIA METALURGICA LTDA,SP,C,family_mature_sweet_spot,31,21025331.417260848,20436667.849999998,2.7997825840575525,alta
18635262000198,MS INSTALACAO COMERCIAL LTDA,SP,C,labor_intensive_midcap,66,21021563.318994775,16479975.6,21.604424228958578,alta
04109830000102,PARADIGM GEOPHYSICAL DO BRASIL LTDA.,RJ,J,family_mature_sweet_spot,41,21006961.424653795,17368473.71,17.320390327292458,alta
66580077000196,FUNDICAO COMERCIAL ALVORADA LTDA,SP,C,family_mature_sweet_spot,48,20988984.678211506,24839828.16,18.34697361890984,alta
19182983000152,DUB ALIMENTOS LTDA,SP,C,family_mature_sweet_spot,24,20988770.969939075,22376851.68,6.61344445584254,alta
57816183000135,NAPRO ELETRONICA INDUSTRIAL LTDA,SP,C,family_mature_sweet_spot,44,20986421.349305157,23532109.48,12.1301678276803,alta
14709618000130,EXCARGO TRANSPORTES LTDA,SP,H,labor_intensive_midcap,76,20980317.481662415,16323619.72,22.19555431290562,alta
47813177000170,CASADO TRANSPORTES LTDA,SP,H,labor_intensive_midcap,86,20949608.23152315,18471464.42,11.829069947925095,alta
07861936000156,CLIMETAL CLIM METALURGICA LTDA,SP,C,family_mature_sweet_spot,36,20948896.708601955,23185152.36,10.674813487813902,alta
40679518000118,BAZAR O AMIGAO PATIO MIX RESENDE LTDA,RJ,G,standard,43,20946672.611237653,16357533.68,21.908677413402796,alta
03796344000147,SELLES - MANUTENCAO E INSTALACAO DE REDE ELETRICA LTDA,RJ,N,family_mature_sweet_spot,45,20941009.583154883,17063344.35,18.517088289163038,alta
02244316000154,BRASFRAN INDUSTRIA DE PLASTICOS LTDA,RJ,C,labor_intensive_midcap,50,20940808.825758904,25740713.0,22.921293127593152,alta
18499057000142,MJT MOBILIARIO CORPORATIVO LTDA,SP,C,labor_intensive_midcap,68,20940224.19019405,16979368.8,18.915057232524052,alta
61931820000191,ALVARO COMERCIO DE PARAFUSOS LTDA,SP,G,standard,10,20929300.155226585,17814651.9,14.881760174139307,alta
02991797000161,SIGMA INDUSTRIA E COMERCIO DE METAIS SANITARIOS LTDA,SP,C,labor_intensive_midcap,60,20926093.183869034,25739096.4,23.00000852448219,alta
02142913000178,INTENSE CARE INDUSTRIA E COMERCIO DE COSMETICOS LTDA,SP,C,family_mature_sweet_spot,23,20846136.245791003,25933641.26,24.405026208327723,alta
46394094000121,FLAGIAN IMPORTACAO E EXPORTACAO LTDA,SP,C,family_mature_sweet_spot,23,20846136.245791003,25933641.26,24.405026208327723,alta
19550134000104,GENERAL INOX COMERCIO DE METAIS LTDA,SP,G,standard,9,20844705.881265298,16033186.709999999,23.082691589281538,alta
52891215000143,DIGIMEC AUTOMATIZACAO INDUSTRIAL LTDA,SP,C,family_mature_sweet_spot,46,20839812.90824226,24851850.98,19.25179505892281,alta
15735297000100,EMDAPI - EMPRESA DE DESTINACAO ADEQUADA DE PNEUMATICOS INSERVIVEIS LTDA,SP,G,standard,10,20836116.379014835,17814651.9,14.501092353553538,alta
04134548000185,RUNTEC INFORMATICA LTDA,SP,J,partnership_heavy_services,42,20811200.53451141,17792095.02,14.507118460104207,alta
03388213000120,PAMER EXPRESS PAES E CONVENIENCIA LTDA,SP,C,labor_intensive_midcap,85,20807817.26650593,21376458.75,2.732826207626324,alta
12201223000104,MERCEARIA CAIEIRA LTDA,RJ,G,family_mature_sweet_spot,41,20779211.319466993,15596718.16,24.940759684231985,alta
10471908000137,VITORIA COMERCIO DE FRIOS E LATICINIOS LTDA,SP,G,standard,12,20777955.573824573,21377582.28,2.8858792389123167,baixa
09367026000147,SFR TUBOS COMERCIO DE MATERIAIS PARA CONSTRUCAO E SANEAMENTO LTDA,SP,G,standard,9,20777810.1588233,16033186.709999999,22.835050530137295,alta
71071914000191,MATRIZMINAS LTDA.,SP,C,family_mature_sweet_spot,46,20763312.754299197,20684015.0,0.38191282497913615,alta
45517463000163,MARCONI - EQUIPAMENTOS PARA LABORATORIOS LTDA,SP,C,standard,42,20758751.878337577,22462468.14,8.207219160610066,alta
09139473000149,FAGA MEDICAL INDUSTRIA DE EQUIPAMENTOS E INSTRUMENTOS MEDICO-HOSPITALARES LTDA,SP,C,labor_intensive_midcap,55,20734451.931615513,25624259.65,23.583009256823406,alta
08034057000113,SAT TELECOM E CONSULTORIA EM TI LTDA,RJ,J,standard,36,20731727.969146933,25205669.28,21.580166002135524,alta
04209554000235,NOVA SAFRA COMERCIO DE CEREAIS LTDA,SP,G,standard,10,20730022.03460417,17814651.9,14.063516815069505,baixa
04006411000145,BARCELONA EQUIPAMENTOS E SERVICOS LTDA,SP,C,standard,36,20725098.90145564,23915229.12,15.392593462221305,alta
05151830000133,CARLOS REINALDO FERREIRA LTDA,SP,H,labor_intensive_midcap,78,20712595.611988053,16753188.66,19.11593808019128,alta
05370528000176,DUTRAPEL COMERCIO E RECICLAGEM LTDA,SP,G,standard,11,20696889.069257617,19596117.09,5.318538334790915,alta
49524341000155,GALVANOPLASTIA ANCHIETA LTDA,SP,C,labor_intensive_midcap,69,20691424.954257984,16896223.89,18.341902854191723,alta
01571187000146,BRAZIL CONNEX COMERCIO IMPORTACAO E EXPORTACAO LTDA,SP,G,standard,10,20689668.723734524,17814651.9,13.895905546503014,alta
18404704000195,AGMOV   SUPRIMENTOS  INDUSTRIAIS  LTDA,SP,C,labor_intensive_midcap,58,20682452.93474522,16831576.799999997,18.619049427527003,alta
01972392000113,HEVIA INDUSTRIA DE COPOLIMEROS LTDA,SP,C,labor_intensive_midcap,50,20668667.6771499,21347816.0,3.2858834127994054,alta
02074686000190,QUALITAT TRANSPORTES LTDA,SP,H,labor_intensive_midcap,77,20641827.67242661,16538404.19,19.87916742424883,alta
55647515000170,EMBALAGENS BANDEIRANTES LTDA,SP,C,family_mature_sweet_spot,39,20623293.169260472,24704177.159999996,19.78774174059739,alta
52152569000176,ATHUAL COMERCIAL IMPORTADORA LTDA,SP,G,standard,12,20585220.338469695,21377582.28,3.8491788210279125,alta
22449440000163,F2P AUTOMACAO INDUSTRIAL LTDA,SP,C,standard,46,20583806.9007121,24851850.98,20.734959766554397,alta
65597296000115,NILSON TUR TURISMO E CARGAS LTDA,SP,H,labor_intensive_midcap,90,20565469.145154003,19330602.3,6.0045644300070995,alta
03573829000171,IMBIL SERVICE LTDA,SP,C,labor_intensive_midcap,76,20558431.614337265,16871369.2,17.934551056735,alta
03148987000184,SS RIO CONFECCOES E COMERCIO LTDA,SP,C,labor_intensive_midcap,79,20558135.54927847,15447099.89,24.861377370662645,alta
04960188000170,PREMIUM RELIANCE COMERCIO E IMPORTACAO DE PRODUTOS PARA EMBALAGENS LTDA,SP,G,standard,10,20552849.59111044,17814651.9,13.322715562978546,alta
03662630000110,ARTANDHI MOTOPECAS LTDA,RJ,G,family_mature_sweet_spot,24,20546837.814279873,17176356.48,16.403893215808697,alta
04758384000167,MOTOSIO PECAS PARA MOTOCICLETAS LTDA,RJ,G,family_mature_sweet_spot,24,20546837.814279873,17176356.48,16.403893215808697,alta
10312737000101,N.B.TRANSPORTES DE MACAE LTDA,RJ,H,labor_intensive_midcap,81,20544970.846665904,17397542.07,15.319704272915418,alta
05905974000138,MINERACAO MONTEIRO LOBATO LTDA,SP,C,capital_intensive,54,20544392.22801737,16078716.540000001,21.736713544279564,alta
31902119000183,NOVA SUDESTE PAPEIS LTDA,SP,G,standard,14,20511309.73384318,24940512.66,21.593954670036197,baixa
50753983000105,AGRO HOLAMBRA LTDA,SP,G,standard,10,20489465.490478177,17814651.9,13.054579641041453,baixa
33841561000172,DIOGOLAB DISTRIBUIDORA DE VIDRARIAS E PRODUTOS PARA LABORATORIOS LTDA,SP,G,standard,10,20474231.628364816,17814651.9,12.989887858259157,baixa
34130768000100,J-MACHINE COMERCIAL TRATORISTA LTDA.,SP,G,standard,9,20472608.166433193,16033186.709999999,21.684689221532853,alta
01691881000105,DYNATRONIX INDUSTRIAL LTDA,SP,C,labor_intensive_midcap,71,20464916.773824394,17385969.51,15.045002615219587,alta
13705784000103,TELBRA-EX INDUSTRIA E COMERCIO LTDA,SP,C,standard,35,20441961.892459024,23073657.25,12.873986221996631,alta
14397966000119,SAMPA LASER INDUSTRIA E COMERCIO LTDA,SP,C,standard,35,20441961.892459024,23073657.25,12.873986221996631,alta
57005563000190,REMPEL & CIA LTDA,SP,C,family_mature_sweet_spot,35,20441961.892459024,23073657.25,12.873986221996631,alta
53708553000160,BEMAPE DISTRIBUIDORA LTDA,SP,G,recent_startup,10,20438636.95852842,17814651.9,12.838356412184885,baixa
32205760000121,RP COMERCIO DE MATERIAIS PARA CONSTRUCAO LTDA.,SP,B,standard,39,20437609.858563107,18873504.78,7.653072396368133,alta
15089068000166,MEDFIELD PRODUTOS MEDICOS LTDA,SP,C,family_mature_sweet_spot,36,20420443.978479415,25434590.04,24.554539885640413,alta
10742411000106,OTN SURGICAL MATERIAIS CIRURGICOS LTDA,SP,G,standard,9,20387917.42702458,16033186.709999999,21.359369992603078,baixa
03361333000134,WEGFLEX INDUSTRIA E COMERCIO LTDA,SP,C,family_mature_sweet_spot,40,20387893.143892422,21610305.2,5.995774293499148,alta
53112595000133,SID-NYL INDUSTRIA E COMERCIO LTDA,SP,C,family_mature_sweet_spot,74,20359595.506995793,18311535.32,10.059434561418747,alta
28035914000107,UTILITY HOUSE ARTEFATOS EMBALADOS LTDA,SP,G,standard,10,20320840.11660924,17814651.9,12.333093524813524,alta
09193455000145,GUARA INDUSTRIA DE PISCINAS LTDA,SP,C,family_mature_sweet_spot,47,20316395.5411306,17998156.03,11.410683093058092,alta
55983274000130,OLIDEF CZ IND E COM DE APARELHOS HOSPITALARES LTDA,SP,C,capital_intensive,55,20293849.850593515,21586232.8,6.368347843909413,alta
13372976000137,KSB BICICLETAS LTDA,SP,C,standard,39,20292378.579658795,22224030.659999996,9.519101335303795,alta
19994156000163,GUIBOR TRANSPORTES E LOGISTICA LTDA,SP,H,labor_intensive_midcap,76,20257246.210952193,16323619.72,19.418367383151296,alta
63073670000158,MICROGEAR INDUSTRIA DE PECAS LTDA,SP,C,family_mature_sweet_spot,31,20251462.99999483,21384858.650000002,5.596611217695543,alta
55817142000138,INDUSTRIA E COMERCIO DELLABRUNA LTDA,SP,C,family_mature_sweet_spot,64,20230743.753823366,15980582.4,21.008428585430213,alta
07837133000166,4TRUCK INDUSTRIA DE IMPLEMENTOS RODOVIARIOS LTDA,SP,C,standard,38,20203291.646899454,21002407.72,3.955375624264587,alta
13954992000138,J D PIMENTA 2 DISTRIBUIDORA DE EMBALAGENS LTDA,RJ,G,standard,14,20192606.23882033,24940512.66,23.51309367907056,alta
02751498000150,W.P.P - MOTORES ELETRICOS LTDA,SP,C,family_mature_sweet_spot,34,20189681.24919502,24021557.26,18.979378443420256,alta
11020700000164,KROMAFLEX USINAGEM LTDA,SP,C,labor_intensive_midcap,66,20185382.316795968,16161605.459999999,19.934112684345052,alta
43576016000150,ICE- INSTRUMENTOS CIRURGICOS ESMERALDA LTDA,SP,C,labor_intensive_midcap,50,20183886.270537302,19623848.0,2.774680074148047,alta
47362751000111,INDUSTRIA METALOQUIMICA KELS LTDA,SP,C,family_mature_sweet_spot,38,20168779.82543293,22319632.88,10.664269594806289,alta
20051163000100,ALA URB TRANSPORTES E LOGISTICA LTDA,SP,H,labor_intensive_midcap,73,20152147.054754686,15679266.31,22.195554312905614,alta
42735157000105,J. C. FERREIRA ATACADO DISTRIBUIDOR LTDA,RJ,G,standard,12,20151467.1582772,21377582.28,6.084495546117974,alta
28773189000174,C R R GOMES COMERCIO DE VERDURAS LTDA,RJ,G,standard,12,20151450.621404532,21377582.28,6.084582602173029,baixa
17811096000170,TERMEDIC INDUSTRIA E COMERCIO DE EMBALAGENS LTDA,SP,C,family_mature_sweet_spot,44,20148242.631225433,22651827.44,12.425822214859332,alta
04942226000162,MINNAS ALIMENTOS LTDA,SP,C,family_mature_sweet_spot,38,20143989.654457554,16690282.86,17.145098134486496,alta
18183104000144,TATICLA  - SOLUCOES AMBIENTAIS LTDA,RJ,G,standard,11,20106614.53281234,19596117.09,2.5389527509927077,baixa
31960984000186,KELPLAS INDUSTRIA E COMERCIO DE EMBALAGENS LTDA,SP,C,standard,45,20100497.775816336,23166641.7,15.254069617483085,alta
08295467000118,ESI SERVICOS INDUSTRIAIS DE CALDEIRARIA LTDA,SP,C,standard,35,20089716.86747216,17607469.6,12.3558101084602,alta
04787444000170,D.L. MALHAS LTDA,SP,C,standard,45,20075174.610496096,21490051.5,7.047893315777936,alta
05688078000164,"T2S TECNOLOGIA, SOLUCOES E SISTEMAS LTDA",SP,J,labor_intensive_midcap,54,20067085.42489702,22875550.74,13.99538226721528,alta
64955057000127,RA EMBALAGENS LTDA,SP,C,labor_intensive_midcap,56,20058911.15926949,21972867.28,9.541675046733767,alta
07985533000119,TEXTIL WM CONFECCOES LTDA,SP,C,labor_intensive_midcap,122,20038598.383897513,15143486.68,24.428413655074277,alta
34215614000102,BAZAR O AMIGAO PATIO MIX ITAGUAI LTDA,RJ,G,standard,40,20029985.199802667,15216310.4,24.032343268282048,alta
04985278000116,CDC CONCRETO LTDA,SP,C,family_mature_sweet_spot,38,20019608.912034567,19617861.0,2.0067720293629767,alta
28678673000114,CAMPOS ASSUKKAR LTDA,RJ,G,standard,13,20017624.336500965,23159047.47,15.69328647940921,baixa
53269551000111,VIACAO OLIVEIRA LTDA,SP,H,family_mature_sweet_spot,87,19975982.611974537,18686248.89,6.45642192940942,alta
01676184000177,EXCENTRIX INDUSTRIA E COMERCIO LTDA,SP,C,family_mature_sweet_spot,33,19959390.320268657,16601328.48,16.82447102033253,alta
05874446000169,MUNDIAL BELEZA INDUSTRIA E COMERCIO LTDA,SP,G,standard,11,19951118.085791092,19596117.09,1.7793538901657813,baixa
02577442000120,ESTRUTURAL BLOCOS E TELHAS LTDA.,SP,C,capital_intensive,69,19949225.255290896,18708226.68,6.220785817041996,alta
18731917000121,ANNIE B. DISTRIBUIDORA DE COSMETICOS LTDA,SP,G,standard,10,19949140.689943522,17814651.9,10.699652797674297,baixa
01162151000109,SUKIRA COMERCIO DE IMPORTACAO E EXPORTACAO LTDA,SP,G,standard,9,19926392.53397948,16033186.709999999,19.53793601797511,baixa
16433891000100,AIRSPEED AVIATION SERVICOS AERONAUTICOS LTDA,RJ,C,standard,19,19904382.457307313,19109175.9,3.9951330266736167,alta
05632003000161,FORTE LAGOS COMERCIO E SERVICOS DE LIMPEZA E VIGILANCIA PATRIMONIAL LTDA,RJ,G,standard,13,19895132.841782454,23159047.47,16.405593539757042,baixa
00566906000178,HASTE TECNOLOGIA LTDA,SP,C,family_mature_sweet_spot,45,19891818.223398246,24066930.150000002,20.9890914933592,alta
14447680000109,DIGIMEC CONTROLES E SISTEMAS LTDA,SP,C,family_mature_sweet_spot,45,19891818.223398246,24066930.150000002,20.9890914933592,alta
21287111000109,SPIRALTECK SERVICOS E COMERCIO LTDA,SP,C,labor_intensive_midcap,89,19891810.04082788,18034441.130000003,9.337354956716531,alta
07178728000157,VIVA NATURAL COMERCIO DE PRODUTOS ALIMENTICIOS LTDA,SP,G,standard,9,19884173.3039573,16033186.709999999,19.367094297004975,alta
21204355000172,ROCA DISTRIBUIDORA E TRANSPORTADORA DE ALIMENTOS LTDA,SP,G,standard,9,19884173.3039573,16033186.709999999,19.367094297004975,alta
60174281000120,TRANSPORTES RONDONOPOLIS LTDA,SP,H,labor_intensive_midcap,72,19876090.245785445,15464481.84,22.19555431290562,alta
60549474000119,ENGEMATEX EQUIPAMENTOS INDUSTRIAIS LTDA,SP,C,family_mature_sweet_spot,46,19861071.32992887,16921583.46,14.800248290228549,alta
34010742000110,VALLE E VIEIRA MATERIAIS ELETRICOS LTDA,SP,G,standard,9,19859845.7577708,16033186.709999999,19.268322092952296,alta
21230340000189,FRIGORIFICO DEBERALDINI ALIMENTOS LTDA,SP,C,family_mature_sweet_spot,30,19847638.25580322,17673445.2,10.954416982924968,baixa
06157824000156,UTILACO METALURGICA LTDA,SP,C,labor_intensive_midcap,63,19838395.595278323,20959510.32,5.6512368620601094,alta
36578024000170,SPTECH LTDA,SP,C,standard,30,19836504.00108811,16207728.9,18.293420558829602,alta
57010126000164,FEBA INDUSTRIA MECANICA LTDA,SP,C,family_mature_sweet_spot,36,19829220.643664666,20923276.32,5.517391207631148,alta
56854417000176,PICOPLAST INDUSTRIA E COMERCIO DE PLASTICOS LTDA,SP,C,family_mature_sweet_spot,38,19825325.488197703,19562941.88,1.3234769252787535,alta
10594755000115,FAMA LOCACAO DE VEICULOS E PRESTACAO DE SERVICOS LTDA,RJ,N,standard,47,19814868.023986485,17821715.21,10.058875040569099,alta
57906224000184,CACULE - MATERIAIS PARA CONSTRUCAO LTDA,SP,G,standard,9,19814057.72049478,16033186.709999999,19.08176035332741,baixa
45550277000126,METALMAX COMERCIO E TRANSPORTES  LTDA,RJ,G,standard,9,19793008.567750726,16033186.709999999,18.99570671573752,alta
41142199000170,JL IMPORTS COMERCIO E DISTRIBUICAO DE PECAS E ACESSORIOS AUTOMOTIVOS LTDA,RJ,G,standard,23,19789934.713959668,16460674.96,16.822995134042724,alta
18119902000107,TRANS HAYAKU TRANSPORTES LTDA,SP,H,labor_intensive_midcap,86,19785685.765460737,18471464.42,6.642283522742138,alta
41668712000160,4S DISTRIBUIDORA DE ALIMENTOS LTDA,SP,G,standard,10,19776384.027921095,17814651.9,9.919569346708906,alta
32123565000152,CENTER TEXTIL COMERCIAL LTDA,SP,G,standard,9,19774728.444326654,16033186.709999999,18.920824854108673,baixa
24437732000101,A E I AUTOMACAO E ELETRICA INDUSTRIAL LTDA,SP,C,standard,42,19774714.122455973,22462468.14,13.591872938844865,alta
56690196000148,EMPORIO NOVO ALA LTDA,RJ,G,recent_startup,39,19765591.25510275,14835902.64,24.940759684231985,baixa
19927427000168,BRASERV COMERCIO DE COSMETICOS E PERFUMARIA LTDA,SP,G,standard,10,19765353.424450085,17814651.9,9.869297464911678,alta
02019351000170,SANILAR COMERCIO DE EMBALAGENS LTDA,SP,G,standard,11,19759942.725173213,19596117.09,0.82907950418554,baixa
11124304000187,GOMES & LACERDA INDUSTRIA E COMERCIO DE PRODUTOS ALIMENTICIOS LTDA,RJ,C,labor_intensive_midcap,86,19746042.356655665,21627946.5,9.530538369933227,alta
05528348000170,SWA ALIMENTOS LTDA,SP,G,standard,13,19741320.868710984,23159047.47,17.312552812542258,baixa
69163970000104,"EYETEC EQUIPAMENTOS OFTALMICOS,INDUSTRIA, COMERCIO, IMPORTACAO E EXPORTACAO LTDA",SP,C,family_mature_sweet_spot,44,19724515.995759908,20499407.72,3.928571552309145,alta
12403490000156,CONSUMER SOLUCOES EM TECNOLOGIA LTDA,SP,J,labor_intensive_midcap,55,19707902.461963706,23299172.05,18.222485091792255,alta
04150384000180,A7 SISTEMAS PARA HIGIENE LTDA,SP,G,standard,9,19685585.852495037,16033186.709999999,18.553672569679286,alta
59511741000180,ARGA FACIL DE DESCALVADO LTDA,SP,C,family_mature_sweet_spot,39,19679243.54917484,20134120.5,2.3114554667129554,alta
27854440000162,IFC - DISTRIBUIDORA DE ALIMENTOS CONGELADOS LTDA,SP,G,standard,9,19674468.31484496,16033186.709999999,18.507649338089134,baixa
14749987000156,CASA DO SAPATEIRO COMPONENTES PARA CALCADOS LTDA,SP,G,standard,11,19642732.51585115,19596117.09,0.2373164009311534,alta
21254853000120,B S B PIRACICABA COMERCIO EM EQUIPAMENTOS INDUSTRIAIS LTDA.,SP,C,labor_intensive_midcap,72,19636434.975147408,15983402.4,18.6033390468831,alta
22408167000129,BOMBA SUCATA LTDA,SP,G,standard,11,19632120.642548956,19596117.09,0.18339105186082214,alta
44115541000130,NIAGARA EMBALAGENS INDUSTRIA E COMERCIO LTDA,SP,C,family_mature_sweet_spot,38,19629072.706436176,14910159.94,24.04042634621702,alta
42604918000190,ITAGUAI DIESEL COMERCIO DE PECAS PARA VEICULOS LTDA,RJ,G,standard,21,19628997.356482398,15029311.92,23.433114554694104,alta
51605063000102,EVIDENCE PRODUCOES E DISTRIBUIDORA DE ALIMENTOS LTDA,RJ,G,standard,40,19628955.996014595,15216310.4,22.480286760592488,alta
12784033000159,JULIANE DE OLIVEIRA BOIM LTDA,SP,C,labor_intensive_midcap,66,19601914.497455847,18234971.04,6.973520150969256,alta
11174864000146,P. R. DE ABREU & CIA LTDA,SP,M,labor_intensive_midcap,86,19596222.785823144,20170827.86,2.932223625221043,alta
59866939000186,GUIRADO REPRESENTACOES E COMERCIO LTDA,SP,G,standard,10,19586937.576062236,17814651.9,9.048304101546732,alta
15599817000103,BJNG PERFUMARIA LTDA,SP,G,standard,10,19553827.47132094,17814651.9,8.894297415029056,baixa
65608481000168,USITEC USINAGEM TECNICA INDUSTRIA E COMERCIO LTDA,SP,C,standard,26,19553634.153302923,17140431.099999998,12.341455477703597,alta
33414464000101,ACOS MAQ CONCHAL LTDA,SP,G,standard,12,19542764.169159126,21377582.28,9.38873382986652,baixa
05061744000130,BOGNAR INDUSTRIA E COMERCIO DE EXPORTACAO E IMPORTACAO DE MATERIAIS DE CONSTRUCAO LTDA,SP,C,labor_intensive_midcap,56,19531020.304944433,24023156.64,23.00000852448219,alta
03605694000189,POLIFORTE INDUSTRIA E COMERCIO DE FIOS TECNICOS LTDA,SP,C,labor_intensive_midcap,51,19511466.272682823,16199422.74,16.974857175751442,alta
55886279000144,CAPROMAL CACIQUE PRODUTOS DE MANDIOCA LTDA,SP,C,family_mature_sweet_spot,28,19506520.77386516,20052972.24,2.801378433754186,alta
07759687000192,E B N COMERCIO ATACADISTA DE BANANAS LTDA,SP,G,standard,13,19497927.604913168,23159047.47,18.776969220894465,alta
53226650000116,JALTEX QUIMICA INDUSTRIA E COMERCIO LTDA,SP,C,standard,18,19489418.243364535,19272483.72,1.1130887574768686,alta
27771010000187,VITA PREMIUM ATACADISTA LTDA.,SP,G,standard,9,19475382.849354487,16033186.709999999,17.674600627779597,baixa
44653817000134,FFE E CAMPOS DISTRIBUIDORA LTDA,SP,G,standard,9,19475175.646874744,16033186.709999999,17.673724742128805,alta
05561070000132,ACOS BRAUNA SISTEMAS DE ARMAZENAGEM LTDA,SP,C,labor_intensive_midcap,53,19471252.33298714,17632603.92,9.442887296325571,alta
51377935000122,MASSAS ALIMENTICIAS DA ROZ LTDA,SP,C,family_mature_sweet_spot,49,19457313.482211765,21521680.529999997,10.609722918199962,alta
58707050000193,WOLER INDUSTRIA E COMERCIO LTDA,SP,C,standard,44,19449777.81843384,23532109.48,20.989091493359194,alta
03179762000195,QUASAR TRANSPORTES LTDA,SP,H,labor_intensive_midcap,83,19423341.81834816,17827111.01,8.218105943233134,alta
05100148000111,PLASTEX DO BRASIL INDUSTRIA E COMERCIO LTDA,SP,C,labor_intensive_midcap,52,19418016.14436958,20408801.92,5.102404737250714,alta
71985014000150,JEYTECH INDUSTRIA TECNOLOGIA E INOVACAO LTDA,SP,C,labor_intensive_midcap,63,19400501.823268015,15730885.8,18.915057232524035,alta
46539084000137,FP EMBALAGENS LTDA,SP,C,standard,33,19400458.067427922,16988870.580000002,12.430569830084655,alta
19091138000171,JRM CONEXAO DISTRIBUIDORA DE BEBIDAS LTDA,RJ,G,standard,11,19377144.224434935,19596117.09,1.130057468886135,baixa
00151967000174,COMERCIO DE FERROS ITAFERRO ITAPIRA LTDA,SP,G,standard,9,19375498.048209906,16033186.709999999,17.250195736355284,alta
03964158000170,GOYTACAZES PNEUS LTDA,RJ,G,family_mature_sweet_spot,22,19365818.50086139,15744993.440000001,18.696989547332254,alta
60504602000108,PREMENA INDUSTRIA E COMERCIO LTDA,SP,C,standard,32,19354560.310563546,16098257.92,16.82447102033253,alta
31954811000155,JORDELY COMERCIO DE GENEROS ALIMENTICIOS LTDA,RJ,G,standard,10,19344625.0567581,17814651.9,7.909034950375528,alta
31127244000163,PADARIA E CONFEITARIA PETROPOLIS LTDA,RJ,G,standard,40,19315374.252107814,15216310.4,21.221767689334303,alta
32313421000169,CAMINHAS COMERCIAL LTDA,RJ,G,standard,9,19305590.317319483,16033186.709999999,16.950549315157364,alta
62513841000150,MACK ROSS INDUSTRIA COMERCIO EMBALAGENS PLASTICAS LTDA,SP,C,family_mature_sweet_spot,37,19303606.39640303,19048127.62,1.3234769252787584,alta
05263800000119,ALFA TRIGOS LTDA,SP,G,standard,10,19274556.302190434,17814651.9,7.574256856042526,alta
22183301000130,APLLOS SOLUTIONS CONSULTORIA LTDA,SP,J,partnership_heavy_services,43,19221332.65660807,18215716.33,5.2317721386625795,alta
26815740000170,L.R. MASTER - INDUSTRIA E COMERCIO DE TUBOS E CONEXOES LTDA,SP,C,labor_intensive_midcap,51,19213061.855678514,19823763.75,3.178576631402404,alta
54552922000130,FREITAS & CORREA LTDA,SP,C,labor_intensive_midcap,61,19197148.222560138,20182973.619999997,5.135270020373837,alta
03874748000101,LATICINIOS CARIJOS DE SANTO ANDRE LTDA,SP,G,standard,10,19186823.158281203,17814651.9,7.15163342551038,alta
08356365000165,SANTAE EQUIPAMENTOS DE ENGENHARIA LTDA,SP,C,family_mature_sweet_spot,51,19180283.354913134,21878231.94,14.066260310986351,alta
42150394000104,TROUPE TECNOLOGIA LTDA,SP,J,labor_intensive_midcap,51,19178444.007026516,21604686.81,12.650884514325385,alta
52099983000169,JESUS DE MARI ARTEFATOS DE CIMENTO LTDA,SP,C,family_mature_sweet_spot,44,19172354.702898383,22715418.0,18.48006336209706,alta
39003660000161,"PFF INOVA INDUSTRIA E COMERCIO DE MAQUINAS, EQUIPAMENTOS E FERRAMENTAL LTDA",SP,C,standard,46,19171065.869846288,23141245.76,20.70922877792786,alta
12581511000123,D R CAMPIONI CALCADOS LTDA,SP,C,labor_intensive_midcap,97,19158700.99348532,17915292.779999997,6.490044465478784,alta
23250724000199,LOCKPIPE DO BRASIL LTDA,SP,C,family_mature_sweet_spot,49,19143352.54247964,20634019.07,7.786862432860323,alta
23238136000130,L M MARICA COMERCIO DE ROUPAS INTIMAS E ACESSORIOS LTDA,RJ,G,family_mature_sweet_spot,38,19141488.46236188,14455494.88,24.4808212881459,alta
65880106000172,CONAI EQUIPAMENTOS INDUSTRIAIS LTDA,SP,C,standard,42,19138689.9558484,21184560.18,10.68970879862351,alta
05898538000189,NACIONAL TELHA INDUSTRIA E COMERCIO LTDA,SP,C,family_mature_sweet_spot,40,19129522.059054893,23327474.0,21.94488669390473,alta
21433831000127,3 MELO'S - SERVICOS EM LOGISTICA LTDA,SP,H,labor_intensive_midcap,78,19129083.8295406,16753188.66,12.420329121416465,alta
17691457000192,EMC2 PARTICIPACAO LTDA,SP,B,family_mature_sweet_spot,39,19118123.825382482,18873504.78,1.2795138666154504,alta
10691456000107,M. G. FUNDICAO DE ALUMINIO LTDA,SP,C,standard,37,19105503.217022985,19147367.54,0.21912180224445912,alta
56129764000136,DEX MOVE EQUIPAMENTOS E SERVICOS LTDA,SP,H,recent_startup,72,19103294.67827962,15464481.84,19.048090392579965,baixa
62288816000110,NITOLI INDUSTRIA GRAFICA LTDA,SP,C,labor_intensive_midcap,50,19101405.382302996,19618631.5,2.707790905145661,alta
02532197000135,IRMAOS SIA COMERCIO DE FRUTAS LTDA,SP,G,standard,9,19101202.542308718,16033186.709999999,16.06189885434247,alta
26822969000131,ARTHUR GUILHERME PINTO LTDA,SP,H,labor_intensive_midcap,71,19088691.26691118,15249697.37,20.1113520211089,alta
11670482000103,G B LUZ MERCADO LTDA,RJ,G,family_mature_sweet_spot,39,19080730.25992673,14835902.64,22.246672753619382,alta
50333244000164,PANIFICADORA PANICENTER LTDA,SP,C,labor_intensive_midcap,76,19071531.006553736,19113069.0,0.2178010429891041,alta
42235615000147,LSR BOAS NOVAS SOLUCOES LTDA,RJ,N,standard,39,19068375.53143876,14788231.77,22.446294674561678,alta
30697551000117,PNEUBOM COMERCIO DE PNEUS E PECAS LTDA,RJ,G,family_mature_sweet_spot,20,19058498.795556203,14313630.4,24.89633861751244,alta
45154861000162,JOSE ROSO DOS SANTOS LIMITADA,SP,C,labor_intensive_midcap,60,19055873.475346792,14981796.0,21.379641718431643,alta
47167063000109,DIAS BRAZ TRANSPORTES LTDA,SP,H,labor_intensive_midcap,69,19047919.818877716,14820128.43,22.195554312905614,alta
67421271000191,CROMAL INDUSTRIA E COMERCIO DE MATERIAIS OTICOS LTDA,SP,C,family_mature_sweet_spot,49,19037598.311640706,19231371.040000003,1.017842299156049,alta
45455324000152,DAMASIO INDUSTRIA E COMERCIO DE METAIS LTDA,SP,G,standard,9,19036625.02934161,16033186.709999999,15.77715753035182,baixa
05125873000144,AROMAS E SACHE LTDA.,SP,C,standard,21,19033428.746157005,23678542.020000003,24.405026208327712,alta
40670334000197,G3 CONSTRUCOES NAVAIS LTDA,SP,C,standard,41,19022894.597708106,20242801.259999998,6.412834051232494,alta
05696068000170,BELLA PANE PADARIA E CONFEITARIA LTDA,SP,C,labor_intensive_midcap,67,19021401.622633506,16849679.25,11.417257338435986,alta
02928088000131,INTERGARD DO BRASIL INDUSTRIA E COMERCIO DE ELETRONICOS E MECANICOS LTDA,SP,C,family_mature_sweet_spot,41,19012122.426299546,22150562.830000002,16.50757518455193,alta
42054543000131,DYNAMIC METALS LTDA,SP,G,standard,9,19009277.370991558,16033186.709999999,15.65599050878766,baixa
01968467000192,MS TECHNOLOGY COMMERCE E SERVICE LTDA,RJ,G,family_mature_sweet_spot,40,18997113.218130585,15216310.4,19.901986026604497,alta
05812396000195,TRESSAR CONFECCOES LTDA,SP,C,labor_intensive_midcap,73,18996758.165788967,14273902.43,24.86137737066265,alta
49164483000159,IMPERIOUS FITNESS EQUIPAMENTOS ESPORTIVOS LTDA,SP,C,labor_intensive_midcap,53,18996439.753677614,17827478.03,6.1535831915625545,alta
03512483000100,PHYTONATUS NUTRACEUTICA LTDA,SP,C,family_mature_sweet_spot,24,18989346.05708987,16320084.72,14.056625905204733,alta
25371748000121,MAX FOODS DISTRIBUICAO LTDA,RJ,G,standard,13,18972797.33464582,23159047.47,22.064485597544216,baixa
59274126000105,INDUSTRIA E COMERCIO DE ALUMINIO ABC LTDA,SP,C,labor_intensive_midcap,68,18943353.199775767,15853490.76,16.31106387127038,alta
54968888000180,HOTPARTS PECAS LTDA,SP,C,labor_intensive_midcap,74,18942597.69320969,18120587.94,4.339477438748286,alta
57884066000109,JARE COMERCIO ATACADISTA DE ALIMENTOS LTDA,SP,G,standard,12,18927914.436073147,21377582.28,12.942090647125049,alta
06321522000171,EUROMETAL RECICLAGEM E COMERCIO DE MATERIAIS LIMITADA,SP,G,standard,11,18924576.257218868,19596117.09,3.548511859149131,alta
09458873000117,STB AERONAUTICA E MECANICA INDUSTRIAL LTDA,SP,C,labor_intensive_midcap,81,18921294.294725876,19834697.61,4.827382847317825,alta
28666678000127,CRAT ESTETICA AUTOMOTIVA E ACESSORIOS LTDA,SP,G,standard,24,18920796.664172344,17176356.48,9.219697326358064,alta
30723445000160,JUMPER EQUIPAMENTOS MEDICOS COMERCIO LTDA,SP,C,standard,36,18915817.223075002,20514489.839999996,8.451512287689093,alta
38009050000102,RENOVA SUCATAS LTDA,SP,G,standard,9,18893052.96634233,16033186.709999999,15.137131417760468,baixa
26433285000148,NEXUS PRINT INDUSTRIA E COMERCIO DE EMBALAGENS LTDA,SP,C,family_mature_sweet_spot,33,18888828.88912137,16988870.580000002,10.058634763829156,alta
41897860000157,L3L INDUSTRIA E COMERCIO DE EMBALAGENS LTDA,SP,G,standard,10,18883690.686603688,17814651.9,5.661175054948755,alta
34473416000149,RPJ COMERCIO DE METAIS LTDA.,SP,C,standard,8,18878899.22116095,16267700.4,13.831308650846083,alta
08800421000109,K'WINNER SERVICOS DE APOIO LTDA,SP,N,labor_intensive_midcap,118,18866115.72857418,16370176.58,13.229745775352622,alta
32168885000129,G SILVA DE OLIVEIRA LTDA,SP,C,labor_intensive_midcap,62,18856510.151039492,15182114.22,19.486086776438512,alta
22267176000147,LATICINIOS A. R. P. L. A. M LTDA,SP,C,standard,17,18853168.150086,22772648.01,20.789502478903643,baixa
01544777000180,BIN PALLET EMBALAGENS LTDA,SP,C,labor_intensive_midcap,61,18837805.963720486,18080298.740000002,4.021207274240736,alta
62065263000136,UBIRAJARA COMERCIO DE PAPEIS E APARAS LTDA,SP,G,standard,9,18828909.48442982,16033186.709999999,14.848033428285836,alta
31560797000105,DTP INDUSTRIA E COMERCIO DE FERRAGENS LTDA,SP,G,standard,8,18826376.18295847,14251721.52,24.2991780175912,alta
23871207000137,ACOS AMERICA LATINA LTDA,SP,G,standard,8,18826376.18295847,14251721.52,24.2991780175912,alta
04710149000115,JANKE COMERCIO DE FRIOS LTDA,SP,G,standard,9,18819468.90870837,16033186.709999999,14.805317898312584,baixa
31777515000126,ALEMED NUTRACEUTICA INDUSTRIA E COMERCIO LTDA,SP,C,standard,21,18811725.681807313,14280074.13,24.08950475069834,alta
34391900000129,BIOBALANCE FARMA LTDA,SP,C,standard,30,18808346.09374801,20400105.900000002,8.463050383686317,alta
07707280000111,MECBRINDES INDUSTRIA E COMERCIO DE BRINDES LTDA,SP,C,labor_intensive_midcap,86,18804381.21895513,15211161.42,19.10841817721236,alta
18747319000140,TOTAL MEDICAL BRASIL INDUSTRIA E COMERCIO DE PRODUTOS MEDICO-HOSPITALARES LTDA,SP,C,standard,39,18802147.712537576,15306601.440000001,18.591207376839655,alta
37664660000187,JOSE ROBERTO MORETTI LTDA,SP,C,labor_intensive_midcap,57,18770386.37087999,14232706.200000001,24.174676435641498,alta
11746517000140,QUALILAN-BUFFA BAURU COMERCIO DE EQUIPAMENTOS DE INFORMATICA LTDA,SP,G,standard,10,18770288.30500133,17814651.9,5.091218576257576,baixa
27492086000173,ANGA FRIOS LTDA,SP,G,standard,12,18768905.236058,21377582.28,13.898930231318577,baixa
54046081000190,HSMV INDUSTRIA DE PLASTICOS LTDA,SP,C,labor_intensive_midcap,51,18744290.853132363,19529913.99,4.191266252872667,alta
19027205000199,F&S LOCACAO E SERVICOS DE MAQUINAS E APARELHOS DE TELECOMUNICACAO LTDA,RJ,J,standard,32,18730775.688298065,22405039.36,19.61618532433447,alta
27451912000136,PRUDENFLEX-DISTRIBUIDORA DE PECAS E SERVICOS LTDA,SP,G,standard,12,18725939.802370045,21377582.28,14.16026381380523,baixa
04038547000137,LABEL CODE COMERCIO E IMPRESSAO DE ETIQUETAS LTDA,SP,C,family_mature_sweet_spot,49,18717174.07732303,16212552.58,13.381408363122127,alta
08476230000133,PETS MAR DISTRIBUIDORA LTDA,SP,G,standard,9,18715118.28455685,16033186.709999999,14.330294544651103,baixa
17354761000144,FORTE MIX CONCRETOS ESPECIAIS LTDA,SP,C,family_mature_sweet_spot,39,18713671.18905189,20134120.5,7.590436406615504,alta
12883432000177,MAUA BENEFICIAMENTO DE PECAS LTDA,SP,C,labor_intensive_midcap,67,18694588.826400593,16406478.27,12.239427021627307,alta
22665108000136,FOCOMED RIO PRETO DISTRIBUIDORA DE PRODUTOS FARMACEUTICOS E DE PERFUMARIA EM GERAL LTDA,SP,G,standard,8,18694363.83765403,14251721.52,23.764608179421966,alta
26717709000104,"HIDRO CONEXOES, VALVULAS E TUBOS LTDA",SP,C,standard,32,18689793.73024825,21095915.2,12.873986221996628,alta
02022172000191,GARRA LATAS DISTRIBUIDORA DE PECAS E ACESSORIOS LTDA,RJ,G,family_mature_sweet_spot,20,18668863.306786556,14313630.4,23.328859584093316,alta
51748762000101,ALE INDUSTRIA METALURGICA E PLASTICOS LTDA,SP,C,labor_intensive_midcap,67,18664774.47624965,15620351.190000001,16.311063871270363,alta
58368358000151,PUMA TAMBORES LTDA,SP,G,standard,8,18643543.98310704,14251721.52,23.556800504702768,alta
13357938000105,ITALIZA METAIS LTDA,SP,G,standard,9,18628587.082118653,16033186.709999999,13.932352253434969,alta
12289219000131,SURI PACK INDUSTRIA E COMERCIO DE EMBALAGENS LTDA,SP,C,family_mature_sweet_spot,32,18627606.866979957,16474056.32,11.56106934378901,alta
48221139000191,IBTF INDUSTRIA BRASILEIRA DE TUBOS FLEXIVEIS LTDA,SP,C,family_mature_sweet_spot,32,18621241.51875729,20609024.32,10.674813487813921,alta
32931696000166,PEDREIRA NOVA BIRITIBA MIRIM LTDA,SP,B,standard,39,18616727.088619143,18873504.78,1.3792848235812236,alta
28227650000193,HAPPY CONFECCOES LTDA,RJ,C,labor_intensive_midcap,97,18608190.49674814,18966692.27,1.9265805200914679,alta
13605215000188,GOLD TURISMO E FRETAMENTO LTDA,SP,H,labor_intensive_midcap,74,18607103.4475455,15894050.78,14.58073619676352,alta
08029103000196,LACTVIT LATICINIOS LIMITADA,SP,G,standard,8,18606808.64330641,14251721.52,23.40587903489353,alta
00555368000116,NORT PEL INDUSTRIA E COMERCIO DE MATERIAIS DE EMBALAGENS LTDA,SP,C,family_mature_sweet_spot,36,18595963.616623748,14125414.68,24.04042634621703,alta
41762215000127,NFOODS BRASIL LTDA,SP,G,standard,9,18584970.04216527,16033186.709999999,13.730360212450307,alta
48353547000105,R A A TATUI PRODUTOS SIDERURGICOS E RECICLAGEM LTDA,SP,G,standard,8,18582379.585810017,14251721.52,23.305185677710615,baixa
30484404000169,ANTONIO E ERIKA TRANSPORTE DE CARGA E DESCARGA LTDA,RJ,H,labor_intensive_midcap,93,18578898.91071436,19974955.71,7.514206336956492,alta
29149143000141,CONCESSIONARIO DE VEICULOS TREVO LTDA,RJ,G,family_mature_sweet_spot,20,18567001.40320908,14313630.4,22.90822794074834,alta
50030808000190,SOUZA & CIA LTDA,SP,C,labor_intensive_midcap,77,18553983.4375404,18196532.2,1.9265471414465531,alta
31451131000119,PEDREIRA BANGU LTDA,RJ,B,standard,39,18504908.584363725,18873504.78,1.9918833641130902,alta
07723645000100,ANTONIO COSTA FERRAMENTARIA LTDA,SP,C,standard,36,18501709.356932182,16187490.0,12.508138098413566,alta
31350010000180,AUTO CLASS COM. E CONSIGNACAO DE VEICULOS LTDA,RJ,G,family_mature_sweet_spot,20,18498879.359340332,14313630.4,22.62433782091316,alta
23438078000198,MAGELLA ATACADISTA LTDA,SP,G,standard,8,18498623.87263189,14251721.52,22.957936665305372,alta
23848502000172,PLASTICON COMERCIO LTDA,SP,C,family_mature_sweet_spot,34,18493520.365562957,22440978.86,21.34508961196842,alta
04661819000150,M M GABINETES LTDA,SP,C,labor_intensive_midcap,58,18491471.43560275,14482402.8,21.680636122249563,alta
13108393000101,TSPRO FABRICACAO DISTRIBUICAO E REPRESENTACAO DE EQUIPAMENTOS INDUSTRIAIS LTDA,SP,C,family_mature_sweet_spot,42,18488145.390199345,21128963.52,14.28384553488294,alta
05891713000106,PERSIANAS GABRIEL DE MARICA INDUSTRIA E COMERCIO DE DECORACOES LTDA,RJ,C,labor_intensive_midcap,55,18464486.911797237,21061671.95,14.065839200456647,alta
13350447000132,MORAES & MORAES-MAQUINAS E SERVICOS LTDA,SP,C,family_mature_sweet_spot,38,18456383.573268835,19664863.96,6.54776371510538,alta
14480992000106,NG CONSULTORIA E EMPREENDIMENTOS LTDA,RJ,N,labor_intensive_midcap,107,18451394.774216138,14844143.17,19.55002127674862,alta
31558285000104,RED FIBRA TELECOMUNICACOES LTDA,SP,J,partnership_heavy_services,26,18446855.533339042,18204094.48,1.3160023555250335,alta
02843772000110,QUINTANA E QUINTANA TRANSPORTES RODOVIARIOS LTDA,SP,H,labor_intensive_midcap,85,18434711.799082078,18256679.95,0.9657425134844991,alta
67152645000110,BRASCOOK COMERCIO DE MINERIOS LTDA,SP,G,standard,9,18418798.31900958,16033186.709999999,12.95204805270847,baixa
08412375000170,T.P. SOARES COMERCIO E SERVICOS LTDA,RJ,G,standard,10,18417619.175332945,17814651.9,3.2738611304359657,alta
37552520000117,JOSE FLORES JUNIOR LTDA,SP,G,standard,9,18414525.182563838,16033186.709999999,12.93184835859171,alta
21616792000101,OUROMINAS  INDUSTRIA E COMERCIO DE PRODUTOS ALIMENTICIOS LTDA,SP,C,standard,30,18408840.519938502,21485327.4,16.71200788952119,alta
53708553000160,BEMAPE DISTRIBUIDORA LTDA,SP,G,recent_startup,9,18394773.26267558,16033186.709999999,12.838356412184881,baixa
10546095000105,RODA VIVA DISTRIBUIDORA DE ALIMENTOS LTDA,RJ,G,standard,11,18394659.91826194,19596117.09,6.531554141673855,baixa
28525152000127,ARARUAMA PNEUS LTDA,RJ,C,family_mature_sweet_spot,43,18383551.47625399,15694754.9,14.62609974861008,alta
07817575000140,FACHIM - MIRASSOL INDUSTRIA E COMERCIO DE ACESSORIOS PARA MOVEIS LTDA,SP,C,labor_intensive_midcap,50,18370991.142889496,19146974.5,4.223960215727658,alta
07390409000100,SNJ IMPORTS & EXPORTS COMERCIO E INDUSTRIA  LTDA,SP,C,standard,15,18365784.28523093,16260658.05,11.462218016596182,alta
15538255000180,"PRODOOZE COMERCIO, DISTRIBUICAO, IMPORTACAO E EXPORTACAO DE INSUMOS LTDA",SP,G,standard,9,18365626.320372544,16033186.709999999,12.700027593315596,alta
48551342000126,SALTO DE OURO INDUSTRIA DE CALCADOS LTDA,SP,C,labor_intensive_midcap,89,18343508.193505596,16437742.86,10.38931764524913,alta
45968784000184,WM TRANSPORTES E LOGISTICA LTDA.,SP,H,labor_intensive_midcap,75,18337991.273122076,16108835.25,12.155944399370183,alta
49258304000142,TSUBAKI EMBALAGENS LTDA,SP,C,family_mature_sweet_spot,42,18317560.19314371,21622198.92,18.04082362504381,alta
54185649000153,FIC GUARULHOS COMERCIAL DE CIMENTO LTDA,SP,G,recent_startup,8,18306586.131654285,14251721.52,22.14975846666975,baixa
57550980000113,PRIMOTECNICA MECANICA E ELETRICIDADE LTDA,SP,C,family_mature_sweet_spot,39,18291036.889111634,18152516.46,0.757313158086147,alta
55275614000178,TEKIN-INDUSTRIA E COMERCIO DE EQUIP. DE SEGURANCA LTDA.,SP,C,family_mature_sweet_spot,28,18289429.139084447,18458925.8,0.9267465902111718,alta
61471264000118,SWB INDUSTRIA MECANICA E AUTOMACAO INDUSTRIAL LTDA,SP,C,family_mature_sweet_spot,41,18268997.755027235,16255844.82,11.019503981674408,alta
69209088000152,AIA EMBALAGENS LTDA,SP,C,standard,35,18260168.212813675,18018499.1,1.3234769252787488,alta
08533719000108,R.OFIR TEXTIL INDUSTRIAL LTDA,SP,C,standard,42,18249964.15067652,20057381.400000002,9.903675614927074,alta
04914512000114,PLISVED INDUSTRIA E COMERCIO DE VEDACOES LTDA,SP,C,family_mature_sweet_spot,42,18247468.988244247,17932165.44,1.7279303143212714,alta
49944124000114,ARESNET CONEXAO A INTERNET LTDA,SP,J,standard,28,18215485.54159295,19604409.439999998,7.624962262112655,alta
25298904000176,C&L TREINAMENTOS E ENGENHARIA OFFSHORE LTDA,RJ,C,labor_intensive_midcap,81,18210084.532766666,19956724.11,9.591606091067199,alta
14782413000180,ZETTATECCK PROJETOS INDUSTRIAIS E AUTOMACAO LTDA,SP,C,family_mature_sweet_spot,40,18194988.540851954,16498542.8,9.323697770092247,alta
17293029000101,TIGRE ALIMENTOS DO BRASIL LTDA,SP,G,standard,10,18173443.101318862,17814651.9,1.974261009972436,alta
01523751000155,FLUKE INDUSTRIA E COMERCIO DE VEDACOES LTDA,SP,C,family_mature_sweet_spot,34,18152136.793909054,22214484.12,22.37944420655791,alta
23238136000130,L M MARICA COMERCIO DE ROUPAS INTIMAS E ACESSORIOS LTDA,RJ,G,family_mature_sweet_spot,36,18134041.70118494,13694679.36,24.480821288145915,alta
09393196000104,KTSA AUTOMACAO INDUSTRIAL LTDA,SP,C,standard,38,18124636.61985445,20323185.46,12.13016782768032,alta
65948648000130,XPS ELETRONICA LTDA,SP,C,family_mature_sweet_spot,40,18121576.44194979,21610305.2,19.25179505892282,alta
61574372000116,MELIDA COMERCIO E INDUSTRIA LTDA,SP,C,family_mature_sweet_spot,38,18102914.184281908,14551700.62,19.616806046428128,alta
16984323000105,SORTE LOG LTDA,SP,H,labor_intensive_midcap,71,18091392.418058746,15249697.37,15.707442425615506,alta
22483270000133,GUTO IMPORTS AUTO PECAS LTDA,RJ,G,standard,20,18082532.444200344,14313630.4,20.84277772391971,alta
24912831000106,MANDOTTI COMERCIAL E DISTRIBUIDORA LTDA,SP,G,standard,9,18056798.79324052,16033186.709999999,11.206926024994264,alta
61081683000143,QUIMICA SOLUBRAS INDUSTRIA E COMERCIO DE ANTIFERRUGINOSOS LTDA,SP,C,standard,17,18052135.461984675,18201790.18,0.8290139320662459,alta
21268226000148,INNOVAPACKING INDUSTRIA E COMERCIO DE PLASTICOS LTDA.,SP,C,standard,31,18045494.152386833,15959242.06,11.561069343789008,alta
09065646000121,ATHENAS CONSULTORIA AGRICOLA E LABORATORIO LTDA,SP,M,labor_intensive_midcap,71,18044221.360695373,16652660.21,7.711949010593082,alta
49696990000133,MULTIONIC INDUSTRIA E COMERCIO DE PRODUTOS DE HIGIENE E LIMPEZA LTDA,SP,C,family_mature_sweet_spot,32,18022171.37835109,21921952.32,21.638796234805955,alta
07491156000161,GENEZYS MARCAS ASSOCIADAS LTDA,SP,C,standard,41,18019060.64445672,21166639.5,17.468051846041046,alta
60320629000140,HOHNER ELETRONICA LTDA,SP,C,standard,19,18017178.839741286,20596833.53,14.317750371488,baixa
65596744000166,RLZ INFORMATICA LTDA.,SP,J,family_mature_sweet_spot,40,18011306.433689356,16944852.4,5.921025427087299,alta
08539206000104,RP- CONEXOES RESTAURADORAS LTDA,SP,C,family_mature_sweet_spot,43,18004493.015551493,16876509.28,6.265012486478727,alta
73732323000143,COMERCIO DE HORTTI FRUTTI PENALVA DO CASTELO LTDA,SP,G,standard,12,17998087.019919846,21377582.28,18.776969220894486,alta
05785466000163,AGROLAF INDUSTRIA E COMERCIO IMPORTACAO E EXPORTACAO DE PRODUTOS ALIMENTICIOS LTDA,SP,C,family_mature_sweet_spot,26,17996117.57035192,17680091.78,1.7560776046082467,alta
17158999000102,FINESTAMP METALURGICA LTDA,SP,C,standard,30,17994108.643093377,19320960.3,7.373811524784278,alta
40435662000109,BUENO DISTRIBUIDORA LTDA,SP,G,standard,9,17990550.890024908,16033186.709999999,10.879956883978437,alta
50892241000160,OUTDOOR COMERCIO ATACADISTA E VAREJISTA DE ROUPAS LTDA,SP,G,standard,9,17988479.001141213,16033186.709999999,10.869692156947607,baixa
51948699000157,MEGRAFICA LTDA,SP,C,standard,39,17964557.27915251,19330371.06,7.602824604158144,alta
31518897000173,COLETIVOS SAO GERALDO LIMITADA,RJ,H,labor_intensive_midcap,81,17957436.02038515,17397542.07,3.117894724778983,alta
05561131000161,TRANSRIPOLI RIBEIRAO PIRES TRANSPORTES DE CARGAS LTDA,SP,H,labor_intensive_midcap,74,17952873.809354693,15894050.78,11.467930155460145,alta
53617221000170,PROREVEST REVESTIMENTOS DE POLIURETANO E PECAS ESPECIAIS LTDA,SP,C,family_mature_sweet_spot,48,17933445.3491713,18381095.52,2.4961749519558207,alta
49697808000169,EMPRESA DE ONIBUS CIRCULAR NOSSA SENHORA APARECIDA LTDA,SP,H,labor_intensive_midcap,74,17924220.527238525,15894050.78,11.326404649805443,alta
36095489000170,JSX INDUSTRIA DE ALIMENTOS LTDA,SP,C,standard,20,17915929.22076887,13600070.600000001,24.08950475069833,alta
48709117000175,"RAMOS - COMERCIO, TRANSPORTES E LOGISTICA LTDA",SP,G,standard,9,17911570.817400523,16033186.709999999,10.486987023917148,baixa
55977714000146,USIMOREN USINAGEM LTDA,SP,C,family_mature_sweet_spot,28,17908183.320124328,16329231.799999999,8.816927389558169,alta
13719780000176,FUTURE CARGO TRANSPORTE LTDA,SP,H,labor_intensive_midcap,68,17905741.741648447,14605343.96,18.43206402319418,alta
19004551000151,RETA RAPIDO TRANSPORTES LTDA.,SP,H,labor_intensive_midcap,97,17901998.396246623,20834093.59,16.37859153404978,alta
00622851000176,STAMPARE ARTIGOS PROMOCIONAIS LTDA,SP,C,labor_intensive_midcap,72,17901474.695683263,14078369.52,21.356370023555446,alta
11358573000108,DONNINI & DONNINI PRODUTOS ALIMENTICIOS LTDA,SP,G,standard,9,17900330.443342295,16033186.709999999,10.430778019725027,alta
66630765000113,BRAZILLASER INDUSTRIA E COMERCIO LTDA,SP,C,family_mature_sweet_spot,28,17878765.252912078,18458925.8,3.244969878406042,alta
50326977000171,BATALHA FABRICA DE PAES LTDA,SP,C,labor_intensive_midcap,65,17878618.60853612,16346703.75,8.5684184672115,alta
59274589000169,NIG INDUSTRIA DE BRINQUEDOS LTDA,SP,C,labor_intensive_midcap,65,17833140.29028038,16084456.7,9.805808521752434,alta
62062997000161,SEMAN INDUSTRIA DE EQUIPAMENTOS INDUSTRIAIS LTDA,SP,C,family_mature_sweet_spot,28,17822271.60589151,18294281.040000003,2.64842464836222,alta
10680547000139,VALETUR TRANSPORTES LOCACAO E TURISMO LTDA,SP,H,family_mature_sweet_spot,77,17813692.8905766,16538404.19,7.1590360764062915,alta
33017240000158,"DAN COMERCIO DE ALIMENTOS, BEBIDAS E PRESENTES LTDA",RJ,G,standard,36,17812685.8632945,13694679.36,23.11839177369777,alta
49440456000161,PANTERA EMBALAGENS PLASTICAS LTDA,SP,C,standard,43,17786154.755783472,22137013.18,24.462051994694196,alta
32669009000186,ELAINE CRISTINA MATIAS LTDA,SP,G,standard,10,17767211.983110216,17814651.9,0.26700822242049066,alta
00760475000186,Minha Festa Industria e Comercio de Brinquedos Ltda,SP,C,labor_intensive_midcap,58,17765126.779560525,14352284.44,19.210909001151258,alta
31839501000190,TWAS REPAIR SERVICOS NAVAIS E INDUSTRIAIS LTDA,RJ,C,labor_intensive_midcap,79,17760452.81590823,19463965.49,9.591606091067186,alta
09578906000162,OLIVERSANT COMERCIO E SERVICOS DE REFRIGERACAO E ELETRICA LTDA,SP,G,standard,8,17759608.618777167,14251721.52,19.75205182769789,alta
11830963000139,G R SUPERMERCADO LTDA,RJ,G,standard,35,17747488.36962686,13314271.6,24.979403717846015,alta
56551138000133,BUFFALO GRILL CHURRASQUEIRAS LTDA,SP,C,standard,43,17711492.806019183,20427954.959999997,15.337285138707418,alta
01126934000137,POLI SPORTS COMERCIO E INDUSTRIA LTDA,SP,C,labor_intensive_midcap,53,17710316.894315433,17827478.03,0.661541723864773,alta
34907449000150,MC & CIA MANUTENCAO INDUSTRIAL ITAPETININGA LTDA,SP,C,labor_intensive_midcap,86,17694757.707915235,19091286.2,7.892328988828525,alta
18231440000115,EAGLE TRUCK SERVICOS AUTOMOTORES LTDA,SP,G,standard,19,17686120.97164016,13597948.88,23.115142648835068,alta
09524310000180,USIN TEC - USINAGEM LTDA,SP,C,family_mature_sweet_spot,30,17675145.65125108,19601015.400000002,10.895920105827269,alta
96231824000141,STARFRUT COMERCIO IMPORTACAO E EXPORTACAO DE FRUTAS LTD,SP,G,standard,8,17674820.71462871,14251721.52,19.36709429700498,alta
34325479000158,JD COMERCIAL LTDA,SP,G,standard,8,17674820.71462871,14251721.52,19.36709429700498,alta
12074067000150,SOLCROP INDUSTRIA E COMERCIO AGRICOLA LTDA FALIDO,SP,C,standard,5,17673485.802420776,16546359.5,6.377498559262097,alta
19436993000177,NEW CABOS LTDA,SP,C,standard,13,17670406.811873883,14525578.86,17.79714516680324,alta
21321729000130,RAPIDO ANHANGUERA TRANSPORTES E LOGISTICA LTDA,SP,H,labor_intensive_midcap,64,17667635.774031505,13746206.08,22.195554312905614,alta
07316584000158,S.D.L. TRANSPORTES E DISTRIBUICAO LTDA,SP,H,labor_intensive_midcap,64,17667635.774031505,13746206.08,22.195554312905614,alta
73153645000138,SALVI & CAMPOS LTDA,SP,G,standard,8,17650068.67830235,14251721.52,19.254016628728593,alta
68893775000177,DIFIL INDUSTRIA E COMERCIO DE FIOS LTDA,SP,C,labor_intensive_midcap,54,17630706.28919216,13223131.74,24.999421332848453,alta
54086210000173,EXTRAFERTIL IND E COM DE FERTILIZANTES LTDA,SP,C,standard,6,17627629.451125648,19855631.4,12.639260174215183,alta
06167525000100,ARRAIAL - FRIOS E LATICINIOS LTDA,SP,G,standard,8,17615639.041381147,14251721.52,19.096199198217683,alta
53859104000112,COTONIFICIO FIACAO PEDREIRA LTDA.,SP,C,standard,50,17614738.55195558,20489943.5,16.322722812852735,alta
06934315000192,BRASILBRONZE FUNDICAO E USINAGEM LTDA,SP,C,family_mature_sweet_spot,39,17602062.10648962,20182360.38,14.65906811315624,alta
32918846000100,SALLES REPRESENTACAO COMERCIAL LTDA,RJ,G,standard,11,17602027.08514747,19596117.09,11.328752053421939,alta
40405037000114,TRANSMEC DIESEL COMERCIO DE PECAS E MECANICA LTDA,RJ,G,standard,19,17580427.51699185,13597948.88,22.652911216992308,alta
08649621000102,CABOMAX INDUSTRIA E COMERCIO DE PECAS AUTOMOTIVAS LTDA,SP,C,family_mature_sweet_spot,40,17566967.736624785,17806664.4,1.3644737496470616,alta
05411171000127,SYSTEMBOR INDUSTRIA E COMERCIO DE ARTEFATOS DE BORRACHA LTDA,SP,C,family_mature_sweet_spot,44,17558788.338068206,18786078.080000002,6.989603828590947,alta
49518780000155,METALFOTO INDUSTRIA E COMERCIO DE FOTOFABRICACAO LTDA,SP,C,family_mature_sweet_spot,20,17552755.274086926,13184947.0,24.883889770485816,alta
72848849000120,DELOS TEXTIL LTDA,SP,C,labor_intensive_midcap,91,17550838.16542089,17782810.5,1.3217165607289798,alta
03755391000142,J.J.S SERVICOS GERAIS SUL FLUMINENSE LTDA,RJ,H,labor_intensive_midcap,70,17542640.087963827,15034912.9,14.295038690809156,alta
29748773000132,ALBATROZ REPAROS NAVAIS SLU LTDA,RJ,C,labor_intensive_midcap,78,17535636.95747901,19217586.18,9.591606091067204,alta
46987384000189,INDUSTRIA METALURGICA FUNPERLITA LTDA,SP,C,standard,47,17516107.784099203,18268958.75,4.298049402186378,alta
14276029000105,MASTER SERVICOS DE LOCACAO DE VEICULOS LTDA,SP,H,labor_intensive_midcap,97,17513614.62377947,20834093.59,18.959415503593892,alta
27437559000130,N PAO COMERCIO LTDA,RJ,G,standard,39,17495029.096632086,14835902.64,15.199325716720216,alta
15496099000131,"STEEL TRUCK INDUSTRIA, COMERCIO E SERVICOS LTDA",SP,C,standard,35,17476288.29779644,19344322.9,10.688966503482876,alta
09092794000135,COLITEX AGROINDUSTRIAL LTDA,SP,C,family_mature_sweet_spot,46,17457737.70349802,19639990.72,12.500205087081348,alta
10144589000155,CENTRO AUTOMOTIVO TIGRE LTDA,RJ,G,standard,21,17448436.12925353,15029311.92,13.864418514835823,alta
03889142000140,FLIGHT TRANSPORTES E TURISMO LTDA,SP,H,labor_intensive_midcap,68,17440383.381776877,14605343.96,16.255602641964593,alta
24957967000124,DISTRIBUIDORA NYCOLLY LTDA,RJ,G,standard,11,17430394.152688704,19596117.09,12.424979712677493,alta
11802621000105,AVILA PEREIRA COMERCIO DE AUTO PECAS LTDA,RJ,G,standard,19,17415568.34370994,13597948.88,21.920728559448737,alta
04301709000188,JOFI INJECAO DE PLASTICOS LTDA,SP,C,family_mature_sweet_spot,44,17413918.417578604,16849337.56,3.2421241678075465,alta
07355369000166,FRONT RUBBER ARTEFATOS DE BORRACHA LTDA,SP,C,family_mature_sweet_spot,46,17407842.009292588,19639990.72,12.822661818253255,alta
23317268000157,CRB METALURGICA LTDA,SP,C,standard,19,17403819.89945438,18835197.8,8.224504211230627,alta
29486273000170,MAX METAIS COMERCIO DE SUCATAS LTDA,SP,G,standard,8,17400736.380943123,14251721.52,18.0970206777677,alta
02313210000165,INCALFER DO BRASIL LTDA,SP,C,standard,35,17369813.295478884,16479539.299999999,5.125409124061287,alta
06970517000190,ADELFER GERENCIAMENTO DE RESIDUOS LTDA,RJ,G,family_mature_sweet_spot,35,17357728.32387765,13314271.6,23.294849697096527,alta
03600298000169,OPINIAO TURISMO E TRANSPORTE COLETIVO LTDA,SP,H,family_mature_sweet_spot,77,17354758.646987367,16538404.19,4.703922846712016,alta
44905478000136,GRAM SILVA EXPORTACAO E IMPORTACAO DE CAFE LTDA,SP,G,standard,12,17348042.666390356,21377582.28,23.227632598669878,baixa
01033306000107,HELP STAR BLUE COMERCIO DE MATERIAIS MEDICOS E HOSPITALARES LTDA,RJ,G,standard,10,17333256.789419882,17814651.9,2.7772917486225515,alta
17982991000158,BTFLEX INDUSTRIA E COMERCIO LTDA,SP,C,family_mature_sweet_spot,32,17326317.15318323,21120921.28,21.900811887883624,alta
23432812000101,EES COMUNICACAO MULTIMIDIA LTDA,SP,J,family_mature_sweet_spot,26,17313833.569186885,18204094.48,5.141905212705156,alta
19918306000150,PURO SABOR ALIMENTOS E TRANSPORTES LTDA,SP,G,standard,12,17265279.157990385,21377582.28,23.818341333371603,baixa
36403055000190,MLJ DISTRIBUIDORA LTDA,RJ,G,standard,9,17262319.61534093,16033186.709999999,7.120322950390785,baixa
46275044000125,MJ LAGOS COMERCIO DE PRODUTOS ALIMENTICIOS LTDA,RJ,G,standard,8,17245897.701889217,14251721.52,17.361671938719766,alta
52898913000170,ZURICH INDUSTRIA E COMERCIO LTDA,SP,C,family_mature_sweet_spot,39,17239575.793611813,20858006.130000003,20.9890914933592,alta
49272362000120,MEGABRAS INDUSTRIA ELETRONICA LTDA,SP,C,family_mature_sweet_spot,39,17239575.793611813,20858006.130000003,20.9890914933592,alta
19432704000161,POUPE BEM COMERCIO DE ALIMENTOS LTDA,RJ,G,family_mature_sweet_spot,34,17231541.09419214,12933863.84,24.940759684231985,alta
07013507000129,TGA TECH GESTAO AMBIENTAL LTDA,SP,H,standard,69,17228822.573863786,14820128.43,13.980607981405461,alta
62639158000163,METALURGICA ESTAMPARIA LICCO LTDA,SP,C,family_mature_sweet_spot,31,17202771.41942665,18078792.349999998,5.092324423866261,alta
00973608000100,HOMEMADE ALIMENTOS LTDA.,SP,C,family_mature_sweet_spot,33,17195734.986077406,13080192.180000002,23.933509148690472,alta
06078631000100,MCL-2 COMUNICACAO VISUAL LTDA,SP,C,family_mature_sweet_spot,46,17195578.30673656,17615216.54,2.4403845324529883,alta
08453947000160,AUTO CENTER MARIO'S DE GUARATIBA LTDA,RJ,G,standard,19,17178405.821990326,13597948.88,20.842777723919703,alta
11592546000529,CHRISTENSEN RODER INDUSTRIA DE PRODUTOS DIAMANTADOS LTDA.,SP,C,standard,33,17168525.76762366,16601328.48,3.3037040879379247,alta
00024415000103,DISTRIBUIDORA NANCY LTDA,SP,G,standard,8,17167626.244652256,14251721.52,16.984903347139014,baixa
12260690000105,LIGA INDUSTRIA E COMERCIO DE MATERIAL PARA CONSTRUCAO LTDA,SP,C,family_mature_sweet_spot,35,17148173.489891015,18069082.5,5.370303785717285,alta
21197824000173,VIA EXPRESSA LOGISTICA E ARMAZENAGEM LTDA,SP,H,labor_intensive_midcap,81,17138355.935319714,17397542.07,1.5123162085001414,alta
23860348000154,JETSERVICE INDUSTRIA E COMERCIO DE EQUIPAMENTOS FRIGORIFICOS LTDA,SP,C,family_mature_sweet_spot,31,17129855.96566969,16534546.569999998,3.475273796013027,alta
57032936000111,PRIME MOTORSPORT LTDA,SP,G,recent_startup,19,17128532.93261591,13597948.88,20.612296841214118,baixa
11897712000171,RN 2010 COMERCIO DE AUTO PECAS LTDA,RJ,G,standard,20,17122364.845233228,14313630.4,16.4038932158087,alta
00808122000109,FRANCESCHI & COSTA E SILVA & CIA LTDA,SP,C,labor_intensive_midcap,51,17101401.15726989,20041483.26,17.19205388898948,alta
55029862000139,SIENA ALIMENTOS LTDA,SP,C,family_mature_sweet_spot,41,17088323.855162937,18007936.77,5.381527893733225,alta
18612608000132,"NASAA COMERCIAL, IMPORTACAO E EXPORTACAO LTDA",SP,C,family_mature_sweet_spot,42,17084315.157767273,18696997.62,9.43954994590188,alta
49031636000190,LANIFICIO RESFIBRA LTDA,SP,C,family_mature_sweet_spot,51,17074608.440970834,13558497.9,20.592627661866977,alta
59172791000180,METALURGICA LUCCO LTDA,SP,C,family_mature_sweet_spot,31,17054754.2574996,14727130.319999998,13.64794767697143,alta
04872268000174,NEO - PACK -INDUSTRIA E COMERCIO LTDA.,SP,C,standard,37,17043297.93150366,18339069.98,7.602824604158162,alta
30440724000117,GOLD BOX INDUSTRIA DE EMBALAGENS LTDA,SP,G,standard,11,17040033.113064956,19596117.09,15.000463672662937,alta
30450392000151,KAIROS HOSPITALAR DISTRIBUIDORA DE MEDICAMENTOS LTDA,SP,G,standard,8,17030786.827698477,14251721.52,16.317891450432988,alta
06090977000123,SANNA COMERCIO DE ALIMENTOS LTDA,SP,G,standard,8,17028513.932973456,14251721.52,16.306721913041198,alta
59215202000101,RODABRAS INDUSTRIA E COMERCIO DE ABRASIVOS LTDA,SP,C,family_mature_sweet_spot,21,17021343.030896142,19904874.150000002,16.940679204160585,alta
16981507000103,GV BALANCAS LTDA,SP,G,standard,8,17020300.609548334,14251721.52,16.266334849545316,alta
02017586000122,A.J. SANTANA INDUSTRIA E COMERCIO DE PRODUTOS ALIMENTICIOS LTDA,SP,C,standard,19,17020132.75973043,12920067.07,24.08950475069835,alta
67911115000109,CTI COMUNICACAO DE DADOS E TECNOLOGIA LTDA,SP,J,partnership_heavy_services,23,17019242.661018487,16103622.04,5.379914014127431,alta
54406566000147,MANUEL GOMES PEREIRA LTDA,SP,C,standard,37,17009198.924662296,14381946.25,15.44606942572081,alta
03509101000180,BRASIPAN SERVICOS E LOGISTICA LTDA,RJ,H,labor_intensive_midcap,95,17008538.58693566,20404524.65,19.96636010616932,alta
07723812000104,SELECT GREEN PRODUTOS PROCESSADOS E HIDROPONICOS LTDA,SP,G,standard,8,17006949.00238519,14251721.52,16.200598249567143,baixa
05112236000133,TRANSMIQUELIN TRANSPORTES LTDA,SP,H,labor_intensive_midcap,60,17003589.81545045,12887068.2,24.209720771492258,alta
52069317000188,PRODTY MECATRONICA INDUSTRIA E COMERCIO LTDA,SP,C,family_mature_sweet_spot,27,16999894.048349544,17799678.45,4.704643448810805,alta
44024738000164,BELLA TERRA INDUSTRIA E COMERCIO DE ALIMENTOS LTDA,SP,C,standard,39,16996567.350608118,15458408.940000001,9.049817994885203,alta
03191480000103,PEDREIRA NOVA ROCHA - LTDA,RJ,B,standard,40,16989974.868072562,19357440.8,13.934487545219174,alta
44635764000129,INDUSTRIPLACE INDUSTRIALIZACOES E EMBALAGENS LTDA,SP,G,standard,8,16966331.682763867,14251721.52,15.999982869141041,alta
49428576000143,DISTRIBUIDORA DE ALIMENTOS M. R. LTDA,SP,G,standard,9,16957932.56400134,16033186.709999999,5.453175677584729,alta
74447996000114,VMF MALHARIA LTDA,SP,C,family_mature_sweet_spot,38,16952369.67108559,18147154.6,7.047893315777968,alta
01138991000136,GABRIELLI INDUSTRIA E COMERCIO DE MOVEIS LTDA -,SP,C,family_mature_sweet_spot,66,16944097.481617015,16479975.6,2.739136044988824,alta
66595737000102,MECANEL MECANICA E ELETRONICA INDUSTRIAL LTDA,SP,C,standard,38,16942348.461159088,19116681.28,12.833715608114456,alta
57912255000148,K.F. INDUSTRIA E COMERCIO DE PECAS LTDA,SP,C,standard,36,16930417.37654642,20994726.599999998,24.00596000122144,alta
61390498000130,METALURGICA DE MATTEO LTDA,SP,C,family_mature_sweet_spot,30,16930062.628752496,17495605.5,3.3404653228336953,alta
61817458000122,EMPREITEIRA E TRANSPORTADORA POSSIDONIO DE SOUSA LTDA,SP,H,labor_intensive_midcap,83,16929415.149881206,17827111.01,5.302580462297271,alta
04107838000130,L C DA SILVA PECAS PARA CAMINHOES LTDA,RJ,G,standard,18,16904571.25448466,12882267.36,23.79417871019694,alta
01551465000101,TRANS NOGUEIRA TRANSPORTES LTDA,SP,H,labor_intensive_midcap,67,16902948.14205081,14390559.49,14.863612139947,alta
33379453000120,SFG GALVANIZACAO LTDA,SP,C,labor_intensive_midcap,66,16894749.293943778,16161605.459999999,4.339477438748304,alta
27361990000140,VIP FORROS E ACABAMENTOS LTDA,SP,G,standard,8,16891905.349638436,14251721.52,15.629875819159434,baixa
47990635000147,PULSFOG PULVERIZADORES LTDA,SP,C,standard,14,16890318.406649563,13878566.799999999,17.8312304963053,baixa
07346899000148,GPG TRANSPORTES LTDA,SP,H,labor_intensive_midcap,69,16870951.97127231,14820128.43,12.155944399370178,alta
51217629000129,SUPERMERCADO COMPRE BEM LTDA,RJ,G,standard,39,16864118.295862995,14835902.64,12.02681112810116,alta
04068401000134,PREMER INDUSTRIA E COMERCIO DE PECAS AGRICOLAS LTDA,SP,C,standard,17,16851159.814138766,16852545.4,0.008222495522649855,alta
04049444000172,DEFELIPE - INDUSTRIA E COMERCIO DE ALIMENTOS LTDA,SP,C,labor_intensive_midcap,56,16849469.177309234,14083314.0,16.41686837846706,alta
13109458000125,FER-MOL - COMERCIAL LTDA,SP,G,standard,8,16839420.056164607,14251721.52,15.366910068956313,alta
61259784000161,MAGLIOCA COMERCIO DE PAPEL E LOGISTICA LTDA,SP,G,standard,8,16839420.056164607,14251721.52,15.366910068956313,alta
34653185000155,SISCO COMERCIO DE SUCATAS LTDA,SP,G,standard,8,16839420.056164607,14251721.52,15.366910068956313,alta
64806417000129,COMERCIO DE APARAS DE PAPEL MANTOVANI LTDA,SP,G,standard,8,16839420.056164607,14251721.52,15.366910068956313,alta
00336903000148,VALE VERDE INDUSTRIA E COMERCIO DE URNAS LTDA,RJ,C,labor_intensive_midcap,74,16838024.53198705,17487576.400000002,3.8576488992459033,alta
01560653000198,MULTI-GLUE SERRANO INDUSTRIA E COM DE COLAS LTDA,SP,C,standard,13,16825352.02957155,13511444.700000001,19.695916755543436,alta
16950051000114,BELADE COMERCIO DE COUROS LTDA,SP,G,standard,9,16823929.0803771,16033186.709999999,4.700105228685231,alta
18355400000185,AGIL  EXPRESS TRANSPORTES E COMERCIO LTDA,RJ,H,labor_intensive_midcap,83,16788405.22641751,17827111.01,6.187042602164661,alta
11778394000120,R&S ACESSORIOS PARA PANIFICACAO E CONFECCAO LTDA,SP,C,labor_intensive_midcap,51,16769882.335227301,14800179.6,11.74547737338435,alta
50782234000106,AGAPITO AUTO PECAS LTDA,SP,G,standard,19,16751038.604809253,13597948.88,18.823249108291076,alta
01700789000156,ELETRODIESEL PEGORARO LTDA,SP,G,standard,18,16737119.690202262,12882267.36,23.031754576379434,alta
24075235000100,COMERCIO DE APARAS SHELLANE LTDA,SP,G,standard,8,16736808.430604285,14251721.52,14.848033428285829,alta
73008112000162,VALFLEX EMBALAGENS FLEXIVEIS LTDA,SP,C,standard,42,16697630.743174933,13896473.639999999,16.775775834663804,alta
37321417000166,J.F.F.S. SERVICOS DE PORTARIA LTDA,SP,N,labor_intensive_midcap,98,16687682.90291445,13595570.379999999,18.52931015590201,alta
08653138000100,NUNCIATO CONEXOES INDUSTRIA E COMERCIO LTDA,SP,C,family_mature_sweet_spot,45,16680588.733313896,20234362.5,21.30484615083537,alta
00807623000170,CONDE DUCK INDUSTRIA DE MEIAS LTDA,SP,C,labor_intensive_midcap,69,16676541.757538546,13483669.5,19.14588950131237,alta
45383981000131,INDUSTRIA DE MEIAS WINSTON LTDA,SP,C,labor_intensive_midcap,69,16676541.757538546,13483669.5,19.14588950131237,alta
47340583000163,EQUIPAMENTOS INDUSTRIAIS NEGEL LTDA,SP,C,family_mature_sweet_spot,31,16675147.524628917,20436667.849999998,22.557643462016618,alta
13070316000100,GRS RECICLAGEM E LOGISTICA LTDA,SP,G,standard,8,16668893.103211867,14251721.52,14.501092353553528,alta
04811266000175,EJE INDUSTRIA DE METAIS LTDA,SP,C,standard,32,16650156.783309782,18235102.08,9.519101335303791,alta
09241535000129,FOCO INDUSTRIA E COMERCIO DE EMBALAGENS LTDA,SP,C,standard,26,16643780.064878006,16469451.439999998,1.0474100486696483,alta
45116942000178,SUPERMERCADO E ACOUGUE  ADONAI 3 LTDA,RJ,G,standard,34,16634482.79070535,12933863.84,22.246672753619368,alta
28424239000108,JPF MONTAGENS NAVAIS LTDA,RJ,N,standard,35,16628530.567400979,13271490.049999999,20.188437600025903,alta
67043158000110,PEDREIRA BONATO LTDA,SP,B,family_mature_sweet_spot,30,16623895.416639073,14518080.600000001,12.667396923896273,alta
03528268000199,MINERADORA BARBARENSE LTDA,SP,B,standard,30,16623895.416639073,14518080.600000001,12.667396923896273,alta
07588034000198,CAMPMIX CONCRETO USINADO LTDA,SP,C,family_mature_sweet_spot,33,16620131.491181675,17036563.5,2.505587931354668,alta
03774971000187,"RNV INDUSTRIA, COMERCIO, LOCACOES E MONTAGENS DE EQUIPAMENTOS INDUSTRIAIS LTDA",SP,G,standard,9,16618089.474879792,16033186.709999999,3.5196751453525548,baixa
02991934000168,CERAMICA GRACA E FILHO LTDA,RJ,C,labor_intensive_midcap,65,16595048.352785671,17623691.799999997,6.198496234219506,alta
03426670000162,ADVANCED THERMAL SYSTEMS DO BRASIL INDUSTRIA E COMERCIO DE REFRIGERACAO LTDA,SP,C,family_mature_sweet_spot,30,16577279.96677712,16001174.1,3.4752737960130142,alta
65023434000152,ARTERES INDUSTRIA E COMERCIO LTDA,SP,C,labor_intensive_midcap,78,16573759.116252875,13796169.66,16.758958765902797,alta
02675142000184,S L T SISTEMA LOGICO DE TRANSPORTES LTDA,SP,H,labor_intensive_midcap,60,16563408.538154535,12887068.2,22.195554312905617,alta
66925603000102,EMPRESARIAL NILO AUTO PECAS LTDA,SP,G,standard,20,16559339.587115722,14313630.4,13.561586652060894,alta
56066517000138,FARMA SERVICE BIOEXTRACT LTDA,SP,C,family_mature_sweet_spot,24,16556519.78744723,16320084.72,1.428048107226555,baixa
06813590000158,SMARTTECH TECNOLOGIA SERVICOS E SISTEMAS LTDA.,SP,J,partnership_heavy_services,35,16527507.728510123,14826745.85,10.29049210835516,alta
00158230000183,CALBLOCK INDUSTRIA DE PREMOLDADOS DE CONCRETO LTDA.,SP,C,family_mature_sweet_spot,39,16520563.234065354,20134120.5,21.873087586284598,alta
39749608000159,RT COLORS LTDA,SP,C,labor_intensive_midcap,74,16519974.907997156,18120587.94,9.688955588110518,alta
42843616000174,DELI DISTRIBUIDORA LTDA,SP,G,standard,8,16519973.37081357,14251721.52,13.730360212450302,alta
69145191000186,KADPLAS INDUSTRIA E COMERCIO DE ARTEFATOS DE PLASTICO LTDA,SP,C,standard,44,16511111.080517244,16849337.56,2.04847800873834,alta
11176703000191,LUELUA CALCADOS LTDA,SP,C,labor_intensive_midcap,69,16504910.33491431,12743868.059999999,22.787414160973917,alta
01957989000199,PEDREIRA TRES IRMAOS LTDA,SP,B,standard,35,16489378.625826193,16937760.7,2.719217529953105,baixa
43702630000110,POSSE DAS PECAS COMERCIO DE AUTO PECAS LTDA,RJ,G,standard,18,16473008.337108366,12882267.36,21.797724517746932,alta
33295319000140,QUALITY CLEANING - SERVICOS ESPECIALIZADOS LTDA,SP,N,labor_intensive_midcap,98,16458242.247854562,13595570.379999999,17.393545584904313,alta
08778405000167,GOLPACK INDUSTRIA E COMERCIO DE EMBALAGENS PLASTICAS LTDA,SP,C,standard,36,16454643.29822526,13785821.64,16.21926169929863,alta
49915536000126,TRANS VALLENTINA LTDA,RJ,H,labor_intensive_midcap,91,16454067.890022079,19545386.77,18.78756609392945,alta
00405038000144,PADRONIZA - INDUSTRIA BRASILEIRA DE PASTEURIZADORES LTDA,SP,C,family_mature_sweet_spot,31,16408759.543979088,20254382.580000002,23.436403134032147,alta
22058215000104,D PLASTICOS INDUSTRIA E COMERCIO LTDA,SP,C,family_mature_sweet_spot,35,16378460.351619385,18018499.1,10.013387785979901,alta
07165928000175,BIOMETAL INDUSTRIA E COMERCIO LTDA,SP,C,standard,45,16369451.815932246,17661463.2,7.8928201053761,alta
55006910000173,VIACAO BEIRA MAR DE MONGAGUA LTDA,SP,H,labor_intensive_midcap,77,16369388.937251654,16538404.19,1.0325080147843495,alta
50064377000182,POLIMEC INDUSTRIA E COMERCIO LTDA,SP,C,standard,22,16355752.667773241,14168704.22,13.371738324721175,alta
10270068000144,FRAG - INDUSTRIA METALURGICA LTDA.,SP,C,labor_intensive_midcap,70,16351735.81025693,17141096.7,4.827382847317824,alta
47588432000129,AD EMBALAGENS LTDA,SP,G,standard,10,16350123.802672926,17814651.9,8.957290568574473,baixa
48405815000187,PADARIA E CONFEITARIA NOVE DE JULHO SJ CAMPOS LTDA,SP,C,labor_intensive_midcap,73,16326920.5467426,18358605.75,12.443774669208787,alta
11909585000183,MOGIMPEX TRANSPORTES E DISTRIBUICAO LTDA,SP,H,labor_intensive_midcap,66,16316281.627994716,14175775.02,13.118838328471453,alta
67863662000166,COSMOLAB INDUSTRIA COSMETICA IMPORTACAO E EXPORTACAO LTDA,SP,C,standard,18,16314367.496706005,20295893.160000004,24.405026208327715,alta
45680566000140,GOLDENPAPER INDUSTRIA E COMERCIO DE PAPEL E CANTONEIRAS LTDA,SP,G,standard,8,16313765.193928247,14251721.52,12.639900411805064,alta
31675951000194,NEW COLLECTION SG COMERCIO E BAZAR LTDA,RJ,G,standard,33,16310448.269786458,12553456.08,23.03426691678319,alta
02495199000100,PARATEC - PARA RAIOS E ACESSORIOS LTDA,SP,C,family_mature_sweet_spot,36,16309418.797754811,19449274.68,19.25179505892281,alta
44594539000191,FERRO VELHO BIM RIO PRETO LTDA,SP,G,standard,7,16302075.275432551,12470256.33,23.50509907905501,alta
56495146000100,LUGUEZ INDUSTRIA E COMERCIO DE ESPUMAS TECNICAS LTDA,SP,C,standard,35,16300238.168329969,14943471.200000001,8.323602111324087,alta
24917629000169,BIOMIX INDUSTRIA E COMERCIO DE PRODUTOS AUXILIARES LTDA,SP,C,standard,9,16298593.633711845,14838674.85,8.957329794959511,alta
11596127000131,RAMOS INDUSTRIA E DISTRIBUICAO DE FRAGRANCIAS E AROMAS LTDA,SP,C,standard,9,16298593.633711845,14838674.85,8.957329794959511,alta
45343937000106,ISONEW EPS INDUSTRIA E COMERCIO LTDA,SP,C,standard,49,16293258.021074465,18764035.009999998,15.164413315800404,alta
09313678000107,GERALDO MACARIO METALURGICA E MANUTENCAO LTDA,SP,C,labor_intensive_midcap,65,16283055.878847986,14429460.5,11.383584215637581,alta
43948439000153,FABRICA DE BARBANTE BANDEIRANTES LTDA.,SP,C,labor_intensive_midcap,57,16273135.430890294,17392009.86,6.87559219218329,alta
04407096000168,BC CABOS INDUSTRIA E COMERCIO DE CONDUTORES ELETRICOS  LTDA,SP,C,standard,40,16270776.340730738,17806664.4,9.439549945901858,alta
73102683000161,SUZEGAN COMERCIO DE PRODUTOS ALIMENTICIOS LTDA,SP,G,standard,8,16266913.777306627,14251721.52,12.388288798321096,baixa
55830186000106,USINAGEM PENA INDUSTRIA E COMERCIO LTDA,SP,C,family_mature_sweet_spot,30,16262738.146742435,17620762.8,8.350528926948193,alta
11984483000122,ECO RIO PISOS E REVESTIMENTOS LTDA,RJ,G,standard,8,16257529.240029579,14251721.52,12.337715592667328,alta
42735685000164,LAMATEX TECELAGEM LTDA,SP,C,standard,41,16256923.228711661,14161900.200000001,12.886958985028604,alta
29359171000193,INSTRUMENTOS LINCE LIMITADA,RJ,C,family_mature_sweet_spot,33,16254010.787581783,17649082.110000003,8.582935871336248,alta
56216781000100,PRODUTOS ORTOPEDICOS CHANTAL LTDA,SP,C,family_mature_sweet_spot,49,16247139.311855156,19231371.040000003,18.36773644186902,alta
00948261000138,SEMENTES RAPCHAN LTDA,SP,G,standard,10,16245711.982290357,17814651.9,9.65756329682541,alta
09503511000109,NOVA TOYS INDUSTRIA E COMERCIO DE BRINQUEDOS LTDA,SP,C,labor_intensive_midcap,59,16232650.47179394,14599737.62,10.059434561418735,alta
28869759000124,CASA DE CHOCOLATE COMERCIO LTDA,SP,G,standard,10,16228339.327856231,17814651.9,9.774953185880415,baixa
25089920000159,ENERGY INDUSTRIA TEXTIL LTDA,SP,C,labor_intensive_midcap,73,16227354.922719264,14273902.43,12.038021612409024,alta
55969428000139,CONLINE MONITORAMENTO DE CARGAS E TRANSPORTES LTDA,SP,H,recent_startup,60,16207160.542288838,12887068.2,20.48534247332113,baixa
33045782000134,QUIMICA INDUSTRIAL UNIAO LTDA,RJ,C,standard,15,16202723.863444123,16060403.100000001,0.8783755413200605,alta
19531749000193,VONIN MAQUINAS INDUSTRIA E COMERCIO LTDA,SP,C,family_mature_sweet_spot,29,16190222.346434249,13654475.42,15.66221187192481,alta
51193472000149,POLIPROP EMBALAGENS LTDA,SP,C,family_mature_sweet_spot,31,16173291.845634969,15959242.06,1.3234769252787497,alta
15536565000165,EXXTEND BIOTECNOLOGIA LTDA.,SP,C,standard,8,16172110.817711556,16027776.0,0.8924921387100693,alta
45644235000154,R.A. ANJOS LTDA,SP,C,labor_intensive_midcap,67,16171226.529602898,13100704.97,18.98756135771167,alta
01988404000106,FUNDICAO TAIUVA LTDA,SP,C,family_mature_sweet_spot,44,16165718.03377329,17102855.0,5.797063664409158,alta
50930437000100,CORREIAS UNIVERSAL LTDA,SP,C,family_mature_sweet_spot,47,16163708.522346014,20066947.04,24.148161990534742,alta
10432257000176,CARMAIS - REPARADORA AUTOMOTIVA LTDA,RJ,G,standard,17,16153902.69727967,12166585.84,24.68330366971405,baixa
00454453000198,BNP- SERVICOS DE INFORMATICA LTDA,SP,J,family_mature_sweet_spot,31,16127726.756794164,13132260.61,18.573393460626793,alta
11657859000194,SUPERMERCADO STOCK LTDA,RJ,G,standard,32,16127134.072993308,12173048.32,24.51821715561271,alta
05064568000190,D & A PRINT SOLUCOES GRAFICAS LTDA,SP,C,family_mature_sweet_spot,35,16122038.583854815,17347768.9,7.602824604158147,alta
40187643000100,KIT ACESSORIOS PARA CABOS ELETRICOS LTDA,RJ,C,family_mature_sweet_spot,33,16116361.809237627,19932633.27,23.679484898229013,alta
56954418000192,FRUT RIO FRUTAS E LEGUMES LTDA,RJ,G,recent_startup,9,16106994.89296317,16033186.709999999,0.4582368309771766,baixa
50212224000135,ABARCA MOVEIS LTDA,SP,C,labor_intensive_midcap,59,16099090.210774057,14732099.4,8.49110597479117,alta
07275251000128,INDUSTRIA MECANICA RUIZ LTDA,SP,C,standard,41,16093252.927691797,19083414.740000002,18.580220081938865,alta
05015368000147,TRANSVIVA TRANSPORTES DE VALINHOS LTDA,SP,H,labor_intensive_midcap,60,16084541.04344931,12887068.2,19.879167424248852,alta
15247238000193,PRUDENTINA DIST. E COM. DE TABACARIA E CHARUTARIA LTDA,SP,G,standard,11,16083187.7484572,19596117.09,21.84224543346378,baixa
01435651000177,COMERCIO DE PECAS E ACESSORIOS AVALLONE LTDA,SP,G,standard,17,16080084.116283318,12166585.84,24.33754853508731,alta
68079581000132,MORGADO NETTO & CIA LTDA,SP,C,labor_intensive_midcap,51,16072992.076915756,13150717.200000001,18.18127491714977,alta
04785679000122,PETERLU INDUSTRIA E COMERCIO DE PLASTICOS LTDA,RJ,C,family_mature_sweet_spot,35,16069346.640806409,18018499.1,12.129631047001787,alta
29592662000180,"STO.NETTO GERENCIAMENTO AMBIENTAL, COMERCIO E SERVICOS LTDA",SP,G,standard,7,16049558.558285687,12470256.33,22.301561848489904,alta
73218844000187,CRISTOVINHO ALIMENTOS LTDA,RJ,C,labor_intensive_midcap,73,16046872.589539226,18358605.75,14.406128967259118,alta
47127006000198,ROPAN IND E COM DE ESCOVAS INDUSTRIAIS LTDA,SP,C,family_mature_sweet_spot,46,16026452.469363624,19788716.08,23.475336278121226,alta
13303302000180,WEB EPI E UTILIDADES LTDA,SP,G,standard,8,16026371.083503254,14251721.52,11.073308824915392,alta
01495691000104,ITT ITATIBA TRANSPORTES LTDA,SP,H,labor_intensive_midcap,62,16025182.90970306,13316637.14,16.90180876539678,alta
57940595000182,CORDOB INDUSTRIA E COMERCIO LIMITADA,SP,C,family_mature_sweet_spot,34,16019943.76484377,19970197.84,24.65835169674676,alta
27554639000175,TERMOBRAS COMERCIO DE UTENSILIOS DOMESTICOS LTDA,SP,G,standard,9,16017280.952561237,16033186.709999999,0.09930373005175208,baixa
43369974000150,METALMAG PRODUTOS MAGNETICOS LTDA,SP,C,family_mature_sweet_spot,28,16014065.086867688,18294281.040000003,14.238832805807705,alta
58843137000198,COMERCIAL PIRALCOOL LTDA,SP,H,labor_intensive_midcap,68,16013144.52905677,14605343.96,8.79153102316809,alta
39299875000171,TRANSPORTES A. L. CORREIA LTDA,SP,H,labor_intensive_midcap,58,16011294.920216052,12457499.26,22.195554312905617,alta
02828889000125,"D.A.S COMERCIO ATACADISTA DE MATERIAIS ELETRICOS, HIDRAULICO, FERRAGENS, FERRAMENTAS E MATERIAIS DE CONSTRUCAO LTDA",RJ,G,standard,10,15987461.761253927,17814651.9,11.428894505157281,baixa
73151326000193,INDUSTRIA METALURGICA MS ABC LTDA,SP,C,labor_intensive_midcap,65,15978392.329787258,15154072.05,5.158968829739785,alta
32267675000198,DALBEN SERVICOS DE ENGENHARIA LTDA,SP,M,labor_intensive_midcap,53,15969186.351513194,12430859.030000001,22.157217303547284,alta
02027515000100,DISTRIBUIDORA DE COSMETICOS E PRODUTOS QUIMICOS IR LTDA,SP,G,standard,8,15959312.551954817,14251721.52,10.69965279767429,baixa
14185438000104,SEBIAN INDUSTRIA DE COLCHOES E ESTOFADOS LTDA,SP,C,labor_intensive_midcap,50,15940369.224861896,12484830.0,21.67791207415921,alta
06031381000152,MAIS PROVEDOR SERVICOS DE INTERNET LTDA,SP,J,standard,19,15940169.245042473,13302992.12,16.54422286552985,baixa
18632169000120,FASTNET COMUNICACAO LTDA,SP,J,standard,27,15938612.23147126,18904251.96,18.60663704882034,alta
14181638000180,MODELLI INDUSTRIA E COMERCIO DE SACHES DE CAFE E MAQUINAS LTDA,SP,C,standard,15,15936740.560178304,17878350.75,12.183232716188314,alta
49467749000132,BRASMOLDE INDUSTRIA E COMERCIO DE PLASTICOS LTDA,SP,C,family_mature_sweet_spot,48,15923438.4543634,18381095.52,15.434210850126675,alta
01630356000171,CRIPPA MAQUINAS E EQUIPAMENTOS LTDA,SP,C,standard,37,15921533.082742302,18613610.72,16.908407144382966,alta
02444516000150,S & K INDUSTRIA E COMERCIO LTDA,SP,C,standard,33,15920171.665347164,19382839.080000002,21.750188926604945,alta
52240363000106,HAYTY ALIMENTOS LTDA,SP,G,standard,8,15919493.758571964,14251721.52,10.47628940885096,alta
96508007000198,J.C.R. BENEFICIAMENTO DE MATERIAIS LTDA,SP,C,labor_intensive_midcap,57,15912123.959077647,13957750.17,12.282293640395528,alta
14830472000186,"INOVATRI LOCACOES, COMERCIO E SERVICOS LTDA",SP,G,standard,7,15902513.347347075,12470256.33,21.583110432789912,alta
17544794000157,PB CORREIAS E ACESSORIOS LTDA,SP,G,standard,7,15899704.229056215,12470256.33,21.56925594118289,alta
34182603000173,VERTICE LOCADORA DE EQUIPAMENTOS LTDA,SP,N,standard,32,15891022.960466275,12133933.76,23.642840425145508,alta
25195329000186,IRMAOS M P COMERCIO DE PECAS E SERVICOS LTDA,RJ,G,standard,17,15890140.717152417,12166585.84,23.433114554694104,alta
39548920000184,VEGRA COMERCIO DE DOCES LTDA,RJ,G,standard,9,15883595.532502932,16033186.709999999,0.9417966932673084,baixa
46029880000120,GIOVANNI PASSARELLA INDUSTRIA METALURGICA LTDA,SP,C,standard,20,15880760.243228015,13184947.0,16.97534124273164,alta
01148631000115,S&S SOLUCOES INDUSTRIAIS LTDA,SP,C,labor_intensive_midcap,74,15880526.782592345,16427385.8,3.4435823502221767,alta
64598857000138,GRUPO ENGENHARIA LTDA,SP,C,standard,42,15857434.09236996,16325452.5,2.951413229301917,alta
28600914000102,FOTOSFERA LTDA,RJ,M,labor_intensive_midcap,57,15855863.056364927,13369037.07,15.683952223380581,alta
33036815000180,QUIMICA HALLER LTDA,RJ,C,standard,18,15851623.492533127,15313647.06,3.393825451295503,alta
27911748000100,VIBROTEC SOLUCOES INDUSTRIAIS LTDA,SP,C,labor_intensive_midcap,54,15844776.3297982,11987551.8,24.34382442208526,alta
30950624000130,FLUIMANG MANGUEIRAS E CONEXOES HIDRAULICAS LTDA,SP,G,standard,7,15842997.07255591,12470256.33,21.288527209276285,alta
19777557000161,LGM RIO PRETO SISTEMAS DE EMBALAGENS LTDA,SP,G,standard,7,15842997.07255591,12470256.33,21.288527209276285,alta
60810033000129,LUAN INDUSTRIA E COMERCIO LTDA,SP,C,family_mature_sweet_spot,35,15838821.59467455,13402882.15,15.379549735528178,alta
17360347000148,FARO INDUSTRIA E COMERCIO DE EMBALAGENS LTDA,SP,C,family_mature_sweet_spot,28,15833481.4939448,17736332.32,12.017892759611385,alta
06265818000112,TECNOGRAV - SERVICOS DE GRAVACAO ELETROMECANICA LTDA,SP,C,labor_intensive_midcap,64,15824703.44451951,14961969.92,5.451814800474486,alta
32302581000102,DISTRIBUIDORA DE EMBALAGENS E DESCARTAVEIS S.S. LTDA,SP,G,standard,8,15821455.667112153,14251721.52,9.921553238461735,alta
18257971000187,COMERCIO DE HORTI FRUTTI JAPAO LTDA,SP,G,standard,7,15814410.900692837,12470256.33,21.146248138438896,alta
39472315000177,RECICLA JA LTDA,RJ,C,labor_intensive_midcap,51,15810850.534347652,19529913.99,23.522222587412458,alta
10157934000195,RCY COMERCIAL LTDA,SP,C,standard,23,15798624.78416077,13892441.37,12.065502157326085,alta
07554797000118,MAZZUCCO INDUSTRIA GRAFICA LTDA,SP,C,standard,34,15792268.880789852,16852118.36,6.711191958613227,alta
16945215000115,ASTROPAN DISTRIBUIDORA DE PRODUTOS ALIMENTICIOS LTDA,SP,G,standard,10,15773262.030060953,17814651.9,12.942090647125054,alta
03507220000102,LWT SISTEMAS LTDA,SP,J,family_mature_sweet_spot,30,15755471.117302265,12708639.3,19.33824634387676,alta
05454389000169,RUSSER BRASIL LTDA,SP,C,family_mature_sweet_spot,33,15746435.578968264,15374555.790000001,2.361675993930745,alta
72679665000184,CETEC EQUIPAMENTOS PARA PINTURA LTDA,SP,C,family_mature_sweet_spot,27,15743205.72255043,17640913.860000003,12.054140502853961,alta
06069276000102,ATENTO SAO PAULO SERVICOS DE SEGURANCA PATRIMONIAL LTDA,SP,N,family_mature_sweet_spot,90,15742437.044722952,12485727.9,20.687452237991565,alta
27525601000174,NORBERTO DE CASTRO LTDA,SP,C,labor_intensive_midcap,71,15740659.710132062,18307861.2,16.309364011061504,alta
05503840000190,HIGIE LINE INDUSTRIA E COMERCIO DE PRODUTOS HIGIENICOS E TEXTEIS LTDA,SP,C,family_mature_sweet_spot,44,15732052.184377888,18031150.28,14.61410163580022,alta
73638314000198,DEUCERTO PECAS E MECANICA LTDA,RJ,G,standard,17,15729856.199413761,12166585.84,22.65291121699232,alta
56128572000105,SUPERMERCADO A BAIUCA DO MIGUEL LTDA,SP,G,family_mature_sweet_spot,39,15728224.284657132,14835902.64,5.673378179935991,alta
06045390000100,F.B.I. FABRICA DE BORRACHA INDUSTRIALIZADA LTDA,SP,C,standard,37,15721289.518678416,15797383.84,0.4840208637540633,alta
52756400000125,TECELAGEM SAO FRANCISCO LIMITADA,SP,C,family_mature_sweet_spot,44,15720745.785701381,15198136.8,3.3243269296849336,alta
07557056000190,ALADIM PANIFICACAO E LANCHONETE LTDA,RJ,C,labor_intensive_midcap,69,15716392.05577707,17352654.75,10.411185267050332,alta
00949428000185,PARNASIUM TRANSPORTES LTDA,SP,H,labor_intensive_midcap,64,15695658.526802544,13746206.08,12.420329121416469,alta
50489095000127,PADARIA E MERCEARIA IRMAOS ARAUJO LTDA,SP,C,labor_intensive_midcap,59,15694328.150403513,14837777.25,5.457709894905505,alta
08980389000190,ANDERSON MARCOS COELHO LTDA,SP,J,standard,27,15694287.186134543,18904251.96,20.453077835235298,alta
51981729000127,JESS DISTRIBUIDORA E COMERCIO EM GERAL LTDA,SP,G,standard,8,15690132.87734103,14251721.52,9.16761743565804,alta
40220751000138,MARDEN MEDICAL LTDA.,SP,C,standard,35,15689955.905718109,16306347.05,3.928571552309157,alta
66903477000195,FARBER CHEMIE INDUSTRIA QUIMICA LTDA,SP,C,standard,18,15686311.260619711,18973762.2,20.95745063808209,alta
14301338000198,VILMA MARIA VIEIRA MIZAEL LTDA.,SP,N,standard,39,15684547.98816028,14788231.77,5.714644877473542,alta
73159840000175,PAES E DOCES MANHATTAN LTDA,SP,C,labor_intensive_midcap,57,15678173.241331674,14334801.75,8.568418467211494,alta
61422937000140,PANIFICADORA E CONFEITARIA ARCADAS LTDA,SP,C,labor_intensive_midcap,57,15678173.241331674,14334801.75,8.568418467211494,alta
07840588000130,K&C PRODUTOS PROMOCIONAIS LTDA,SP,G,standard,7,15666847.53719759,12470256.33,20.403538105595047,baixa
51765963000117,RLS ALIMENTICIOS LTDA,SP,G,standard,7,15666473.813714327,12470256.33,20.401639333264512,alta
10403408000168,DOCE TRIGO 2010 DISTRIBUIDORA DE ALIMENTOS LTDA,RJ,G,standard,9,15646666.579771973,16033186.709999999,2.470303359871677,alta
48767834000153,LABORDENTAL LTDA,SP,C,family_mature_sweet_spot,39,15645474.892203122,15306601.440000001,2.1659518457442135,alta
14233346000144,BALIVED VEDACOES E PECAS ESPECIAIS LTDA,SP,C,standard,36,15640687.704209358,15370427.52,1.7279303143213016,alta
12133295000153,PROTEFORT CALCADOS PROFISSIONAIS LTDA,SP,C,labor_intensive_midcap,53,15634671.298645232,15380578.799999999,1.6251860611054258,alta
04394959000100,BLOWTEC INDUSTRIA E COMERCIO DE PLASTICOS LTDA,SP,C,family_mature_sweet_spot,31,15633334.69195895,15959242.06,2.0846951367879374,alta
55270888000174,INDUSTRIA MECANICA JF LTDA,SP,C,family_mature_sweet_spot,28,15631938.817246858,13183631.44,15.6622118719248,alta
09471199000100,CTJ METROLOGIA COMERCIO E SERVICOS LTDA,RJ,M,labor_intensive_midcap,51,15628652.741683532,11961770.01,23.462564510781576,alta
68691237000108,RPIL RENOVADORA DE PNEUS ITAGUAI LTDA,RJ,G,standard,19,15618283.585996248,13597948.88,12.935702536530524,alta
30025851000150,SMART TECH TELECOMUNICACOES LTDA,SP,J,partnership_heavy_services,25,15615423.925026918,17503937.0,12.093895651121919,alta
23656099000180,NIMALWORLD LTDA,RJ,G,standard,7,15611606.808449587,12470256.33,20.121890827722936,baixa
14838989000111,MEGADAN BROKER TRANSPORTES E LOGISTICA LTDA,SP,H,standard,61,15607253.259209342,13101852.67,16.052796399206155,alta
26230231000185,ALDEBARAN DISTRIBUIDORA E COMERCIO DE MATERIAL MEDICO E HOSPITALAR LTDA,RJ,G,standard,9,15599931.110477895,16033186.709999999,2.777291748622549,alta
35921402000103,INDUSTRIA KODATO & KODATO LIMITADA,RJ,C,labor_intensive_midcap,61,15595180.291170115,16044987.990000002,2.884273797620445,alta
01131927000123,ARTBAN INDUSTRIA E COMERCIO LTDA,SP,C,family_mature_sweet_spot,46,15585973.215592341,17615216.54,13.019676707628275,alta
34897245000185,FORTE FREIO J L LTDA,RJ,G,standard,17,15582350.623319415,12166585.84,21.920728559448722,alta
15577225000182,MM BRASIL ALIMENTOS LTDA.,SP,G,standard,7,15573969.772460526,12470256.33,19.928852359459608,alta
05565685000137,INDUMMIL INDUSTRIA E COMERCIO DE MINERIOS LTDA,SP,B,family_mature_sweet_spot,36,15545858.841677977,17421696.72,12.06647955205252,alta
09450717000100,E.R. MATTOS MERCEARIA LTDA,RJ,G,standard,32,15538654.714545136,12173048.32,21.659573858699115,alta
12062887000121,J.P. ROCHA DISTRIBUIDORA DE MATERIAIS DE CONSTRUCAO LTDA,RJ,G,standard,9,15529392.496119335,16033186.709999999,3.244133432821391,baixa
26239891000127,V. PEDRETTI ALIMENTOS LTDA,SP,G,standard,8,15526463.804588206,14251721.52,8.210126276219503,baixa
08075667000165,PADARIA ESTRELA FRANCANA LTDA,SP,C,labor_intensive_midcap,64,15518100.70911484,16095216.0,3.7189814765551854,alta
20409841000164,ATUAL COMPRESSORES DE BAURU LTDA,SP,G,standard,7,15517868.625298148,12470256.33,19.63937425227167,baixa
32722739000101,FREITAS & FREITAS MARMORARIA LTDA,SP,G,standard,9,15505039.44269867,16033186.709999999,3.4062942519635655,baixa
24583369000132,ALVORADA LOCACAO DE EQUIPAMENTOS LTDA,RJ,N,family_mature_sweet_spot,36,15489417.748989068,13650675.48,11.870957958436332,alta
00870028000180,K.F.K.N. COMERCIO E CONFECCOES LTDA,SP,C,labor_intensive_midcap,61,15484893.620781707,11927507.51,22.973267998479947,alta
10590012000177,M E F COMERCIO DE EMBALAGENS LTDA,SP,G,standard,8,15480798.984551067,14251721.52,7.939367120376762,baixa
24644512000159,ESTRELA REAL DISTRIBUIDORA LTDA,RJ,G,standard,8,15475700.045406476,14251721.52,7.9090349503755055,alta
07699306000127,ROMIOTTO INDUSTRIA E COMERCIO DE INSTRUMENTOS DE MEDICAO LTDA,SP,C,family_mature_sweet_spot,35,15471414.173754193,18718723.450000003,20.989091493359194,alta
57695009000181,BRASKIT INDUSTRIA E COMERCIO DE BRINQUEDOS LTDA,SP,C,family_mature_sweet_spot,60,15470620.400367692,14847190.799999999,4.029764703895625,alta
28212267000161,TRIMAIS COMERCIO DE HORTIFRUTI LTDA,SP,G,standard,7,15465468.12530012,12470256.33,19.367094297004968,alta
54706649000151,ACR COMERCIO E IMPORTACAO E EXPORTACAO DE FRUTAS LTDA,SP,G,recent_startup,7,15465468.12530012,12470256.33,19.367094297004968,baixa
65853731000125,SOUTO FRIOS ALIMENTOS LTDA,SP,G,standard,10,15465178.049675804,17814651.9,15.192025871137298,baixa
28999910000149,CONFEITARIA E PADARIA NOVO DIA LTDA,RJ,G,standard,32,15451902.692294791,12173048.32,21.21974515106037,alta
19231089000125,WAJ SUPRIMENTOS ELETRICOS LTDA,SP,G,standard,7,15446546.700488402,12470256.33,19.268322092952303,alta
09321376000172,KIDELICIA DISTRIBUIDORA DE PRODUTOS ALIMENTICIOS LTDA,SP,G,standard,7,15428571.986016983,12470256.33,19.174267448070527,alta
62623608000120,INDUSTRIA E COMERCIO DE BORDADOS BATISTELA LTDA,SP,C,labor_intensive_midcap,72,15427631.161814354,19141408.8,24.072248028445156,alta
04171733000140,"2AJ EQUIPAMENTOS DE SEGURANCA, INDUSTRIA, COMERCIO E SERVICOS LTDA",SP,C,family_mature_sweet_spot,43,15414731.911695449,18107404.49,17.46817650627818,alta
58829094000196,RIKEN QUIMICA INDUSTRIA E COMERCIO LTDA,SP,C,standard,12,15413795.694308039,12848322.48,16.644006870127445,baixa
09369816000161,PSTRANS TRANSPORTES LTDA,SP,H,labor_intensive_midcap,63,15407447.576294819,13531421.61,12.176098325209853,alta
58869157000138,TEBRACC TECNICA BRASILEIRA DE CORANTES E CONDIMENTOS LTDA,SP,C,family_mature_sweet_spot,26,15406843.324299932,18198232.0,18.11784943186541,baixa
37769244000143,EVOLOG LTDA,SP,J,standard,41,15403665.19171319,17368473.71,12.75546107911922,alta
04531871000192,VERSACOLOR ROTULOS E ETIQUETAS ADESIVAS LTDA,SP,C,standard,45,15397803.906018268,14889078.899999999,3.3038802748970806,alta
22518659000177,MXL TRANSPORTES LTDA,RJ,H,labor_intensive_midcap,86,15397203.352383863,18471464.42,19.966360106169333,alta
04784470000144,GUINDASFORTE LOCACAO DE GUINDASTES LTDA,SP,H,labor_intensive_midcap,57,15396681.039625546,12242714.790000001,20.4847151246971,alta
37868913000134,INALTEX INDUSTRIA BRASILEIRA LTDA,SP,C,standard,39,15390847.936678855,16651296.48,8.189597795435917,alta
96509674000195,MILCAM PLASTIC INDUSTRIA E COMERCIO LTDA,SP,C,family_mature_sweet_spot,42,15385822.940430108,16083458.58,4.534275756785677,alta
23425919000122,J R M M DISTRIBUIDORA DE COSMETICOS LTDA,RJ,G,standard,10,15383189.546311501,17814651.9,15.805970188227317,alta
15685181000104,SOLDMEC LTDA,SP,C,labor_intensive_midcap,82,15380269.44306998,18203319.400000002,18.355009757010652,alta
96209382000137,PLASTICOS RENATO MASSINI LTDA,SP,C,family_mature_sweet_spot,48,15373941.337811157,18381095.52,19.560073218134065,alta
00122641000119,ELIFRAN INDUSTRIA E COMERCIO DE BOMBAS LTDA,SP,C,standard,18,15372634.364595938,13256378.64,13.766383005048223,alta
09008211000145,CONSELHEIRO GALVAO AUTO PECAS LTDA,RJ,G,standard,17,15370152.577570293,12166585.84,20.842777723919717,alta
12825603000101,BORRACHEIRO NOVO SAMPAIO LTDA.,RJ,G,standard,17,15370152.577570293,12166585.84,20.842777723919717,alta
40997143000134,XPISOS INDUSTRIA E COMERCIO LTDA,SP,C,standard,33,15368795.987282543,14089558.56,8.32360211132409,alta
17679053000183,D&M CONFECCOES DE ROUPAS E ACESSORIOS PARA CAES LTDA,SP,C,labor_intensive_midcap,69,15364670.219280496,13491770.790000001,12.189649387529778,alta
26118491000163,VWR LIMPEZA E CONSERVACAO LTDA,RJ,G,standard,21,15363857.61980545,15029311.92,2.1774850306747764,alta
19618899000139,ECOLOGIC WASH SERVICOS AUTOMOTIVOS LTDA,RJ,G,family_mature_sweet_spot,21,15363857.61980545,15029311.92,2.1774850306747764,alta
45061889000155,JODI CONSTRUCOES METALICAS LTDA,SP,C,standard,42,15355983.539726404,17686302.06,15.175312699736804,alta
33639573000119,A CANDELA SERVICOS LOGISTICA E TRANSPORTES LTDA,SP,H,labor_intensive_midcap,87,15355390.227090832,18686248.89,21.691787793400934,alta
24931720000139,ACESSO NET SERVICOS LTDA,SP,J,family_mature_sweet_spot,26,15348293.25993529,18204094.48,18.606637048820314,alta
03430255000182,STAR TECNOLOGIA INDUSTRIA E COMERCIO LTDA,SP,C,family_mature_sweet_spot,32,15344364.015813392,16098257.92,4.913164881970151,alta
52270851000158,BEAPLAS INDUSTRIA E COMERCIO DE PLASTICOS LTDA,SP,C,standard,40,15340967.74765383,15317579.6,0.15245549067403544,alta
04538048000109,PLASMAPLAST - SISTEMA DE INJECAO DE TERMOPLASTICOS LTDA,SP,C,family_mature_sweet_spot,48,15340734.904979212,18381095.52,19.81887200224002,alta
55255392000121,PRECIFER EQUIPAMENTOS INDUSTRIAIS LTDA,SP,C,family_mature_sweet_spot,28,15325091.790753666,18032896.28,17.66909148877058,alta
37088707000101,R A A PRODUTOS SIDERURGICOS E RECICLAGEM LTDA,SP,G,standard,7,15322332.412069812,12470256.33,18.613850720423972,baixa
55971302000107,AMBIPEL SOLUCOES LTDA,SP,G,recent_startup,8,15311540.226403663,14251721.52,6.921698867211814,baixa
06074206000142,SETE SERVICOS IMPORTACAO E EXPORTACAO LTDA,SP,N,labor_intensive_midcap,121,15299101.727316728,16786367.509999998,9.721262131539,alta
12612825000146,PAPELACO COMERCIO DE MATERIAIS RECICLAVEIS LTDA,RJ,G,standard,8,15297576.61062331,14251721.52,6.83673706786356,alta
08746269000123,ADR TECNOLOGIA - INDUSTRIA E COMERCIO DE EQUIPAMENTOS ELETRICOS LTDA.,SP,C,standard,19,15289329.218690159,13423811.41,12.20143658369061,alta
44632610000183,INDUSTRIAS CERAMICAS MATIELI LTDA,SP,C,labor_intensive_midcap,53,15273381.991873786,14370087.159999998,5.914176914807645,alta
32465890000101,PANIFICACAO SANTA CECILIA LTDA,RJ,G,standard,34,15255213.205064958,12933863.84,15.216761207206437,alta
56505712000117,FABRI INDUSTRIA E COMERCIO LTDA,SP,C,standard,32,15244559.3130795,12254063.68,19.616806046428124,alta
04215076000195,V F N ENGENHARIA E SERVICOS LTDA,SP,M,labor_intensive_midcap,70,15241902.11617657,16418115.700000001,7.716973740272808,alta
08690903000153,EURO-VAC INDUSTRIA E COMERCIO DE MAQUINAS E IMPLEMENTOS AGRICOLAS LTDA,SP,C,family_mature_sweet_spot,34,15239696.560706258,18791627.959999997,23.307100539337323,baixa
30075501000106,VIACAO FORTALEZA LTDA,RJ,H,standard,67,15229155.11628412,14390559.49,5.506514444701092,alta
18604741000147,RCR DESENVOLVIMENTO DE SOFTWARE LTDA,SP,J,family_mature_sweet_spot,42,15228735.546910753,17792095.02,16.83238549381232,alta
18901789000117,NOVA PACKING - COMERCIO E SERVICOS DE EMBALAGENS LTDA,SP,G,standard,8,15228327.551548386,14251721.52,6.413087899787702,alta
54844352000152,SAUDER EQUIPAMENTOS INDUSTRIAIS LTDA,SP,C,family_mature_sweet_spot,34,15217373.51192465,17149405.86,12.69622741770364,alta
23965521000189,LIFE SOLUTION TRANSPORTE LTDA,SP,H,labor_intensive_midcap,65,15213560.208340801,13960990.55,8.233244823615198,alta
56237432000175,R7 LOGISTICA TRANSPORTE E SERVICOS LTDA,SP,H,recent_startup,65,15211050.821597954,13960990.55,8.21810594323313,baixa
15201761000189,OLEOS DOURADO'S TRANSPORTE DE OLEO VEGETAL LTDA,SP,H,labor_intensive_midcap,65,15211050.821597954,13960990.55,8.21810594323313,alta
04448276000198,METALCOATING REVESTIMENTOS LTDA,RJ,M,standard,53,15201301.046353564,12430859.030000001,18.22503223839598,alta
54371133000101,ALUTEC INDUSTRIA E COMERCIO LTDA,SP,C,family_mature_sweet_spot,46,15169728.521972995,17615216.54,16.120842337321804,alta
40169278000101,MINIMERCADO DOIS IRMAOS COSTA AZUL LTDA.,RJ,G,family_mature_sweet_spot,31,15166734.309172524,11792640.56,22.24667275361936,alta
17450572000175,DONBOR ARTEFATOS DE BORRACHA LTDA,SP,C,standard,38,15164408.110149816,16224340.16,6.989603828590926,alta
03827515000158,TRANSMAFFEI TRANSPORTES LTDA,SP,H,labor_intensive_midcap,65,15163222.864743607,13960990.55,7.928606770919044,alta
60726981000180,METALURGICA SAM LTDA,SP,C,family_mature_sweet_spot,30,15142038.906678652,17620762.8,16.369815905228357,alta
29310856000145,GRIN PAPEIS - COMERCIO DE PAPEIS LTDA,SP,G,standard,7,15141164.518269515,12470256.33,17.640044694361283,alta
11189376000102,MULT FLY COMERCIO DE VEICULOS LTDA,SP,G,standard,18,15134097.18426993,12882267.36,14.879181736789926,alta
55570329000180,GOTICA PAES E DOCES LTDA,SP,C,labor_intensive_midcap,55,15128061.899530565,13831826.25,8.568418467211512,alta
61207528000120,PANIFICADORA TRIGOLANDIA LTDA,SP,C,labor_intensive_midcap,55,15128061.899530565,13831826.25,8.568418467211512,alta
19328895000116,MERCADO COMPRE MAIS LTDA,RJ,G,family_mature_sweet_spot,31,15127390.202603832,11792640.56,22.04444783892618,alta
13955101000168,PERSONNALITE SEA LOGISTICA LTDA,SP,H,labor_intensive_midcap,56,15126683.172802916,12027930.32,20.48534247332113,alta
17285506000197,TRIFT TRANSPORTES E COMERCIO LTDA,SP,H,labor_intensive_midcap,57,15123441.620304696,12242714.790000001,19.04809039257994,alta
23543123000174,ANX SERVICOS FERROVIARIOS LTDA,SP,C,labor_intensive_midcap,50,15110909.139920564,13035963.0,13.731444750990491,alta
07118913000156,TRANSPORTADORA BONS AMIGOS E.M. LOGISTICA LTDA,RJ,H,labor_intensive_midcap,68,15095149.403035734,14605343.96,3.2447869839382304,alta
33578447000100,FERTIAGRO COMERCIO DE PRODUTOS AGRICOLAS LTDA,SP,G,standard,7,15082959.868246695,12470256.33,17.32222031397877,baixa
10593629000146,FAST BROKER COMERCIO E REPRESENTACAO LTDA,RJ,G,standard,10,15082416.234430015,17814651.9,18.115371059266078,baixa
72863434000126,H.T. COMPONENTES AUTOMOTIVOS LTDA,SP,C,standard,43,15080830.369102977,16466398.07,9.187608818515198,alta
17682396000105,CAVALARI INDUSTRIA DE MAQUINAS LTDA,SP,C,family_mature_sweet_spot,27,15073655.288059471,12712787.459999999,15.662211871924809,alta
09147473000190,FENCE FLEX PARTS INDUSTRIA E COMERCIO LTDA,SP,C,standard,20,15067722.058432208,12880640.2,14.515013284362205,alta
14904040000172,GUBOLINCO BRASIL LTDA,SP,J,partnership_heavy_services,42,15060523.233239252,17792095.02,18.137296722414302,alta
36070613000142,PAPEIS RIO NITEROI LTDA,RJ,G,standard,9,15053984.396887898,16033186.709999999,6.504605606702572,alta
04063795000138,CRYSPEL COMERCIO DE PAPEIS LTDA,SP,G,standard,8,15052282.959460083,14251721.52,5.318538334790907,alta
61428421000102,TINTURARIA UNIVERSO LTDA,SP,C,labor_intensive_midcap,69,15048935.316372111,13567222.290000001,9.845965812346327,alta
53388989000119,PEDREIRA ITAPORAN TERRA ROXA LTDA,SP,B,standard,32,15046970.491666876,15485952.64,2.917412169952991,alta
55929772000102,AGUAS MINERAIS SANTA INES LTDA,SP,C,family_mature_sweet_spot,45,15040036.095851963,13398930.450000001,10.911580500159694,alta
22261596000116,TRDC TRANSPORTES LTDA,SP,H,labor_intensive_midcap,55,15035844.59601682,11813145.85,21.433440106653894,alta
65438582000138,PACCI PROCESSOS DE AUTOMACAO COMANDOS E CONTROLE INDUSTRIAL LTDA,SP,C,labor_intensive_midcap,75,15022886.427731257,16649377.5,10.826754765757583,alta
07091641000148,G3 SEGURANCA PRIVADA LTDA,SP,N,labor_intensive_midcap,145,15020371.66901918,12271365.95,18.301848846318784,alta
08384647000176,FERRO INOX COMERCIO DE METAIS E SUCATAS LTDA,SP,G,standard,8,15014009.937530762,14251721.52,5.077180717892409,alta
08384647000176,FERRO INOX COMERCIO DE METAIS E SUCATAS LTDA,SP,G,standard,8,15014009.937530762,14251721.52,5.077180717892409,alta
30714332000107,EQUIPPE SOLUCOES E ENGENHARIA LTDA,SP,G,standard,7,14991716.048915308,12470256.33,16.819019988693974,baixa
10013570000170,AGTNET COMERCIO E SERVICO LTDA,SP,J,family_mature_sweet_spot,20,14984797.380356662,14003149.6,6.550957983879643,alta
33223157000135,MAKROFARMA QUIMICA FARMACEUTICA LTDA,RJ,C,standard,17,14970977.742947953,14462888.89,3.3938254512954997,alta
04948924000175,DIAS PLAST INDUSTRIA E COMERCIO DE ARTEFATOS PLASTICOS LTDA,SP,C,standard,33,14966440.743641602,12637003.17,15.564405816601711,alta
05417062000117,GRAN COURO FRANCA LTDA,SP,G,standard,8,14954603.627001863,14251721.52,4.700105228685215,alta
02237092000153,JACOBUCCI INDUSTRIA E COMERCIO DE EQUIPAMENTOS PARA IRRIGACAO LTDA,SP,C,standard,15,14949031.515770512,17873493.6,19.562886606696377,alta
02857334000101,COMERCIO DE CARNES VIANETO LIMITADA,SP,G,standard,8,14941507.656802727,14251721.52,4.616576537299261,alta
36323869000114,ESTRUTURAS METALICAS NOROESTE PAULISTA LTDA,SP,C,standard,39,14934799.81087478,16422994.77,9.96461270302123,alta
28338110000187,NR - COLOMBARI REPRESENTACOES COMERCIAIS LTDA,SP,G,standard,20,14906372.39948752,14313630.4,3.9764335923064533,baixa
50538834000123,WANDERLEY A. MODOLO & CIA LTDA.,SP,C,labor_intensive_midcap,57,14903759.159097077,14334801.75,3.81754296364748,alta
09296941000199,RUBBER GATTI FABRICACAO DE BORRACHAS LTDA,SP,C,family_mature_sweet_spot,32,14903074.896758828,13662602.24,8.323602111324089,alta
05213257000145,UNITAMPOS EQUIPAMENTOS INDUSTRIAIS LTDA.,SP,C,family_mature_sweet_spot,26,14900302.529524626,17140431.099999998,15.034114683487838,alta
55081225000101,ATACADO 3 MENINAS LTDA,SP,G,recent_startup,7,14899949.691351773,12470256.33,16.30672191304119,baixa
28300306000182,ADVANTAG TECNOLOGIA E SERVICOS LTDA,SP,C,standard,17,14897188.021946346,18428745.790000003,23.706203901373943,alta
56757156000176,GISMAR INDUSTRIA E COMERCIO LTDA,SP,C,family_mature_sweet_spot,42,14887128.385835214,14127435.42,5.103018837118684,alta
68319656000105,SOCIN SOLUCOES COMERCIAIS INTEGRADAS LTDA,SP,J,family_mature_sweet_spot,31,14879732.856180497,13132260.61,11.743975937408454,alta
10618826000172,"EFILTROS INDUSTRIA, COMERCIO E MANUTENCAO DE FILTROS E ACESSORIOS LTDA",SP,C,family_mature_sweet_spot,26,14870203.294948565,16987546.68,14.238832805807707,alta
50432715000191,GANDOLPHO & FALCONI INDUSTRIA DE FERRAMENTAS AGRICOLAS LTDA.,SP,C,standard,15,14868670.424240086,14869893.0,0.00822249552267049,alta
03356450000100,GRAVAPAC EMBALAGENS FLEXIVEIS LTDA,SP,C,family_mature_sweet_spot,44,14858520.188180065,14558210.479999999,2.021127974904003,alta
44496438000188,NASCHOLD ELEMENTOS DE FIXACAO INDUSTRIA E COMERCIO LTDA,SP,C,family_mature_sweet_spot,28,14856099.831894718,16446045.280000001,10.702307241445782,baixa
56782089000140,FESMA INDUSTRIA E COMERCIO DE FERRAMENTAS LTDA,SP,C,family_mature_sweet_spot,41,14851008.058128264,15700519.09,5.720224704926889,alta
42974202000184,MHT COMERCIO DE EQUIPAMENTOS 2 LTDA,SP,G,standard,7,14846808.815511096,12470256.33,16.00716029311437,alta
08719943000180,MIMAPLAS-INDUSTRIA DE PLASTICOS LTDA,SP,C,family_mature_sweet_spot,45,14839951.814973583,17232277.05,16.120842337321804,alta
17738549000180,SELLUX INDUSTRIA E DISTRIBUIDORA DE MATERIAIS ELETRICOS LTDA,SP,C,standard,32,14838729.698575255,17288244.16,16.507575184551925,alta
33672318000178,DOIS AMIGOS COMERCIO DE PESCADO E GELO LTDA,SP,G,standard,7,14828913.906031124,12470256.33,15.905801267561648,alta
30194450000123,IRMAOS RIBEIRO COMERCIO DE RESIDUOS E TRANSPORTE LTDA,RJ,H,labor_intensive_midcap,61,14827174.083625166,13101852.67,11.636212024586507,alta
33387953000103,REDE CENTRAL DE DOCES LTDA,SP,G,standard,8,14826991.770986216,14251721.52,3.8798851437411472,alta
48642979000128,INFORCATO & INFORCATO LTDA,SP,C,family_mature_sweet_spot,33,14822412.701451324,17036563.5,14.937856900529287,alta
27427755000123,ALIANCA AUTO MECANICA LTDA.,RJ,G,standard,16,14804570.540624715,11450904.32,22.652911216992308,alta
51440732000133,O R GASPARIN SERVICOS E COMERCIO DE SUCATAS LTDA,SP,G,standard,7,14797460.13660831,12470256.33,15.727049001138399,baixa
02427593000100,AR NATURAL EXAUSTORES LTDA,SP,C,family_mature_sweet_spot,33,14789785.602675766,17601291.509999998,19.009781364346313,alta
05745084000106,COMPOSITE INDUSTRIA DE ESTRUTURAS METALICAS LTDA,SP,C,standard,34,14775280.661951078,14317482.62,3.098405048440052,alta
04124823000180,AMINOCAP INDUSTRIA E COMERCIO LTDA,SP,C,standard,17,14775268.178180834,18201790.18,23.19092933202548,baixa
30586092000102,TEX & GRAF INDUSTRIA E COMERCIO DE ARTEFATOS DE BORRACHA LTDA,SP,C,standard,42,14773646.609987024,17932165.44,21.379412364431474,alta
54991229000164,STUDIO DISTRIBUIDORA DE ALIMENTOS LTDA,SP,G,standard,7,14766151.14836217,12470256.33,15.548363248447625,alta
12870429000119,HWT PROMOCOES ESPORTIVAS LTDA,SP,M,family_mature_sweet_spot,48,14760891.151831914,11258136.48,23.729967491815025,alta
44814713000164,FUNDIART - FUNDICAO ARTISTICA LTDA,SP,C,family_mature_sweet_spot,34,14755405.450433187,17594878.28,19.243611021772725,alta
21815636000161,MARQ FERRAMENTARIA LTDA,SP,C,family_mature_sweet_spot,21,14751681.379314488,13844194.35,6.151753186501234,alta
09351138000100,M C TECH - TRANSPORTE RODOVIARIO DE CARGAS LTDA,SP,H,labor_intensive_midcap,56,14745904.963710483,12027930.32,18.432064023194165,alta
49646896000170,C J SUCATAS LTDA,SP,G,standard,7,14734492.549144033,12470256.33,15.366910068956322,alta
06059558000129,FIELFER COMERCIO DE METAIS LTDA,SP,G,standard,7,14734492.549144033,12470256.33,15.366910068956322,alta
09260403000144,PROTON COMERCIO DE METAIS LTDA,SP,G,standard,7,14734492.549144033,12470256.33,15.366910068956322,alta
21611825000112,LCR TECIDOS E TRANSPORTES LTDA,SP,G,standard,8,14727072.647792896,14251721.52,3.227736693918844,baixa
17168987000150,CQX TEXTIL LTDA,SP,C,standard,33,14721794.714363802,15759371.1,7.047893315777946,alta
22070812000146,FEIRAO DOS PISOS LTDA,RJ,G,standard,9,14713255.336387388,16033186.709999999,8.971035596373326,alta
05194545000108,MICROPET BENEFICIAMENTO DE TERMOPLASTICOS LTDA,SP,C,standard,37,14712113.946661863,14168761.129999999,3.6932341513379168,alta
11338107000160,THERMOTECH FUNDICAO E TRATAMENTO TERMICO LTDA,SP,C,standard,32,14710658.529437661,12438440.0,15.44606942572081,alta
10718210000173,"GRT TRANSPORTES, LOCACAO E COMERCIO LTDA",SP,H,labor_intensive_midcap,55,14708043.509545466,11813145.85,19.682411584291877,alta
12774603000120,RJ COMERCIO E DISTRIBUIDORA DE ALIMENTOS E BEBIDAS LTDA,SP,G,standard,8,14705118.842993984,14251721.52,3.083261875234679,baixa
21767359000169,TINGUI DISTRIBUIDORA LTDA,RJ,G,standard,9,14700315.114716234,16033186.709999999,9.066959346670401,baixa
30756604000123,QUALYTA SERVICOS E CONSULTORIA LTDA,RJ,G,standard,29,14699194.181538358,11031825.040000001,24.949457067139345,alta
11790152000151,AVALON MERCEARIA DA TERRA LTDA,RJ,G,family_mature_sweet_spot,29,14697490.933281532,11031825.040000001,24.940759684231978,alta
41761001000136,DAMASIO DISTRIBUIDORA DE MOTOPECAS DE SAO PAULO LTDA,SP,G,standard,20,14693701.770135177,14313630.4,2.5866277680119296,baixa
07243854000148,FPS INDUSTRIA E COMERCIO DE PECAS LTDA,SP,C,family_mature_sweet_spot,28,14691714.390829304,14085975.68,4.122995415752241,alta
46878407000117,MARTINEZ COMERCIO DE FRUTAS E LEGUMES LTDA,SP,G,standard,9,14670654.843753446,16033186.709999999,9.287464538958188,alta
68724186000165,NOKINHO'S AUTO PECAS LTDA,RJ,G,standard,16,14665741.763124157,11450904.32,21.920728559448726,alta
68110709000183,SANCHES TRANSPORTES E ARMAZENS GERAIS LTDA.,SP,H,standard,52,14656573.20085837,11168792.44,23.796700040730574,alta
14072213000133,IRIS JOSE DE OLIVEIRA & CIA LTDA,SP,G,standard,8,14652744.633324502,14251721.52,2.736846395401323,baixa
24993989000140,KISALE ALIMENTOS LTDA,SP,C,labor_intensive_midcap,51,14641531.889331631,14090659.44,3.7623962676543306,alta
12114508000108,"OVENTEC INDUSTRIA E COMERCIO, INSTALACAO E MANUTENCAO DE FORNOS E EQUIPAMENTOS LTDA",SP,C,family_mature_sweet_spot,32,14621139.588335939,15067007.36,3.049473462518292,alta
74368671000146,CRIASETT GRAFICA E EDITORA LTDA,SP,C,standard,35,14602807.69769282,13667316.950000001,6.4062389032255975,alta
46618711000125,S E CONSTRUTORA E TERRAPLANAGEM LTDA,SP,N,standard,31,14597614.669652333,11754748.33,19.474869038449835,alta
59600817000143,RADIO PROGRESSO DE SAO CARLOS LIMITADA,SP,J,partnership_heavy_services,32,14594140.662315935,14721762.88,0.8744757271910084,alta
06280607000159,MULTIPLA MINERACAO PINDAMONHANGABA LTDA,SP,B,family_mature_sweet_spot,31,14585838.910934763,15002016.620000001,2.8532997766294845,alta
07103597000149,JMS JOMASI COMERCIO DE PLASTICOS LTDA.,SP,G,standard,7,14585281.465310385,12470256.33,14.501092353553535,alta
11388369000130,ORION PLATAFORMAS COMPUTACIONAIS IMPORTACAO E EXPORTACAO LTDA,SP,C,standard,12,14568411.065322237,11478589.92,21.209046967908947,alta
33486782000170,B & C TRANSPORTE E LOCACAO LTDA,SP,H,labor_intensive_midcap,61,14565257.495103383,13101852.67,10.04722934417986,alta
15375334000117,FCX COMERCIO DE FIBRA E RESINA LTDA,RJ,G,standard,10,14540088.185013788,17814651.9,22.520934352800182,baixa
04856919000132,HACO- COMERCIO DE EQUIPAMENTOS INDUSTRIAIS LTDA,SP,C,family_mature_sweet_spot,36,14529703.370271873,18110540.16,24.64494077046753,alta
01681606000100,BIG SABOR INDUSTRIA E COMERCIO DE CONGELADOS LTDA,SP,C,labor_intensive_midcap,57,14515211.084830875,15748384.08,8.495728983630514,alta
14777363000142,LEW COSMETICOS LTDA,SP,C,standard,16,14501659.997072004,18040793.92,24.40502620832771,alta
05444482000192,EMBATEK TECNOLOGIA EM COSMETICOS LTDA,SP,C,standard,16,14501659.997072004,18040793.92,24.40502620832771,alta
74668328000117,J. KOVACS INDUSTRIA E COMERCIO DE PLASTICOS LTDA,SP,C,family_mature_sweet_spot,35,14493935.737858921,18018499.1,24.31750371939856,alta
05382065000162,BR QUIMICA LTDA,SP,C,standard,8,14487638.785521638,13189933.2,8.9573297949595,alta
00014393000192,TECHMETAL INDUSTRIA E COMERCIO DE PRODUTOS QUIMICOS LTD,SP,C,standard,8,14487638.785521638,13189933.2,8.9573297949595,alta
61347167000118,GLAMIR IMPORTADORA PRODUTOS QUIMICOS LTDA,SP,C,standard,8,14487638.785521638,13189933.2,8.9573297949595,alta
11852456000104,MEIC VASOS DE PRESSAO LTDA,SP,H,labor_intensive_midcap,65,14486623.817228595,13960990.55,3.6284042014224944,alta
74558008000104,SIL TECNOLOGIA EM SOFTWARE LTDA,SP,J,family_mature_sweet_spot,40,14483447.039741049,16944852.4,16.994610147053486,alta
03338574000162,GEODADOS GEOPROCESSAMENTO E SERVICOS AEREOS ESPECIALIZADOS LTDA,SP,M,labor_intensive_midcap,53,14479665.051369324,12430859.030000001,14.149540159256446,alta
06222917000117,VIA 400 PNEUS LTDA.,RJ,G,standard,16,14466025.955360277,11450904.32,20.842777723919717,alta
44666923000152,FERRAMENTARIA FERRAVE LTDA,SP,C,standard,43,14462140.426693896,17048812.86,17.885820196654166,alta
04179806000140,MAURIAGRO COMERCIO DE SEMENTES LTDA.,SP,G,standard,7,14445912.765010895,12470256.33,13.676231243733424,alta
17273726000109,SALES & BURATTO LTDA,SP,C,labor_intensive_midcap,78,14429248.261973912,17315352.6,20.00176506514188,alta
10708930000158,TOCA EMPREENDIMENTOS IMOBILIARIOS LTDA,SP,N,labor_intensive_midcap,98,14426196.957668874,13595570.379999999,5.757765404882536,alta
11463398000119,FPR TRANSPORTES E SERVICOS LTDA,RJ,H,labor_intensive_midcap,75,14425365.163297992,16108835.25,11.670207773909311,alta
34367928000120,FABRICANDO SONHOS COMERCIO ATACADISTA E DISTRIBUICAO LTDA,RJ,G,standard,10,14423290.170585953,17814651.9,23.513093679070522,alta
53311984000198,S. MOREIRA LTDA,SP,G,standard,8,14422806.180592889,14251721.52,1.186209247012543,alta
05218494000107,PRIMI TECNOLOGIA LTDA,SP,C,family_mature_sweet_spot,44,14419342.38462735,14558210.479999999,0.9630681598954055,alta
22990200000171,TECNOCARGO LOGISTICA INTEGRADA LTDA,SP,H,labor_intensive_midcap,52,14408363.3512928,11168792.44,22.483961795717263,alta
03832130000189,TRIADE SOLUCOES INTELIGENTES INFORMATICA LTDA,RJ,J,partnership_heavy_services,38,14396188.368793156,16097609.78,11.8185547981231,alta
16403451000100,J A FERREIRA DOS REIS TRANSPORTES LTDA,SP,H,labor_intensive_midcap,54,14384062.086117588,11598361.38,19.366578713575876,alta
09352492000159,MIRIM - TRANSPORTES E LOCACAO DE VEICULOS LTDA,SP,N,family_mature_sweet_spot,40,14376700.868388548,15167417.2,5.499984585128816,alta
27956531000109,AUTO PECAS JUIZ DE FORA LTDA,RJ,G,standard,16,14368208.48411676,11450904.32,20.303882473181492,alta
02717784000107,CAMREY MAQUINAS E EQUIPAMENTOS INDUSTRIAIS LTDA,SP,C,standard,36,14367212.402341023,16950383.28,17.979624754751107,alta
04012619000177,GRADETEC INDUSTRIAL LTDA,SP,C,family_mature_sweet_spot,48,14363116.22756786,14947542.72,4.068939380372209,alta
35729195000190,M. MARTINS COMERCIO DE SUCATAS LTDA,SP,G,standard,8,14361700.950289626,14251721.52,0.7657827625731771,alta
04787536000150,MMC LOGISTICA E TRANSPORTES RODOVIARIOS LTDA,SP,H,labor_intensive_midcap,52,14354954.0664006,11168792.44,22.19555431290563,alta
45835787000140,EVA EMPRESA DE VIABILIDADE AMBIENTAL LTDA,SP,G,standard,7,14352877.442257706,12470256.33,13.116680748035217,alta
20920347000160,COPLASCO INDUSTRIA E COMERCIO DE RECICLAGEM DE MATERIAIS METALICOS E PLASTICOS LTDA,SP,G,standard,7,14348187.486999495,12470256.33,13.088281420221456,alta
17174313000169,ASM COMERCIO DE METAIS LTDA,SP,G,standard,7,14347189.78343997,12470256.33,13.08223757942055,alta
03801483000111,STORM DEVELOPMENT LTDA,RJ,J,standard,28,14346217.558300152,11861396.68,17.320390327292465,alta
17758662000128,PSI METALS BRAZIL LTDA,RJ,J,partnership_heavy_services,28,14346217.558300152,11861396.68,17.320390327292465,alta
04945072000162,BRASQUIMICA INDUSTRIA E COMERCIO LTDA,SP,C,standard,5,14344739.112274937,16546359.5,15.347929094375193,alta
01461772000193,MAXI PLATING ELETRODEPOSICAO DE METAIS LTDA,SP,C,labor_intensive_midcap,56,14334938.794861387,13712877.36,4.339477438748305,alta
48756255000105,RAPIDO BONI TRANSPORTE LTDA,RJ,H,labor_intensive_midcap,80,14322979.862682663,17182757.6,19.966360106169333,alta
09209455000196,TINTAS VIP INDUSTRIA E COMERCIO LTDA.,SP,C,standard,15,14322930.120792696,16548187.8,15.53632992998327,alta
28986468000116,FMG COMERCIO DE FERRO LIGAS LTDA,SP,C,standard,33,14321422.937185152,17077381.86,19.24361102177272,alta
28865950000106,ALHO 10 COMERCIO E DISTRIBUICAO LTDA,RJ,G,standard,8,14317328.793745039,14251721.52,0.45823683097717227,alta
03350839000148,RENOVADORA DE PNEUS SAO JOAO LTDA,SP,C,family_mature_sweet_spot,38,14316132.173073107,13869783.4,3.117802823255812,alta
40310419000164,MILLA COMERCIAL LTDA,RJ,J,family_mature_sweet_spot,20,14315784.40362442,14003149.6,2.1838468281575105,alta
38096428000152,ALIANCA EMBALAGENS ESPECIAIS LTDA,SP,C,standard,36,14312254.922721373,11911263.12,16.77577583466381,alta
61174686000121,SULAMERICANA INDUSTRIA E COMERCIO LTDA,SP,C,family_mature_sweet_spot,30,14310066.372858038,12808689.6,10.491752684709457,alta
00950882000156,QUITAUNA FABRICA DE BLOCOS LTDA,SP,C,family_mature_sweet_spot,31,14308438.378002023,16004044.5,11.850392594937707,alta
44343762000166,VALETUR TRANSPORTES E TURISMO LTDA,SP,H,labor_intensive_midcap,54,14303722.373187162,11598361.38,18.91368500173393,alta
04343477000120,GOOD BREAD TATUAPE LTDA,SP,C,labor_intensive_midcap,52,14302894.886828896,13077363.0,8.568418467211494,alta
50220482000163,INDUSTRIA GRAFICA ITU LTDA,SP,C,family_mature_sweet_spot,44,14302608.290049285,17181769.880000003,20.13032540333101,alta
53391892000165,PRISCELL INDUSTRIA E COMERCIO LTDA,SP,C,family_mature_sweet_spot,25,14298272.398989007,16334179.500000002,14.238832805807705,alta
05238962000105,ATIVIDADES MONTAGENS COMERCIAL LTDA,SP,C,standard,15,14291695.330233851,14869893.0,4.04568986677865,baixa
13661671000145,3AD COMERCIO DE PECAS LTDA,SP,G,standard,16,14282441.106333531,11450904.32,19.82529992774057,alta
00824606000141,KROMUS 2001-INDUSTRIA E COMERCIO LTDA,RJ,C,standard,21,14268413.073974175,13844194.35,2.9731317825943644,alta
01715107000189,SIMTEC INDUSTRIA E COMERCIO LTDA,SP,C,standard,40,14260838.552995821,13307625.600000001,6.684129754737146,alta
04210990000143,MIRAFLORES COMERCIO DE ARTIGOS PARA PRESENTES LTDA,SP,G,standard,7,14243197.415414128,12470256.33,12.44763400874746,baixa
04642455000161,OMIM DO BRASIL BRINQUEDOS LTDA,SP,C,labor_intensive_midcap,56,14238770.01816403,13857378.08,2.678545532215897,alta
06048392000145,ABC DE ITAPERUNA INDUSTRIAL DE DETERGENTES LTDA,RJ,C,family_mature_sweet_spot,21,14232329.259399684,16207277.31,13.876492137054585,baixa
07845105000190,SPW3 MATERIAIS DE CONSTRUCAO LTDA,RJ,G,standard,7,14225338.085025882,12470256.33,12.337715592667328,alta
44536248000147,WINI CONFECCAO LTDA,SP,C,labor_intensive_midcap,56,14215640.045307795,10949842.96,22.973267998479933,alta
03105136000154,EXPRESSO 9002 TRANSPORTES LTDA,SP,H,labor_intensive_midcap,60,14208370.130461289,12887068.2,9.299461643588195,alta
12280520000184,MARTHA INDUSTRIA E COMERCIO DE EMBALAGENS PLASTICAS LTDA,SP,C,standard,38,14205042.949043244,14551700.62,2.4403845324529874,alta
12159602000175,NM MERCEARIA LTDA,RJ,G,family_mature_sweet_spot,28,14190680.90109941,10651417.280000001,24.940759684231978,alta
65414823000109,FABRIPLAST INDUSTRIA E COMERCIO DE PLASTICOS LTDA,SP,C,family_mature_sweet_spot,37,14190395.166579794,14168761.129999999,0.15245549067404496,alta
10971226000193,TATUI DIESEL COMERCIO DE PECAS E MANUTENCAO DE VEICULOS LTDA,SP,G,standard,15,14188309.514367634,10735222.8,24.33754853508731,alta
10452774000107,HARTE INSTRUMENTOS CIRURGICOS LTDA,SP,G,standard,6,14186419.263241593,10688791.14,24.654763533630298,alta
23875387000125,DTECH SOLUTIONS - INDUSTRIA E COMERCIO DE ESTRUTURAS MODULARES LTDA,SP,C,standard,39,14181864.964389516,12974934.96,8.510375803324182,alta
08795061000102,SANJEFER TRANSPORTES E LOGISTICA LTDA,SP,H,labor_intensive_midcap,58,14181379.91788107,12457499.26,12.15594439937017,alta
07220410000197,PLASDONI INDUSTRIAL DE PLASTICOS LTDA.,SP,C,family_mature_sweet_spot,43,14180398.400974756,16466398.07,16.120842337321815,alta
06987493000181,DALMEDICO CONFECCOES LTDA,SP,C,labor_intensive_midcap,57,14172000.800749252,11145375.870000001,21.356370023555442,alta
01272344000112,MASTER PRINT PRESTACAO DE SERVICOS LTDA,SP,C,standard,41,14171897.764826387,16010285.57,12.972065108572522,alta
64121551000196,BRUNHOLI BRANDS INDUSTRIA E COMERCIO DE BEBIDAS LTDA,SP,C,standard,18,14165321.72701443,16149199.32,14.005171440632747,alta
08040473000124,FILTERFLUX EQUIPAMENTOS PARA LABORATORIO LTDA,SP,G,standard,6,14160170.188922118,10688791.14,24.515094116862173,alta
05475880000176,STUDIO 3 INDUSTRIA E COMERCIO DE PRODUTOS DE ILUMINACAO LTDA,RJ,G,standard,8,14156439.692575624,14251721.52,0.6730634926121015,alta
19328895000116,MERCADO COMPRE MAIS LTDA,RJ,G,family_mature_sweet_spot,29,14151429.54437133,11031825.040000001,22.044447838926192,alta
48622126000124,IDRILL INDUSTRIA E COMERCIO DE MAQUINAS LTDA,SP,C,standard,10,14146201.216895929,16608960.3,17.40933163146728,baixa
21340355000108,DRIMETAIS COMERCIO DE SUCATAS LTDA,SP,G,standard,6,14144904.706015974,10688791.14,24.433629196144764,alta
30230951000118,TOPLOG TRANSPORTE E OPERACOES LOGISTICAS LTDA,SP,H,labor_intensive_midcap,54,14132986.50434888,11598361.38,17.934108431851584,alta
68859396000160,AGAPITO JR PECAS E ACESSORIOS LTDA,SP,G,standard,16,14124970.238840478,11450904.32,18.931480021723516,alta
03217127000155,TECHNOCOLORR PINTURA ELETROSTATICA LTDA,SP,C,labor_intensive_midcap,54,14124517.69920757,13223131.74,6.381711421255401,alta
18331428000182,GASBOM COMERCIO DE GAS LTDA,SP,G,standard,7,14115821.072956499,12470256.33,11.657591396572172,baixa
26941292000150,AGICARGO - LOGISTICA EMPRESARIAL LTDA,SP,H,labor_intensive_midcap,59,14102245.31328316,12672283.73,10.139956804866053,alta
01997309000160,FISA CONSULTORIA E LOCADORA LTDA,SP,N,family_mature_sweet_spot,34,14097690.702825502,12892304.62,8.550237824297815,alta
52639941000173,LT COMERCIO DE ACOS LTDA,SP,G,standard,9,14090764.223245047,16033186.709999999,13.78507550038063,baixa
65454589000143,USINESES USINAGEM DE PRECISAO LTDA,SP,C,family_mature_sweet_spot,25,14088325.756249748,16481183.75,16.984686719703028,alta
66536756000168,HAGANE FACAS E SERRAS INDUSTRIAIS LTDA,SP,C,family_mature_sweet_spot,38,14085830.485909512,17086795.0,21.30484615083537,alta
24415461000193,SANCHES E TELLES COMERCIO E SERVICOS DE PRODUTOS DE LIMPEZA EM GERAL LTDA,RJ,G,standard,6,14067033.949351657,10688791.14,24.015317098935117,alta
02164841000160,GEF INDUSTRIA E COMERCIO LTDA,SP,C,standard,49,14061145.145288637,13026792.100000001,7.356108159051387,alta
46291274000188,BUILDING INDUSTRIAL DE CONECTORES LTDA,SP,C,family_mature_sweet_spot,31,14044221.742511086,16747986.53,19.251795058922816,alta
47118757000148,PLASTICOS MARADEI INDUSTRIA E COMERCIO LTDA,SP,C,standard,41,14043136.56228838,15700519.09,11.802082251071866,alta
11580346000122,PLENA COMERCIAL ELETRICA LTDA,SP,G,standard,6,14042306.766190313,10688791.14,23.881515209912504,alta
47584646000127,TENCAL COMERCIO E DISTRIBUICAO DE MATERIAIS PARA CONSTRUCAO LTDA,SP,G,standard,6,14040282.881481525,10688791.14,23.870542849973376,alta
57032161000184,INDUSTRIA PLASTICA AZULPLAST LIMITADA,SP,C,family_mature_sweet_spot,39,14008724.220927084,14934640.11,6.6095661137345125,alta
02836223000119,WAN INDUSTRIA E BENEFICIAMENTO DE CHAPAS LTDA.,SP,C,family_mature_sweet_spot,46,14007540.793718783,11264149.26,19.58510472408523,alta
32149599000116,NOSSA SENHORA DE GUADALUPE PADARIA E CONFEITARIA LTDA,RJ,G,standard,29,14003286.814892154,11031825.040000001,21.219745151060366,alta
30067185000112,PAD E CONF VITAL BRASIL LTDA,RJ,G,standard,29,14003286.814892154,11031825.040000001,21.219745151060366,alta
50705268000105,TRANSPORTADORA CARDELLI LTDA,SP,H,family_mature_sweet_spot,53,14002302.236779733,11383576.91,18.702105428785476,alta
42533105000156,"BSZ INOVATION COMERCIO, IMPORTACAO E EXPORTACAO DE INSTRUMENTOS E PRODUTOS CIRURGICOS LTDA",SP,G,standard,6,13999626.244652255,10688791.14,23.649453541068404,baixa
64152986000106,J N MOURA INFORMATICA LTDA,SP,J,standard,36,13998687.12222581,15250367.16,8.941410196866887,alta
48351666000110,C A A BRASIL IMPORTADORA LTDA,RJ,G,standard,7,13997776.905311791,12470256.33,10.912594090081097,alta
48241404000101,NAPOLI COMERCIO DE HORTIFRUTIGRANJEIROS LTDA,SP,G,standard,6,13991594.417921495,10688791.14,23.605624772048948,alta
00946877000170,ENGENDRAR ENGENHEIROS ASSOCIADOS LIMITADA,SP,C,standard,15,13989500.423309168,10818145.649999999,22.66953556129202,baixa
15303069000161,NA ROTA DA LARANJA LTDA,SP,G,standard,7,13972903.01492952,12470256.33,10.754004971794325,baixa
07126215000100,3 T MEDIA SOLUTIONS ASSESSORIA E COMUNICACOES LTDA.,SP,J,partnership_heavy_services,34,13972510.424932413,14403124.54,3.0818664790487658,alta
15822325000127,"VERTICAL PARTS - INDUSTRIA E COMERCIO DE PECAS PARA ESCADAS, ESTEIRAS ROLANTES E ELEVADORES LTDA.",SP,C,standard,30,13971632.715711402,12808689.6,8.323602111324094,alta
68375633000118,IBIRAPUERA SUPERMERCADOS LTDA,SP,G,standard,8,13968348.91909287,14251721.52,2.0286764208746075,baixa
03575424000172,EVORA RETENTORES LTDA,SP,C,standard,35,13967217.996190617,14943471.200000001,6.989603828590956,alta
02026370000204,FMB ESTRUTURAS METALICAS INDUSTRIA E COMERCIO LTDA,SP,C,standard,21,13966163.334115978,13844194.35,0.8733177551922067,alta
31382336000190,JUANIL TRANSPORTES RODOVIARIOS LTDA,RJ,H,labor_intensive_midcap,72,13959810.096350912,15464481.84,10.778597511454747,alta
51049401000177,BIGNOTTO INDUSTRIA E COMERCIO LTDA,SP,C,standard,30,13958913.210084248,11789107.8,15.544228819452282,baixa
54896139000194,FAGMOL INDUSTRIA E COMERCIO LTDA,SP,C,family_mature_sweet_spot,32,13958330.43009091,14388880.0,3.084534873747691,alta
55919906000104,SOFT COLOR ETIQUETAS ADESIVAS LTDA,SP,J,standard,40,13956381.477213217,12945368.799999999,7.244088869768377,alta
59334540000154,ABPEL COMERCIO DE APARAS DE PAPEL LTDA,SP,G,standard,8,13951639.561958125,14251721.52,2.150872352380052,alta
11281684000163,DUMAR DRM DISTRIBUIDORA LTDA,RJ,G,standard,9,13947371.618953869,16033186.709999999,14.954897223872624,baixa
11687446000152,MTG TECNOLOGIA EM TINTAS LTDA,SP,C,standard,16,13943387.78721752,16865566.4,20.95745063808209,alta
73191090000119,BIO HEALTH DO BRASIL LTDA,SP,C,standard,34,13936672.74861967,13344216.64,4.251058479351523,alta
35432388000184,MILIA INTERNATIONAL TRADE LTDA,RJ,G,standard,6,13912300.3397948,10688791.14,23.17020996573989,alta
16840804000139,FLC TRANSPORTES E COMERCIO DE EMBALAGENS DE PAPEL E PAPELAO ONDULADO LTDA,SP,H,labor_intensive_midcap,59,13907136.403533552,12672283.73,8.87927347300482,alta
43788511000122,MD DISTRIBUIDORA DE FRUTAS LEGUMES CEREAIS E HORTALICAS LTDA,RJ,G,standard,9,13894322.871313367,16033186.709999999,15.393796865787493,baixa
53255948000154,NOVA VIA AUTOPECAS CAMPOS  LTDA,RJ,G,standard,15,13893524.97164413,10735222.8,22.732187678001363,alta
00625094000194,REIBRAG FERRAMENTARIA E PECAS DE PRECISAO LTDA EPP,SP,C,family_mature_sweet_spot,34,13888311.01236572,15288185.0,10.079512090331766,alta
58637752000148,PLASTITECO INDUSTRIA E COMERCIO DE PLASTICOS LTDA.,SP,C,standard,39,13882731.898271188,14934640.11,7.5770980772149406,alta
49534969000131,LOYAL CONFECCAO ESPORTIVA E PROMOCIONAL LTDA,SP,C,labor_intensive_midcap,65,13879822.78470435,12709639.15,8.4308254713014,alta
14752436000141,REDMAX CALCADOS LTDA,SP,C,labor_intensive_midcap,58,13873692.74529029,10712236.92,22.787414160973917,alta
34921169000104,INCOMES - INTERMEDIACOES COMERCIAIS E SERVICOS LTDA,SP,G,standard,6,13868324.650740162,10688791.14,22.92658695850812,baixa
18177026000175,JM REPRESENTACAO COMERCIAL LTDA,SP,G,standard,7,13862693.673569832,12470256.33,10.044493345651924,baixa
30244225000154,CONFECCOES EDIALDEIA LTDA,RJ,G,standard,30,13859646.414035523,11412232.8,17.658557375295313,alta
00371045000172,METALVAC METALIZACAO E ALTO VACUO LTDA LTDA,SP,C,standard,22,13852699.373035943,16506237.66,19.155387809318427,baixa
23872902000113,MAX EQUIPAMENTOS DE PROTECAO AO TRABALHO LTDA,SP,G,standard,7,13849085.374626132,12470256.33,9.956101845919585,baixa
13225724000185,FORTVALL PLASTICOS LTDA,SP,G,standard,7,13843773.708723135,12470256.33,9.92155323846174,alta
42621725000147,CATANDUVA SANTOS FRUTOS DO BRASIL IMPORTACAO E EXPORTACAO LTDA,SP,G,standard,8,13837520.069662666,14251721.52,2.99332140623541,baixa
10893339000118,ALPLAST COMERCIO DE PRODUTOS RECICLAVEIS LTDA,SP,G,standard,7,13836288.676030742,12470256.33,9.872823399508746,baixa
46364741000152,MIC INDUSTRIA E COMERCIO DE AVIAMENTOS E MALHAS LTDA,SP,C,standard,31,13829564.731675087,14804257.700000001,7.04789331577796,alta
02895297000126,GISALTO COM. AUTO PECAS P'/CAMINHOES E AUTOMOVEIS LTDA,RJ,G,standard,17,13828462.326886704,12166585.84,12.017796683406475,alta
49366600000167,PROPAGANDA RMJ LTDA,RJ,M,standard,47,13824532.396645904,11023591.97,20.26065219627584,alta
04007859000183,WS DA SILVA PLASTICOS LTDA,SP,C,standard,28,13807469.828080533,14414799.280000001,4.398557154072717,alta
56023879000141,NANE DISTRIBUIDORA LTDA,RJ,G,recent_startup,8,13803904.440994963,14251721.52,3.244133432821407,baixa
49236911000101,TRANS LINHARES FRETES E MUDANCAS LTDA,SP,H,labor_intensive_midcap,50,13802840.448462112,10739223.5,22.195554312905607,alta
02144010000126,COMERCIAL DE CARNE DUSSO LTDA.,SP,G,standard,7,13802573.590656111,12470256.33,9.652672756318763,alta
09558132000108,SUL FORTE SERVICOS LTDA,RJ,N,labor_intensive_midcap,80,13799561.798323236,11098424.8,19.57407805986598,alta
74472663000145,IMPERCAP INDUSTRIA E COMERCIO DE SAUNAS LTDA,SP,C,family_mature_sweet_spot,26,13799478.944275131,16987546.68,23.10281242211304,alta
12318285000192,LS RENOVADORA DE PNEUS LTDA,SP,C,family_mature_sweet_spot,34,13789848.163822321,12409806.2,10.007666128209179,alta
01562471000156,LUCAS E JUNIOR TRANSPORTADORA LTDA,RJ,H,labor_intensive_midcap,52,13787971.168751698,11168792.44,18.99611405257114,alta
04785664000164,FLUID FEEDER INDUSTRIA E COMERCIO LTDA.,SP,C,family_mature_sweet_spot,28,13775327.42208359,14085975.68,2.255106164797224,alta
44211331000146,RIO HEAVY LTDA,RJ,G,standard,8,13767951.438054495,14251721.52,3.5137404727356083,baixa
56722663000174,METALFUNDI IND E COMERCIO DE METAIS LTDA,SP,C,family_mature_sweet_spot,41,13764990.984091941,15936751.25,15.777418731461138,alta
42078749000100,ATACADAO CASA E BAR DE UNAMAR LTDA,RJ,G,standard,31,13750958.075415855,11792640.56,14.241316893525847,alta
07237314000151,TECHRUBBER INDUSTRIA E COMERCIO DE VALVULAS LTDA,SP,C,family_mature_sweet_spot,29,13739399.874294084,12440563.26,9.45337224462154,alta
30072131000145,VINBUS TRANSPORTES LTDA,SP,H,standard,48,13739245.337041598,10309654.56,24.96200259118507,alta
08675576000160,LIDER COMERCIO DE ARTIGOS DE ARMARINHOS LTDA,SP,G,standard,7,13728866.267673403,12470256.33,9.167617435658046,alta
04699801000148,NOVA MODA ARTEFATOS DE COURO LTDA,SP,G,standard,7,13728866.267673403,12470256.33,9.167617435658046,alta
41913600000128,FARMAUSA LIFE SCIENCE LTDA,SP,C,standard,13,13727091.117289623,11059856.21,19.43044512853981,alta
18334485000115,"PATRON COMERCIO, IMPORTACAO E EXPORTACAO LTDA",SP,G,standard,6,13718400.953218438,10688791.14,22.084278069651177,alta
19496085000179,FERRUCCI INDUSTRIA E COMERCIO DE CALCADOS LTDA,SP,C,labor_intensive_midcap,82,13717060.025453608,11381806.639999999,17.02444533391466,alta
01789077000155,HYSTEC HIDRAULICA E PNEUMATICA LTDA,RJ,G,standard,7,13713855.964865787,12470256.33,9.068198164337055,baixa
48558738000103,FABRICA DE COLCHOES SAO JORGE LTDA,SP,C,family_mature_sweet_spot,48,13710205.11890926,15212935.68,10.96067161692685,alta
13014242000186,MACFAB FABRICACOES E SERVICOS INDUSTRIAIS LTDA,SP,C,standard,32,13704773.607798342,11771536.32,14.10630589839356,alta
01620550000176,TROPFRUT COMERCIAL LTDA,SP,G,standard,7,13702881.868776739,12470256.33,8.995374480935926,baixa
15149356000169,OMS BRASIL MAQUINAS E EQUIPAMENTOS LTDA,SP,C,standard,27,13697122.109661667,13582905.12,0.8338758225795563,alta
01202667000130,M&G AUTOMACAO IMPORTACAO E EXPORTACAO LTDA,SP,C,family_mature_sweet_spot,40,13686936.805349573,13234736.799999999,3.3038802748970912,alta
27935986000148,NEW DISTRIBUIDORA COMERCIO DE BEBIDAS E EMBALAGENS LTDA,SP,G,standard,6,13685827.881957894,10688791.14,21.89883409178998,baixa
70914619000197,PLAZA INDUSTRIA E COMERCIO LTDA,SP,C,family_mature_sweet_spot,21,13673887.357496012,15039729.18,9.988687099687379,alta
68243096000152,SUPERSOFT SISTEMAS LTDA.,SP,J,family_mature_sweet_spot,30,13669903.111837642,12708639.3,7.031972384685169,alta
14281389000103,H & D BRASIL LTDA,SP,G,standard,6,13663404.208533674,10688791.14,21.77065849135779,baixa
49997645000130,COMERCIO DE FRUTAS STM LTDA,SP,G,standard,7,13645078.709812002,12470256.33,8.609861509755913,alta
49997645000130,COMERCIO DE FRUTAS STM LTDA,SP,G,standard,7,13645078.709812002,12470256.33,8.609861509755913,alta
23809316000124,K & L AUTOMOTIVO LTDA,SP,G,standard,16,13632923.312376171,11450904.32,16.00551064785424,alta
17627719000150,ARTE FORME LTDA,SP,G,standard,6,13628317.910619617,10688791.14,21.56925594118291,alta
05673610000170,NOVO HORIZONTE PRODUTOS INDUSTRIAIS E VESTUARIO LTDA,SP,G,standard,6,13628317.910619617,10688791.14,21.56925594118291,alta
69028371000188,DI GRECCO INDUSTRIA TEXTIL LTDA,SP,C,standard,35,13610099.139357008,12089427.0,11.173115814855485,alta
04049410000188,OPTIFLEX METALIZACAO DE FILMES FINOS LTDA,SP,C,standard,35,13598284.508314788,13736693.600000001,1.017842299156057,alta
15486670000137,LYSKA INDUSTRIA E COMERCIO DE COSMETICOS LTDA,SP,C,standard,15,13595306.247255001,16913244.3,24.405026208327723,alta
08682143000132,AMOS INDUSTRIA DE COSMETICOS E PRODUTOS DE HIGIENE PESSOAL LIMITADA,SP,C,standard,15,13595306.247255001,16913244.3,24.405026208327723,alta
66943051000165,PRODUTOS ALIMENTICIOS KAT RIBEIRO LTDA,SP,G,standard,7,13585655.829014678,12470256.33,8.21012627621948,baixa
13790110000146,LAMITEK COMERCIO E INDUSTRIA LTDA,SP,C,standard,20,13585341.572195826,15005670.600000001,10.454864312805089,alta
06981319000121,AMERICAN INSTRUMENTS LTDA,SP,C,standard,34,13573742.26426509,13344216.64,1.6909531638106183,alta
61416996000105,INOXIL INDUSTRIA E COMERCIO LTDA,SP,C,family_mature_sweet_spot,40,13573674.711539041,14714420.4,8.404103624873272,alta
03561699000157,CASA FERNANDO ILHA PNEUS LTDA,RJ,G,standard,15,13561899.333150258,10735222.8,20.84277772391971,alta
26253624000104,CMX SERVICO DE TRANSPORTE E LOGISTICA LTDA,RJ,H,standard,63,13552934.221329005,13531421.61,0.15873028657624885,alta
59125948000116,TRANS BUS TRANSPORTES COLETIVOS LTDA,SP,H,family_mature_sweet_spot,51,13548057.04527698,10954007.97,19.147019137930908,alta
00133431000126,SILVESTRE INDUSTRIA GRAFICA LTDA,SP,C,labor_intensive_midcap,51,13542226.383483939,11922819.78,11.958200650514625,alta
48926567000110,ATACADISTA DOIS IRMAOS COMERCIO LTDA,RJ,G,standard,7,13541237.539730664,12470256.33,7.909034950375489,alta
02796887000100,FLASH-RIO PRODUTOS PARA PANIFICACAO LTDA,RJ,G,standard,7,13541237.539730664,12470256.33,7.909034950375489,alta
29941762000174,MEZZALUNA COMESTIVEIS LTDA,RJ,G,standard,7,13541237.539730664,12470256.33,7.909034950375489,alta
19831630000136,M. V. FLORIANO & CIA LTDA.,SP,H,labor_intensive_midcap,61,13537455.673585715,13101852.67,3.2177612550611223,alta
04135754000100,FORMATO INDUSTRIA E COMERCIO DE MOVEIS PLANEJADOS LTDA,SP,C,labor_intensive_midcap,57,13527116.610137494,14232706.200000001,5.21611227431664,alta
08179628000108,TRANSMANO SERVICOS DE TRANSPORTES E LOCACOES LTDA,SP,H,family_mature_sweet_spot,49,13526783.639492871,10524439.03,22.19555431290562,alta
60072402000123,KITSTAR INDUSTRIA E COMERCIO DE BRINQUEDOS LTDA,SP,C,family_mature_sweet_spot,38,13526764.413700135,14551700.62,7.577098077214911,alta
96373709000101,GRAFICA MULTIPRESS LTDA,SP,C,standard,33,13515406.813452004,12948296.790000001,4.196026292657006,alta
21238607000184,GRAFICA & EDITORA VALE DO FLAMBOYANT LTDA,SP,C,family_mature_sweet_spot,41,13499634.179122722,16010285.57,18.597921673759267,baixa
12659810000133,SIMAC COMPONENTES PARA ESQUADRIAS DE ALUMINIO LTDA,SP,C,standard,17,13498646.206743812,11207204.95,16.97534124273164,alta
66156852000180,"BIG CROMO INDUSTRIA E COMERCIO, IMPORTACAO E EXPORTACAO LTDA",SP,C,standard,10,13496530.238309287,16487416.5,22.160408704166194,alta
46181989000188,AMS QUIMICA LTDA,SP,C,standard,10,13496530.238309287,16487416.5,22.160408704166194,alta
25190913000149,TALARICO OPTICAL LTDA.,SP,G,standard,7,13489370.63188581,12470256.33,7.554943293476235,baixa
43560558000134,FN UNIMETA SOLUCOES INDUSTRIAIS LTDA,SP,G,standard,6,13448571.443549065,10688791.14,20.5209922491274,baixa
10315804000133,CONNER INDUSTRIA E COMERCIO DE COMPONENTES ELETRONICOS LTDA,SP,C,standard,11,13411385.627476849,11924482.57,11.086871250876014,alta
64898679000160,"ICDER-FIBER INDUSTRIA, COMERCIO E TECELAGEM LTDA",SP,C,family_mature_sweet_spot,40,13405583.635035673,11770351.200000001,12.198144292367623,alta
29521206000149,DISCAU DISTRIBUIDORA DE COSMETICOS CAUCAIA LTDA,SP,G,standard,7,13404793.371197248,12470256.33,6.97166316047272,alta
28150710000117,TRANSPORTADORA CARGOBLUE LTDA,SP,H,standard,49,13395570.640087716,10524439.03,21.433440106653915,alta
33408972000179,COMERCIO DE PAPEIS E APARAS IPIRANGA LTDA,RJ,G,standard,7,13385379.534295397,12470256.33,6.836737067863565,alta
28421606000110,CARLINHOS AUTO PECAS LTDA.,RJ,G,standard,16,13385156.744616259,11450904.32,14.450726737990935,alta
63089775000103,BUDI INDUSTRIA E COMERCIO DE MALHAS LTDA,SP,C,family_mature_sweet_spot,30,13383449.74033073,14326701.0,7.047893315777946,alta
43101565000178,CONCRETEIRA TERRA LTDA,SP,C,standard,31,13361062.389148625,16004044.5,19.781227224849353,baixa
03899610000167,ROTTO BRASIL INDUSTRIA E COMERCIO DE PLASTICOS LTDA,SP,C,standard,34,13357072.216337293,13019942.66,2.5239779412508048,alta
21944659000176,M.S.A. LTDA,SP,C,labor_intensive_midcap,84,13343346.361216238,11166204.84,16.316308235423733,alta
07260824000140,EQPRO INDUSTRIA E COMERCIO LTDA,SP,C,family_mature_sweet_spot,49,13340280.573191479,14219780.399999999,6.592813561777369,alta
58952300000150,DIFERRACO-DISTRIBUIDORA DE FERRO E ACO LTDA,SP,G,standard,6,13334732.939948406,10688791.14,19.842480624577423,alta
02221444000182,KRAFT WERN LTDA,RJ,G,standard,15,13321045.516370172,10735222.8,19.411559799810497,baixa
45704414000130,UNIVERSAL CINERGIA DUBBING RIO DE JANEIRO LTDA,RJ,J,partnership_heavy_services,35,13320537.05105446,16101928.15,20.880472673775287,alta
04999784000164,R. S. PNEUS ITAPERUNA LTDA,RJ,G,family_mature_sweet_spot,22,13318545.518882314,15744993.440000001,18.218565365697035,baixa
06964939000152,TEXFILO INDUSTRIA E COMERCIO DE FIOS TEXTEIS LTDA,SP,C,standard,40,13314640.523284717,11770351.200000001,11.598430468956739,alta
26576087000133,PRIMOS COMERCIO DE MATERIAIS RECICLAVEIS LTDA,RJ,G,standard,7,13304091.013331885,12470256.33,6.267505855877774,alta
23630526000150,J. V. CLARINDO & CIA LTDA.,SP,C,standard,33,13294644.823428512,15249645.180000002,14.705171763041665,alta
07504504000198,O.S.P. VALE MATERIAIS DE CONSTRUCOES LTDA,SP,G,standard,7,13279427.478892965,12470256.33,6.093418938272039,alta
62315429000125,ROQUE FUNDICAO E METALURGICA LTDA,SP,C,family_mature_sweet_spot,42,13271425.542090978,16325452.5,23.0120490690546,alta
32285106000175,EMBRACONT LOGISTICA LTDA,SP,H,standard,49,13267880.513114154,10524439.03,20.67731526827137,alta
50093889000177,ALTHEMAN PRO SUCATAS COMERCIO E SERVICOS DE TRANSPORTES LTDA,SP,G,standard,7,13262786.582364742,12470256.33,5.9755937972986235,baixa
66092883000115,ROSSI COMERCIO DE FRUTAS LTDA,SP,G,standard,6,13256115.535971532,10688791.14,19.36709429700496,alta
06028079000145,MACEDO DISTRIBUIDORA DE HORTIFRUTI LTDA,SP,G,standard,6,13256115.535971532,10688791.14,19.36709429700496,alta
47681838000151,PYTHON ENGENHARIA E EQUIPAMENTOS INDUSTRIAIS LIMITADA,SP,C,family_mature_sweet_spot,56,13254721.42952368,14440003.200000001,8.942336334856604,alta
30000542000125,LUJO LOGISTICA INTEGRADA PARA EVENTOS LTDA,SP,H,standard,48,13250726.830523629,10309654.56,22.19555431290561,alta
05676830000157,COMERCIO DE RECICLAVEIS F.M. LTDA,SP,G,standard,7,13244539.317760188,12470256.33,5.8460545073237675,alta
31047985000134,OLIPLAS INDUSTRIA E COMERCIO DE PLASTICOS LTDA,SP,C,standard,37,13222892.168101469,14168761.129999999,7.153268361216145,alta
22027628000113,ALEXIA MATERIAIS PARA JARDINS LTDA,RJ,G,standard,8,13210723.719380606,14251721.52,7.879945283332301,alta
27350851000110,ESQUINA DA CARNE COSTA AZUL LTDA,RJ,G,standard,27,13209736.333795428,10271009.52,22.246672753619393,alta
09559087000106,ALBANQ SERVICOS E LOCACAO DE EQUIPAMENTOS LTDA,RJ,H,labor_intensive_midcap,76,13205448.798426412,16323619.72,23.612759923351913,alta
27884336000110,CY EXPORT LTDA,SP,G,standard,6,13194400.788861504,10688791.14,18.989946485305325,alta
04422908000144,ANDRAMIX CONCRETO LTDA,SP,C,standard,31,13193813.575252594,16004044.5,21.299610675252428,alta
01820004000189,"ETIQ PLAST INDUSTRIA E COMERCIO, IMPORTACAO E EXPORTACAO LTDA",SP,C,standard,36,13187848.234654378,13785821.64,4.534275756785686,alta
03205332000109,APEK INDUSTRIA E COMERCIO DE PRODUTOS ELETRNICOS LTDA,SP,C,standard,5,13187161.04182299,11957336.850000001,9.325920779480965,alta
11423831000192,LS CONTROL AUTOMACAO E SOLDA EM TERMO PLASTICO LTDA,SP,C,family_mature_sweet_spot,35,13178350.792583488,16290719.9,23.61728835726616,alta
71969331000182,MAUMAR METALURGICA LTDA,SP,C,standard,22,13139610.378246373,14168704.22,7.831996627977428,alta
11664140000180,PRONUS CONSULTORIA E ASSESSORIA EM ENGENHARIA LTDA,SP,M,labor_intensive_midcap,50,13127251.490334243,11727225.5,10.665035185507788,alta
10876238000139,NOVA HIDRAULICA INDUSTRIA E COMERCIO DE PECAS E SERVICOS PARA MAQUINAS AGRICOLAS LTDA,SP,G,standard,6,13121934.691250522,10688791.14,18.5425671480662,alta
03736010000188,PLASNOVA LOUVEIRA INDUSTRIA E COMERCIO LTDA,SP,C,family_mature_sweet_spot,35,13111655.413930098,13402882.15,2.2211286590135475,alta
32021995000163,L C AMARAL COMERCIO DE MAQUINAS AGRICOLAS LTDA,RJ,G,standard,9,13101986.900389958,16033186.709999999,22.372177837567513,baixa
47917803000179,ANFORA PRODUTOS DE BELEZA LTDA,SP,G,standard,8,13100718.888426157,14251721.52,8.785797492309351,baixa
18929434000136,COBER-ACO ESTRUTURAS DE ACO LTDA,SP,C,standard,36,13095664.10587064,15159687.48,15.761120302437215,alta
62730601000107,TINTURARIA INDUSTRIAL CAVE LTDA,SP,C,labor_intensive_midcap,58,13092972.426497066,11404331.78,12.897305451279035,alta
07660668000104,SOFRIOS COMERCIO DE FRIOS E ALIMENTOS LTDA,SP,G,standard,7,13075345.805824058,12470256.33,4.627712986027011,baixa
43765577000105,T U A TRANSPORTES URBANOS ARACATUBA LTDA,SP,H,labor_intensive_midcap,72,13069468.570939884,15464481.84,18.32525367087577,alta
44357192000163,CATI ROSE TRANSPORTE DE PASSAGEIROS LTDA,SP,H,family_mature_sweet_spot,48,13058932.051545665,10309654.56,21.052850881632835,alta
05672473000159,DO SITIO HIRAMA COMERCIO DE VERDURAS LTDA,SP,G,standard,6,13055084.512073265,10688791.14,18.125454261785364,alta
43179225000160,TRANSMAI EQUIPAMENTOS MEDICOS HOSPITALARES LTDA,SP,C,family_mature_sweet_spot,32,13051490.683712026,14908660.16,14.22955830329543,alta
32176007000155,FAVE COMERCIO E DISTRIBUIDORA LTDA,SP,G,standard,6,13044305.871323908,10688791.14,18.057800503606547,alta
67316232000124,PAES E LANCHES CENTER PAO LTDA,SP,C,labor_intensive_midcap,52,13032458.907098485,13077363.0,0.34455579888348314,alta
49601255000107,TEXTIL JAVANEZA LTDA,SP,C,labor_intensive_midcap,50,13021598.89952009,9831320.5,24.49989762499648,alta
44221729000163,CLEMPLAST INDUSTRIA E COMERCIO DE PLASTICOS LTDA,SP,C,family_mature_sweet_spot,35,13016384.270463273,13402882.15,2.9693182953561603,alta
10793877000130,REAL PLAST PROCESSOS INDUSTRIAIS LTDA,SP,C,family_mature_sweet_spot,30,13005142.584537826,11488184.7,11.664292603307405,alta
02720972000186,CAPACETE ACESSORIOS PARA MOTOCICLISTAS LTDA,SP,G,standard,14,13001878.754601099,10019541.280000001,22.93774254390512,alta
30174554000176,ARROZAL COMERCIO DE ALIMENTOS LTDA,RJ,G,standard,29,12997449.261887591,11031825.040000001,15.123153645626367,baixa
22582835000130,DISTRIBUIDORA MR DE ARARUAMA LTDA,RJ,G,standard,9,12989044.079809187,16033186.709999999,23.436232962845803,baixa
11890012000155,FITFILM COMERCIO E REPRESENTACAO LTDA,RJ,G,standard,9,12980961.153527357,16033186.709999999,23.513093679070536,alta
23493779000120,JM MOREIRA INDUSTRIA DE ROUPAS E ARTIGOS DO VESTUARIO LTDA,RJ,C,labor_intensive_midcap,64,12976357.520072116,12514106.24,3.562257585436398,alta
54848841000182,RENOVADORA DE PNEUS ROSIM LTDA,SP,C,family_mature_sweet_spot,40,12970607.582869861,14599772.0,12.560432552764592,alta
44911693000140,VI BELEZA DISTRIBUIDORA LTDA,RJ,G,standard,7,12969594.082459396,12470256.33,3.8500646148573017,baixa
49745699000108,BAG FACIL COMERCIO E RECICLAGEM LTDA,SP,G,standard,9,12966968.500359671,16033186.709999999,23.64637663425556,baixa
10975214000137,SKILL COMERCIO E PRESTACOES DE SERVICOS LOGISTICOS LTDA,SP,H,family_mature_sweet_spot,46,12965430.139220865,9880085.62,23.796700040730578,alta
14556169000137,MORIA TRANSPORTES LTDA,SP,H,labor_intensive_midcap,53,12958847.1663396,11383576.91,12.155944399370183,alta
46779575000155,AUTO COMERCIAL CIGARRAS LTDA,SP,H,labor_intensive_midcap,63,12956136.930084284,13531421.61,4.440248532569133,alta
65947236000185,WGM SISTEMAS IMPORTACAO E EXPORTACAO LTDA,SP,C,family_mature_sweet_spot,23,12947730.09852572,10829411.54,16.360539974237806,baixa
39367121000101,YOG SORVETES INDUSTRIA E COMERCIO LTDA,SP,C,standard,43,12914273.602071896,15879977.4,22.96454209745334,baixa
31438302000170,JORI ARTEFATOS DE PAPEL LTDA,RJ,G,standard,7,12892333.422733063,12470256.33,3.2738611304359684,alta
52411206000108,SERVICOS DE ALINHAMENTO OSASCO LTDA,SP,G,standard,14,12879917.813976506,10019541.280000001,22.208034051836865,alta
37804602000101,TOP 10 ITAPERUNA LOJA DE VARIEDADES LTDA,RJ,G,standard,26,12865256.440230792,9890601.76,23.121612025771867,alta
52618022000113,AGRO INDUSTRIA MATAO LTDA,SP,C,family_mature_sweet_spot,20,12843147.748936879,11782296.799999999,8.260054074552665,baixa
55584296000127,COLETTI DISTRIBUIDORA DE PRODUTOS ALIMENTICIOS LTDA,SP,G,standard,6,12841574.984009072,10688791.14,16.764172982596126,alta
47426839000150,CEREALISTA SANTA LAURA LTDA,SP,G,standard,6,12840581.6017171,10688791.14,16.757733632792394,baixa
53277408000171,RAPIDEMENT COMERCIO E DISTRIBUIDORA DE ELETRO ELETRONICOS LTDA,SP,G,standard,6,12827396.89985195,10688791.14,16.672172667212255,baixa
64579485000100,PLACAR INDUSTRIA E COMERCIO DE PLASTICOS LTDA,SP,C,family_mature_sweet_spot,40,12821407.84333032,15317579.6,19.468780551803327,alta
29450624000192,BAR E MERCEARIA MUQUECA LTDA,RJ,G,family_mature_sweet_spot,26,12813331.254155848,9890601.76,22.81006739139673,alta
12349931000189,"GRILD-PLASTIC INDUSTRIA, COMERCIO E IMPORTACAO LTDA",SP,C,standard,30,12801213.751773728,15444427.8,20.64815180404304,alta
28067056000182,TRANSPORTES E TURISMO ROSANA LTDA,RJ,H,labor_intensive_midcap,58,12781439.844030308,12457499.26,2.534460811796625,alta
35158324000137,MGA SERVICOS AUTOMOTIVOS LTDA,SP,G,standard,15,12780865.605352659,10735222.8,16.005510647854223,alta
41551240000161,AMIGAO ATACADO & TRANSPORTE DE ALIMENTOS LTDA,SP,G,standard,6,12771385.44973009,10688791.14,16.306721913041187,alta
24784759000170,CENTRAL CORSI CONFECCOES LTDA,SP,C,labor_intensive_midcap,90,12762537.152495772,11171424.6,12.467055206061616,alta
11254095000196,PADARIA E CONFEITARIA BOM GOSTO DO MEIER LTDA,RJ,C,labor_intensive_midcap,58,12749570.002647603,14586289.5,14.40612896725913,alta
06213287000114,CTINET SOLUCOES EM CONECTIVIDADE E INFORMATICA LTDA,SP,J,partnership_heavy_services,29,12739582.671550151,12285017.99,3.568128511503583,alta
24394960000141,TCS PRODUCTS LTDA,RJ,C,standard,37,12725482.386608869,15580789.91,22.43771541734084,alta
45249455000183,ARAUCAN INDUSTRIA E COMERCIO DE PLASTICOS LTDA,SP,C,family_mature_sweet_spot,30,12724520.271681348,15444427.8,21.375324729309103,alta
30264601000172,M.L.D. FERNANDES INDUSTRIA E COMERCIO DE EMBALAGENS FLEXIVEIS LTDA,SP,C,labor_intensive_midcap,61,12723608.43137214,12221295.1,3.9478842348967937,alta
13442415000167,FLORADA BRASIL ARMAZENS GERAIS LTDA,SP,G,standard,7,12711771.899727408,12470256.33,1.899936308112851,alta
36603564000166,P10 COMERCIO DE VIDROS E ALUMINIO LTDA,SP,G,standard,6,12700877.446711846,10688791.14,15.842104729801623,baixa
09002604000141,VIA 80 TRANSPORTES LTDA,SP,H,standard,46,12698613.212585144,9880085.62,22.195554312905617,alta
07715003000150,OPPEANO ACESSORIOS PLASTICOS PARA MOVEIS LTDA,SP,C,family_mature_sweet_spot,41,12697499.212938802,15700519.09,23.650482876195873,alta
13563683000137,CONFORFOOT INDUSTRIA E COMERCIO DE ARTEFATOS PARA CALCADOS LTDA,SP,C,labor_intensive_midcap,62,12693221.614545846,9884600.48,22.1269368788716,alta
05345637000133,EMPHORIUM RESINAS PLASTICAS E REPRESENTACAO LTDA,SP,G,standard,6,12693026.074822463,10688791.14,15.790048196607803,baixa
62756994000128,COMERCIO DE FRUTAS TAIRA LTDA,SP,G,standard,7,12689807.34234405,12470256.33,1.7301366870357389,alta
05466217000105,TEAC TRANSPORTES E TURISMO LTDA,SP,H,family_mature_sweet_spot,48,12681330.327649567,10309654.56,18.70210542878546,alta
08594076000102,PRISMEX INDUSTRIA E COMERCIO DE PLASTICOS LTDA,SP,C,standard,7,12676683.937331432,11541191.549999999,8.9573297949595,alta
44512443000137,DALUPACK COMERCIO DE EMBALAGENS LTDA,SP,G,standard,7,12676288.708448498,12470256.33,1.625336746323717,alta
25138524000174,MF POLIMEROS COMERCIAL LTDA,SP,G,standard,6,12676109.612690719,10688791.14,15.677668728117572,alta
08405330000179,NOVA BANDEIRANTES GNV INSTALADORA DE GAS NATURAL VEICULAR LTDA,RJ,G,standard,14,12657772.71094024,10019541.280000001,20.8427777239197,alta
43343417000160,COBRIREL INDUSTRIA E COMERCIO LIMITADA,SP,C,family_mature_sweet_spot,33,12656298.391814409,12637003.17,0.1524554906740211,alta
07028841000156,DE SA SERVICOS LTDA,RJ,N,labor_intensive_midcap,177,12652371.318653753,9925692.72,21.550731716462764,alta
43240944000149,INDUSTRIA TEXTIL IRMAOS JURGENSEN LTDA,SP,C,family_mature_sweet_spot,38,12648908.49712048,11181833.64,11.59843046895673,alta
60975562000182,RUBBERCITY ARTEFATOS DE BORRACHA LTDA,SP,C,family_mature_sweet_spot,32,12648820.263357317,13662602.24,8.014834233826008,alta
64517220000170,STAMPJET-INDUSTRIA E COMERCIO LTDA,SP,C,standard,18,12644298.325126704,11866452.299999999,6.1517531865012405,alta
50516660000106,DF TRANSPORTES E SERVICOS LOGISTICOS LTDA,SP,H,labor_intensive_midcap,55,12634418.096182121,11813145.85,6.500277574558769,alta
28860280000127,VALOCHI SOUSA PAES CONGELADOS LTDA,SP,C,standard,44,12630947.66981324,11065461.0,12.39405554307381,alta
03208282000105,DUMPER COLETA E COMERCIO DE SUCATAS LTDA,SP,G,standard,6,12629565.042123457,10688791.14,15.366910068956319,alta
43557290000181,CR SUCATAS E TRANSPORTES LTDA,SP,G,standard,6,12629565.042123457,10688791.14,15.366910068956319,alta
61707402000115,CABREIRA COMERCIO DE CHAPAS DE FERRO LTDA.,SP,G,standard,6,12629565.042123457,10688791.14,15.366910068956319,alta
04854831000181,VO NICA INDUSTRIA E COMERCIO DE CONSERVAS DE FRUTAS LTDA,SP,C,family_mature_sweet_spot,31,12629559.878373723,12287453.26,2.7087770410711722,baixa
36090699000175,ARPA INDUSTRIA E COMERCIO DE ESQUADRIAS DE ALUMINIO,SP,C,labor_intensive_midcap,53,12610031.745710446,10902023.149999999,13.544839776406276,alta
09194510000111,SILVA & RODRIGUES ESTRUTURAS EM MOVEIS LTDA,SP,C,family_mature_sweet_spot,40,12608239.37715173,13307625.600000001,5.547056983353905,alta
12866344000167,DEMANDANET DESENVOLVIMENTO DE SOFTWARES LTDA,SP,J,family_mature_sweet_spot,28,12607914.503582548,11861396.68,5.9210254270872875,alta
46128999000150,B&NF NEGOCIOS DO BRASIL LTDA,SP,J,standard,28,12607914.503582548,11861396.68,5.9210254270872875,alta
72792203000179,MODELACAO UNIVERSAL LTDA.,SP,C,family_mature_sweet_spot,34,12603111.487392722,15288185.0,21.30484615083537,alta
62529433000196,FUNDICAO SABAINE INDUSTRIA E COMERCIO LTDA,SP,C,family_mature_sweet_spot,33,12602927.093260689,12827141.25,1.7790641418469204,alta
13764679000137,NACIONAL TAMPOS INDUSTRIAIS LTDA,SP,C,family_mature_sweet_spot,20,12592514.10988855,13184947.0,4.704643448810822,alta
45628997000167,KELT ESPORTES E LAZER LTDA,SP,C,family_mature_sweet_spot,26,12586803.341505442,12836898.36,1.986962151620024,baixa
48165518000101,BEGEL INDUSTRIA E COMERCIO DE REFRIGERACAO LTDA,SP,C,family_mature_sweet_spot,28,12585214.338225879,14934429.16,18.666466526825058,alta
54475611000115,PRODISMAQ PROJETOS DISPOSITIVOS E MAQUINAS LTDA,SP,C,family_mature_sweet_spot,22,12582479.711110326,14374077.96,14.238832805807702,alta
06337326000195,CPGAS COMPONENTES PARA GAS LTDA,SP,C,family_mature_sweet_spot,22,12582479.711110326,14374077.96,14.238832805807702,alta
00983048000167,SH HIDRAULICA INDUSTRIA E COMERCIO IMPORTACAO E EXPORTACAO LTDA,SP,C,standard,16,12582160.897368273,11783447.68,6.347981271923923,alta
02647191000103,PROJ LAB LABORATORIO INDUSTRIA E COMERCIO LTDA,SP,C,family_mature_sweet_spot,42,12579591.210799033,10487257.200000001,16.632766325529353,alta
07727434000137,3MARC TRANSPORTES LTDA.,RJ,H,family_mature_sweet_spot,61,12579578.256885463,13101852.67,4.151764092954932,alta
16433891000100,AIRSPEED AVIATION SERVICOS AERONAUTICOS LTDA,RJ,C,standard,12,12571188.920404617,12068953.2,3.995133026673602,alta
31129919000103,PADARIA E CONFEITARIA SUL AMERICA LTDA,RJ,G,family_mature_sweet_spot,26,12554993.263870081,9890601.76,21.22176768933432,alta
13244709000184,MAGMA PLASTICOS E COSMETICOS LTDA,SP,G,standard,6,12550682.276552767,10688791.14,14.834979449931247,alta
29028115000176,DEFUS ESTAMPARIA INDUSTRIA E COMERCIO LTDA,RJ,C,labor_intensive_midcap,60,12533841.228516504,11731974.6,6.39761278204266,alta
03880065000167,JOSE SILVERIO DE SOUZA PANIFICADORA LTDA,SP,C,labor_intensive_midcap,50,12531210.4875947,12574387.5,0.3445557988834654,alta
36517483000143,CARGOTECNICAS INDUSTRIA DE EMBALAGENS LTDA,SP,C,labor_intensive_midcap,60,12517781.478026904,12020946.0,3.9690377955472753,alta
01036332000199,SOE GRAFICA EDITORA COMERCIO E SERVICOS LTDA,SP,C,standard,33,12515471.122279653,12886327.41,2.9631828006870626,alta
17757745000100,GW METAL INDUSTRIA E COMERCIO LTDA.,SP,C,standard,38,12513607.866246674,15066392.760000002,20.400071034981284,alta
08508151000167,TENDAS E COMPANHIA RJ LTDA,RJ,C,standard,36,12509890.87576384,15159687.48,21.181612458105217,alta
11501312000103,PROMARKING TECNOLOGIA E AUTOMACAO INDUSTRIAL LTDA,SP,C,standard,30,12502869.045551926,15092116.8,20.70922877792787,alta
56816572000106,VARGAS PEREZ & CIA LTDA,SP,C,standard,8,12495237.156327177,11781818.8,5.709522335603887,alta
30244225000154,CONFECCOES EDIALDEIA LTDA,RJ,G,standard,27,12473681.772631971,10271009.52,17.658557375295324,alta
30244225000154,CONFECCOES EDIALDEIA LTDA,RJ,G,standard,27,12473681.772631971,10271009.52,17.658557375295324,alta
68603877000100,OVOS GEMA DOURADA LTDA,RJ,G,standard,7,12462690.870094545,12470256.33,0.060704866904858844,alta
45477759000106,COM E EXTRACAO DE AREIA EPEDREGULHO S SEBASTIAO LTDA,SP,B,family_mature_sweet_spot,30,12461069.207827866,14518080.600000001,16.50750315133432,baixa
58448358000161,PAULIFER COMERCIO DE SUCATAS LTDA,SP,G,standard,7,12456104.767928446,12470256.33,0.11361145667296668,alta
11252440000152,HOMEPLAS INDUSTRIA E COMERCIO DE PLASTICOS LTDA,SP,C,standard,40,12442028.894137213,15317579.6,23.11159000135235,alta
49822844000107,FRELANZZA COMERCIAL LTDA,SP,C,family_mature_sweet_spot,54,12426837.212116301,14356056.600000001,15.524621067721805,alta
23229212000140,RNLOG TRANSPORTES E LOGISTICA LTDA,SP,H,family_mature_sweet_spot,45,12422556.403615901,9665301.15,22.195554312905607,alta
08181999000124,BEST SYSTEM INDUSTRIA GRAFICA LTDA,SP,C,standard,37,12413718.890827565,12242131.54,1.3822397005811888,alta
00724925000185,ARARA SHOPPING LTDA,RJ,G,family_mature_sweet_spot,25,12404387.372414155,9510194.0,23.332013790946966,alta
64148141000139,TRANSPORTADORA NOVA JAPI LTDA,SP,H,family_mature_sweet_spot,44,12401715.785341697,9450516.68,23.79670004073057,alta
71673487000111,FERCAMTTI-COMERCIO DE AUTO PECAS LTDA,SP,G,standard,13,12387116.35203548,9303859.76,24.890834189418364,alta
26490579000101,R M BORTOLIN COMERCIO DE MERCADORIAS LTDA,SP,G,standard,6,12376876.556707215,10688791.14,13.63902604160995,alta
04423203000141,TECNOPRINT AUTOMACAO INDUSTRIAL LTDA,SP,C,family_mature_sweet_spot,31,12371623.957961293,15365166.74,24.196845880627706,alta
39149369000104,SORENI TRANSPORTES URBANOS LTDA,SP,H,standard,67,12365297.861324988,14390559.49,16.37859153404977,alta
52701966000150,MARIANO FILHO ALIMENTOS LTDA,SP,G,standard,25,12364724.469659597,9510194.0,23.08608231961826,baixa
58445586000188,SOLITON CONTROLES INDUSTRIAIS LTDA,SP,C,standard,18,12364141.135430166,10872345.419999998,12.065502157326083,alta
11940735000111,PLAST LOG INDUSTRIA E COMERCIO DE PLASTICOS LTDA,SP,C,family_mature_sweet_spot,25,12328098.06078619,12870356.5,4.398557154072715,alta
45428021000140,RC PLASTIC INDUSTRIA E COMERCIO DE EMBALAGENS LTDA,SP,C,standard,29,12306804.314470863,14929613.540000001,21.31186259657292,alta
03984791000120,H&L COMERCIO E ENGENHARIA LTDA,SP,C,family_mature_sweet_spot,32,12300869.446723038,13475277.76,9.547360195663444,alta
40359655000175,XNET INFORMATICA LTDA,RJ,J,partnership_heavy_services,24,12296757.907114418,10166911.44,17.32039032729248,alta
26407344000103,SUCESSO GELADO COMERCIO DE PRODUTOS ALIMENTICIOS LTDA,RJ,G,standard,7,12293640.443852581,12470256.33,1.4366443117810195,alta
28967057000183,SAO LUIZ HOTELARIA LTDA,RJ,I,labor_intensive_midcap,72,12279536.40984755,9951686.64,18.95714701396003,alta
00707203000112,NATURALLE PRODUTOS ALIMENTICIOS LTDA,SP,C,standard,13,12279253.78492302,13073524.88,6.4683987234812195,alta
33880863000150,MAJU MODAS LTDA,RJ,C,labor_intensive_midcap,64,12277568.987545162,12514106.24,1.9265805200914796,alta
10405500000167,PRETO DISTRIBUIDORA DE FRIOS LTDA,SP,G,standard,6,12274345.814561008,10688791.14,12.917630792836796,baixa
16570456000127,PRIME PROTECTION GROUP LTDA.,SP,C,standard,32,12272774.198123064,12254063.68,0.1524554906740294,alta
36058832000106,MOSELTAL PAES E MASSAS LTDA,RJ,C,family_mature_sweet_spot,46,12268648.743840616,11568436.5,5.70732978391082,alta
26661775000100,ACQRIO SERVICOS ESPECIALIZADOS LTDA,RJ,M,standard,41,12265970.093792137,9616324.91,21.60159501068027,alta
07964317000197,TOP MAX ATACADISTA LTDA,SP,G,standard,6,12263182.175117051,10688791.14,12.83835641218486,alta
48839251000190,TEMPERVALE INDUSTRIA E COMERCIO DE ALUMINIO LTDA,SP,C,labor_intensive_midcap,54,12239880.474503238,11107721.7,9.249753515662396,alta
46055703000118,TEB TECNOLOGIA ELETRONICA BRASILEIRA LTDA,SP,C,family_mature_sweet_spot,30,12235772.515980024,13976868.9,14.229558303295436,alta
21352415000102,REDANTEX COMERCIO DE EMBALAGENS LTDA,SP,G,standard,6,12235323.895446187,10688791.14,12.639900411805066,alta
49818990000169,SERPA INDUSTRIA METALURGICA LTDA,SP,C,family_mature_sweet_spot,33,12232431.737763524,14838532.5,21.304846150835367,alta
25367530000101,DISCAPEL RIO DAS OSTRAS LTDA,RJ,G,family_mature_sweet_spot,25,12231237.346106876,9510194.0,22.24667275361937,alta
35456634000138,AVALON QUIMICA LTDA,SP,C,standard,11,12229083.596546166,11777628.940000001,3.6916474810399342,baixa
11444101000178,IMPAK COMERCIO DE EMBALAGENS ESPECIAIS LTDA,SP,G,standard,7,12217771.436314253,12470256.33,2.066538034385707,baixa
03564702000196,PH TRANSPORTES LTDA,RJ,H,labor_intensive_midcap,56,12214773.391588658,12027930.32,1.5296482840796846,alta
60332749000168,"BOARD LINEA INDUSTRIA, COMERCIO, IMPORTACAO E EXPORTACAO LTDA",SP,C,family_mature_sweet_spot,48,12214541.368695248,11985436.8,1.8756706599105,alta
04249471000199,MARKA AUTO PECAS DE FRIBURGO LTDA,RJ,G,standard,13,12208857.01712781,9303859.76,23.794178710196938,alta
02403924000164,PIRACIL - INDUSTRIA E COMERCIO LTDA,SP,C,family_mature_sweet_spot,37,12201738.15897828,14168761.129999999,16.120842337321793,alta
07692921000101,ESCOLA DE ATORES WOLF MAYA LTDA.,SP,J,family_mature_sweet_spot,22,12201127.207730906,10121211.98,17.04691043966024,alta
54830062000150,ENGECER LTDA.,SP,C,family_mature_sweet_spot,48,12195950.880146448,10421392.8,14.55038723577688,alta
59321257000198,ROMUS ARTES GRAFICAS E EDITORA LTDA,SP,C,family_mature_sweet_spot,38,12194747.851493936,12572999.959999999,3.1017624399648795,alta
52031869000105,BMC ATACADISTA LTDA,RJ,G,standard,6,12193146.930022186,10688791.14,12.33771559266733,alta
09630272000140,"LOGIPLAN COMERCIO, IMPORTACAO E EXPORTACAO LTDA",RJ,G,standard,6,12193146.930022186,10688791.14,12.33771559266733,alta
05559595000133,AUGETEX TINTURARIA LTDA,SP,C,labor_intensive_midcap,54,12190008.810876578,10617826.14,12.897305451279017,alta
50951637000131,TINTURARIA FENIX LTDA,SP,C,labor_intensive_midcap,52,12186904.755343316,10224573.32,16.10196743749012,alta
08762491000110,VIP LINE COMERCIO DE MATERIAL MEDICO LTDA,SP,G,standard,6,12183499.961026324,10688791.14,12.26830406539773,baixa
38366408000154,MARKETING AGENCIA IDEIAS LTDA,SP,M,standard,45,12177788.90242873,10554502.950000001,13.329890716901666,alta
43811534000100,MIX ATACADO LTDA,RJ,G,standard,7,12169629.56204487,12470256.33,2.470303359871666,alta
43817196000114,INDUSTRIA MADEIREIRA BAGGIO LTDA,SP,C,family_mature_sweet_spot,49,12168765.34759039,14523518.660000002,19.350798911377563,alta
40310419000164,MILLA COMERCIAL LTDA,RJ,J,partnership_heavy_services,17,12168416.743080756,11902677.16,2.1838468281575025,baixa
40310419000164,MILLA COMERCIAL LTDA,RJ,J,partnership_heavy_services,17,12168416.743080756,11902677.16,2.1838468281575025,baixa
08359343000159,HARDY METALURGICA LTDA.,SP,C,family_mature_sweet_spot,23,12163673.458279151,13413297.549999999,10.273410380564732,baixa
38439310000180,RJ 5 FILME ESTRETCH EMBALAGENS LTDA,RJ,G,standard,7,12151581.26680044,12470256.33,2.622498720147782,alta
04753585000171,INEDITA TRANSPORTES LTDA,SP,H,family_mature_sweet_spot,44,12146499.59464666,9450516.68,22.195554312905625,alta
22151942000103,ZANIN MOTORS LTDA,SP,G,standard,15,12142494.05161369,10735222.8,11.589639209472526,alta
66873415000188,SCAT - INDUSTRIA E COMERCIO DE FIOS E CABOS LTDA,SP,C,standard,13,12139912.219754033,14525578.86,19.651432374972337,alta
02466666000165,CENTRIMAX EQUIPAMENTOS INDUSTRIAIS LTDA,SP,C,standard,26,12139189.395890398,13079834.56,7.748830118986764,alta
48687205000113,FERRAGENS CS LTDA,RJ,G,standard,6,12137564.587222487,10688791.14,11.936277964260192,alta
08990717000130,H.L.F. SOUZA BASTOS CONFECCAO E COMERCIO DE ROUPAS LTDA,RJ,C,labor_intensive_midcap,73,12129654.314026901,14273902.43,17.677734752040376,alta
74639964000110,MINERACAO SAMPEDRENSE LTDA,SP,C,standard,45,12124290.84349953,13398930.450000001,10.513106481472047,alta
30649649000107,H7 INDUSTRIA E COMERCIO DE FERRAMENTAS LTDA,SP,C,standard,28,12111213.972358814,12590270.0,3.9554748907461024,alta
21249311000169,COMERCIAL TAQUARUSSU LTDA,SP,G,standard,6,12106614.235927736,10688791.14,11.71114457186706,alta
51509016000165,EMPRESA JORNALISTICA JORNAL DA MANHA LTDA,SP,J,family_mature_sweet_spot,39,12103129.882672152,12621734.579999998,4.284880872594157,alta
04236740000182,E.M. GUIMARAES COMERCIO DE FRUTAS LTDA,RJ,G,standard,8,12102204.851557419,14251721.52,17.761364105202386,alta
04099785000152,PRODEMOL MOLDES LTDA,SP,C,standard,19,12093684.30399781,12413976.420000002,2.6484246483622185,alta
38870507000179,MAGISTER EQUIPAMENTOS INDUSTRIAIS LTDA,SP,C,family_mature_sweet_spot,41,12075700.88991123,10039785.209999999,16.85960672984339,alta
04844462000146,VISIONCOM - TECNOLOGIA DA INFORMACAO LTDA,SP,J,family_mature_sweet_spot,31,12046993.836966338,13132260.61,9.00861067682718,alta
46155800000182,VIA SANTONY CONFECCOES LTDA,SP,C,labor_intensive_midcap,53,12046329.832300153,10363244.23,13.971770869059627,alta
29789752000165,AM ARAUJO COMERCIO DE PECAS LTDA,RJ,G,standard,13,12041054.975424912,9303859.76,22.732187678001363,alta
08699009000144,PETROISA IRRIGACAO LTDA.,SP,C,family_mature_sweet_spot,32,12038074.65919884,12254063.68,1.794215660858304,alta
52891405000160,IMPLASTEC PLASTICOS TECNICOS E LUBRIFIC ESPECIAIS LTDA,SP,C,standard,35,12034810.668043004,13402882.15,11.367619480626693,alta
14692013000183,CALDEFI LTDA,SP,C,standard,32,12023001.23849047,11771536.32,2.091532001888422,baixa
08581478000164,HIRATA & MAGRO PRODUTOS ALIMENTICIOS LTDA,SP,C,family_mature_sweet_spot,33,12019323.315140894,14494193.01,20.590757316108483,alta
86614229000131,VEDAPLAST VEDACOES E PLASTICOS INDUSTRIAIS LTDA,SP,C,family_mature_sweet_spot,26,12002669.240790501,9956426.74,17.048228687635937,alta
06041356000150,SIMUS TECNOLOGIA LTDA,SP,J,partnership_heavy_services,25,11999784.561435886,10590532.75,11.743975937408461,alta
08801638000133,L.R. COMERCIO DE ALIMENTOS LTDA,SP,G,standard,7,11995966.571719356,12470256.33,3.9537435807697925,baixa
12460092000171,PACELI SERVICOS AUXILIARES DE TRANSPORTE AEREO LTDA,RJ,H,labor_intensive_midcap,67,11995495.634996733,14390559.49,19.9663601061693,alta
61198875000134,PISOAG DO BRASIL LTDA,SP,C,family_mature_sweet_spot,21,11994160.929085633,13844194.35,15.42445054599916,alta
53059439000156,VIACAO CRUZ TRANSPORTES RODOVIARIOS LTDA,SP,H,labor_intensive_midcap,64,11993945.884398986,13746206.08,14.609538949815096,alta
65844623000196,C. R. DECOR COMERCIO DE METAIS LTDA,SP,G,standard,6,11984340.584452461,10688791.14,10.810352353747394,baixa
04919567000117,SER PNEUS PORTO FELIZ LTDA,SP,C,family_mature_sweet_spot,36,11978742.160783561,13139794.799999999,9.69260898708993,alta
54458763000100,AXAL DO BRASIL LTDA,SP,C,recent_startup,20,11974663.222592263,12388351.200000001,3.4546940462362654,baixa
27765193000128,FABRICA DE FARINHAS E OLEO GONZALEZ LTDA,SP,C,standard,19,11963867.138392134,11193181.959999999,6.441773128013102,baixa
14288271000107,N. A. JARDIM HORTIFRUTIGRANJEIRO LTDA,SP,G,standard,7,11963518.773331316,12470256.33,4.2356899025250545,baixa
08791201000166,SAMIA INDUSTRIA E COMERCIO DE BEBIDAS LTDA,SP,C,family_mature_sweet_spot,44,11962783.340570478,13101176.440000001,9.516122352302304,alta
06313360000120,POLICRYL INDUSTRIA E COMERCIO LTDA,SP,C,standard,32,11962141.43077326,12254063.68,2.440384532452975,alta
04373349000120,ASSIS RIO TRANSPORTES E LOCACAO LTDA,RJ,H,labor_intensive_midcap,56,11959380.430668833,12027930.32,0.5731893029790832,alta
19728031000191,CORDEIRO & BRUZZA SERVICOS FLORESTAIS LTDA,SP,G,standard,14,11956195.77495994,10019541.280000001,16.197915552837525,alta
01474090000115,TRANS-OK TRANSPORTES LTDA,SP,H,family_mature_sweet_spot,50,11945689.816164227,10739223.5,10.099595207400293,alta
01220566000191,LOGSILVA TRANSPORTES E ENCOMENDAS LTDA.,SP,H,family_mature_sweet_spot,46,11941441.436419167,9880085.62,17.26220261929533,alta
22257391000167,ITAMARATI LAGOS AUTO PECAS LTDA,RJ,G,standard,15,11931924.521915048,10735222.8,10.029410760327032,alta
12079193000105,BARROCAO COMERCIO DE AREIA E TRANSPORTE LTDA,SP,H,labor_intensive_midcap,50,11925337.167536134,10739223.5,9.946164631428983,alta
07315273000174,ENTERPRISE SANTOS TRANSPORTES LTDA,SP,H,labor_intensive_midcap,63,11911273.308021694,13531421.61,13.601806121661314,alta
57211765000198,CALVIP TRANSPORTES E TURISMO LTDA,SP,H,labor_intensive_midcap,53,11900438.604293166,11383576.91,4.343215502214381,alta
04528019000166,VCT BRASIL LTDA.,SP,C,family_mature_sweet_spot,39,11898615.340061788,12903868.379999999,8.448487586228595,alta
17922086000102,CORREIO DIGITAL TECNOLOGIA LTDA,SP,C,family_mature_sweet_spot,39,11898615.340061788,12903868.379999999,8.448487586228595,alta
23533420000139,GH PECAS AGRICOLAS LTDA,SP,C,standard,12,11894936.339392068,11895914.399999999,0.008222495522667359,alta
28773541000171,HM AGRONEGOCIOS LTDA,SP,C,standard,12,11894936.339392068,11895914.399999999,0.008222495522667359,alta
26735334000105,AVELAR PLASTIC INDUSTRIA E COMERCIO LTDA,SP,C,standard,31,11889250.004431719,11871124.19,0.15245549067403819,alta
05561131000161,TRANSRIPOLI RIBEIRAO PIRES TRANSPORTES DE CARGAS LTDA,SP,H,family_mature_sweet_spot,49,11887713.738626756,10524439.03,11.467930155460145,alta
56087497000181,SANTA CRUZ INDUSTRIA E COMERCIO LTDA,SP,C,family_mature_sweet_spot,31,11880463.418883612,14596163.379999999,22.858535608971863,baixa
31349202000177,JW TRANSPORTADORA TURISTICA LTDA,RJ,H,family_mature_sweet_spot,55,11871864.979415126,11813145.85,0.49460745651117866,alta
05261084000130,BEST LOG SOLUTIONS LOGISTICA LTDA,SP,H,family_mature_sweet_spot,43,11870442.785677416,9235732.21,22.1955543129056,alta
08280983000179,TRIGUS PADARIA E CONFEITARIA LTDA,RJ,C,labor_intensive_midcap,54,11870289.312809838,13580338.5,14.406128967259125,alta
17927291000160,MF MAQUINAS - LOCACOES E SERVICOS LTDA,RJ,J,standard,28,11866666.39597656,11861396.68,0.04440771991658252,alta
22301206000194,ZAHAV COMERCIO E FABRICACAO DE ESQUADRIAS METALICAS LTDA,SP,C,labor_intensive_midcap,54,11864251.635790266,11107721.7,6.376549984055317,alta
02441952000176,TRALI INDUSTRIA E COMERCIO LTDA,SP,C,family_mature_sweet_spot,32,11861751.988134326,14388880.0,21.304846150835367,alta
04206759000186,PADARIA E CONFEITARIA IMPERIAL DE TERESOPOLIS LTDA,RJ,C,labor_intensive_midcap,58,11859255.800179748,14586289.5,22.99498168998867,alta
35812587000118,SALVI EMBALAGENS LTDA,SP,G,standard,7,11858790.9246321,12470256.33,5.156220471834226,baixa
53682209000149,PADARIA E CONFEITARIA CAPRI DE SJC LTDA,SP,C,labor_intensive_midcap,53,11853791.629826821,13328850.75,12.443774669208764,alta
61247227000120,INDUSTRIA DE MAQUINAS MIOTTO LTDA,SP,C,family_mature_sweet_spot,28,11849162.725342782,14085975.68,18.877392491818522,alta
59920405000190,BRINQUEDOS DIVPLAST LTDA,SP,C,standard,45,11844202.798961576,11135393.1,5.984444128428131,alta
25113326000156,GIROFLEX EMBALAGENS ESPECIAIS LTDA,SP,C,standard,25,11837436.480688352,12870356.5,8.725875919138053,alta
03217849000100,MAXIMO DISTRIBUIDORA LTDA,RJ,G,standard,6,11832073.60012115,10688791.14,9.662570558295403,baixa
46705521000145,RADIO 105 FM LTDA,SP,J,family_mature_sweet_spot,28,11828964.152504608,12881542.520000001,8.898313951458931,alta
12749969000149,JULIX INDUSTRIA E COMERCIO DE EMBALAGENS LTDA,SP,G,standard,5,11828282.28523833,8907325.95,24.694678946609834,baixa
05294492000199,AMGF ABRASIVOS E ADESIVOS LTDA,SP,C,standard,14,11827941.633748164,14550786.6,23.020446418866804,alta
23276649000135,ELI GOMES HORTIFRUTIGRANJEIROS LTDA,SP,G,standard,6,11825734.971415589,10688791.14,9.614149430574388,alta
72889843000100,KADARFIT INDUSTRIA E COMERCIO LTDA,SP,C,family_mature_sweet_spot,46,11823378.037721062,9216058.6,22.052237773356513,alta
42703921000160,REALLIZA CONSORCIOS TELEMARKETING LTDA,SP,M,labor_intensive_midcap,51,11815041.189396255,11961770.01,1.241881583412769,alta
07662001000140,TOP10 BACAXA LTDA,RJ,G,standard,26,11814686.740902577,9890601.76,16.285535309551403,alta
24804345000166,CONSTRUINTER ENGENHARIA & CONSTRUCOES LTDA,SP,M,family_mature_sweet_spot,45,11814526.34130082,10554502.950000001,10.665035185507785,alta
10948626000188,CONFECCOES EDIRIOS LTDA,RJ,G,family_mature_sweet_spot,24,11802994.981969355,9129786.24,22.648562894867247,alta
06249838000108,REBOGAS REQUALIFICADORA DE BOTIJAO DE GAS LTDA,SP,C,labor_intensive_midcap,84,11800287.479197348,10506189.96,10.966660951936154,alta
08679291000106,MERCADACO COMERCIO DE FERRO E ACO LIMEIRA LTDA,SP,G,standard,5,11787420.588346647,8907325.95,24.433629196144786,alta
96332812000103,FRIGORIFICO ALIANCA LTDA,SP,C,family_mature_sweet_spot,24,11781420.674877329,14138756.16,20.008923797699946,alta
43263359000164,INDUSTRIA TEXTIL MARIA DE NAZARETH LTDA,SP,C,family_mature_sweet_spot,37,11777543.503088666,10887574.860000001,7.556487843626051,alta
51518698000172,ELEMOO ARMARINHOS LTDA,SP,G,standard,6,11767599.658005774,10688791.14,9.167617435658041,alta
23722067000135,AVIACAR & J.G AVIAMENTOS LTDA,SP,G,standard,6,11767599.658005774,10688791.14,9.167617435658041,alta
25080539000129,BORRACHEIRO NOVA TAQUARA LTDA,RJ,G,standard,13,11753646.088730223,9303859.76,20.842777723919713,alta
10725095000164,BORRACHARIA DAS AMERICAS LTDA,RJ,G,standard,13,11753646.088730223,9303859.76,20.842777723919713,alta
33727363000182,PESTANA AUTO PECAS LTDA,RJ,G,standard,13,11753646.088730223,9303859.76,20.842777723919713,alta
54785538000188,SANTOS AUTO CLINICA RJ PECAS LTDA,RJ,G,recent_startup,13,11753646.088730223,9303859.76,20.842777723919713,baixa
57103482000122,VENEZA COMERCIO E TRANSPORTE DE PRODUTOS DE HIGIENE PESSOAL LTDA,RJ,H,recent_startup,59,11750367.744290147,12672283.73,7.845847940868403,baixa
05302805000103,RAPIDO REUNIDOS VIAGENS E TURISMO LTDA,SP,H,labor_intensive_midcap,54,11747803.82173095,11598361.38,1.2720883324125072,alta
09610623000150,BP ETIQUETAS ADESIVAS - INDUSTRIA E COMERCIO LTDA,SP,C,family_mature_sweet_spot,20,11740397.672616184,9913010.799999999,15.564948680388074,alta
49034481000145,PIRATININGA IND COM DE PRODUTOS ESCOLARES LTDA,SP,C,standard,35,11739679.782542385,13753959.1,17.15787274243178,alta
23812277000114,ENGETUBO TRANSPORTES E LOGISTICA LTDA,SP,H,labor_intensive_midcap,52,11724895.230625786,11168792.44,4.742923324152431,alta
58745373000171,GRAVER INDUSTRIA MECANICA LTDA,SP,C,family_mature_sweet_spot,21,11723954.112935144,9887723.58,15.662211871924804,alta
01808970000180,P.R. INDUSTRIA E COMERCIO DE EMBALAGENS LTDA,SP,G,standard,6,11716876.575928522,10688791.14,8.774398443699996,baixa
06114479000173,EMPLACA AUTOMACAO E TECNOLOGIA LTDA,SP,C,family_mature_sweet_spot,27,11714069.957880257,13382564.58,14.243509114416023,alta
03049514000120,ENGEPAR DO BRASIL LTDA,RJ,C,standard,14,11713495.448437648,13952618.82,19.115757387868435,alta
28961347000110,ATAC SERVICOS LTDA,RJ,G,standard,16,11705796.281756533,11450904.32,2.177485030674776,alta
03463826000185,ELEVOLT DO BRASIL LTDA,RJ,G,standard,7,11702115.594593571,12470256.33,6.5641185065828,baixa
23072909000150,MJ COMERCIAL ELETRICA LTDA,SP,G,standard,5,11701922.305158593,8907325.95,23.881515209912507,alta
45143079000148,TDM FOOD REPRESENTACAO E DISTRIBUICAO DE PRODUTOS ALIMENTICIOS LTDA,SP,G,standard,6,11696688.79629238,10688791.14,8.61694855566186,alta
34752370000105,FLAXTA TRANSPORTES RODOVIARIOS LTDA,SP,H,standard,48,11684833.78553028,10309654.56,11.768924152204974,alta
31689590000135,JOAO CARLOS RUA LTDA,SP,C,standard,44,11684361.773647577,10774403.64,7.787829162392572,alta
61081683000143,QUIMICA SOLUBRAS INDUSTRIA E COMERCIO DE ANTIFERRUGINOSOS LTDA,SP,C,standard,11,11680793.53422538,11777628.940000001,0.8290139320662429,alta
05792037000113,SERVMONT SERVICOS E MONTAGENS INDUSTRIAIS LTDA,RJ,C,family_mature_sweet_spot,33,11668311.797941972,13896380.19,19.09503645978169,alta
34519544000186,BRASCAR IMPLEMENTOS RODOVIARIOS LTDA,SP,C,standard,22,11666016.087041415,12159288.68,4.228286582825054,alta
54824313000193,SIBRA VAC MECANICA SALTENSE LTDA,SP,C,standard,14,11663443.771064267,10310516.719999999,11.59972198280522,alta
30031248000180,TOTALFILTER INDUSTRIA E COMERCIO DE FILTROS LTDA,SP,C,standard,20,11661633.868555874,13067343.600000001,12.054140502853953,alta
19741086000131,"ESTAR BEM INDUSTRIA, COMERCIO E ARMAZENAGEM LTDA",SP,C,standard,13,11645353.993499767,8840045.89,24.08950475069835,alta
04555271000164,CINQUE & FILHOS INDUSTRIA E COMERCIO LTDA,SP,C,family_mature_sweet_spot,22,11640223.241224693,12960526.479999999,11.34259379235405,baixa
55730881000198,AGUAS MINERAIS BACCARELLI LTDA,SP,C,family_mature_sweet_spot,41,11637176.459294913,12207914.41,4.90443667930483,alta
60858511000170,BOTTO INDUSTRIA E COMERCIO LTDA,SP,C,standard,19,11624394.485416139,12236608.19,5.266628772379833,alta
07675990000107,METROPOLI COMERCIO DE EMBALAGENS LTDA,SP,G,standard,6,11618375.080452811,10688791.14,8.00098063641255,baixa
27460000000120,CONVENIENCIA DO GAUCHO LTDA,SP,G,standard,7,11608903.49449135,12470256.33,7.419760496048388,baixa
31207749000138,PAU BRASIL PRODUTOS ALIMENTICIOS LTDA,RJ,G,standard,6,11606775.034054859,10688791.14,7.909034950375513,alta
40632024000188,"RIVAS, LOGISTICA E TRANSPORTADORA LTDA",SP,H,standard,42,11594385.976708176,9020947.74,22.195554312905617,alta
55106651000152,FU FORTE BRAZIL LTDA,SP,C,recent_startup,15,11574619.762458576,11254252.950000001,2.7678387630292693,baixa
71816375000172,TECNOFRIS INDUSTRIA E COMERCIO LTDA,SP,C,family_mature_sweet_spot,33,11573660.515823213,12637003.17,9.18760881851521,alta
23025660000122,FRUTILEVER DISTRIBUIDORA DE HORTIFRUTIGRANJEIROS LTDA,SP,G,standard,6,11571771.971261235,10688791.14,7.630472095839236,alta
05588368000136,FUNDICAO JCV LTDA,SP,C,family_mature_sweet_spot,33,11558890.660185037,12827141.25,10.972078784199352,alta
05372519000114,SPEEDCAST SERVICOS MULTIMIDIA LTDA.,SP,J,partnership_heavy_services,14,11558074.106600884,9802204.719999999,15.191712480871688,baixa
00734966000152,VALMAC VIGILANCIA PATRIMONIAL LTDA,SP,N,labor_intensive_midcap,107,11553484.549381655,9055421.77,21.62172605766242,alta
26463221000190,LOBRES DISTRIBUIDORA LTDA,RJ,G,standard,5,11543553.271595586,8907325.95,22.837225762039555,alta
08452052000100,ICETECK TECNOLOGIA EM EQUIPAMENTOS INDUSTRIAIS LTDA,SP,C,standard,24,11541780.460140483,12800939.28,10.90957174422108,alta
00469778000144,EDDF INDUSTRIA E COMERCIO DE ARTEFATOS DE METAIS LTDA,SP,C,standard,30,11532065.106302848,12633072.9,9.547360195663453,alta
59329862000105,TRANSPORTADORA GITER LTDA,SP,H,standard,43,11528243.756582085,9235732.21,19.88604331230564,alta
07742246000188,VIACAO NA MONTANHA LTDA,SP,H,labor_intensive_midcap,55,11523082.972718725,11813145.85,2.5172332609945443,alta
02979055000110,ARMAZEM TUNIS DISTRIBUIDORA DE ALIMENTOS LTDA,SP,G,standard,5,11522122.43012287,8907325.95,22.69370505287181,alta
52996521000144,ASTRA COMERCIO GLOBAL LTDA,RJ,G,standard,6,11513362.54117291,10688791.14,7.161864296587221,alta
00936390000106,CENTRAL HIDROJATO LTDA,SP,H,standard,49,11506190.05960596,10524439.03,8.53237278821363,alta
35755378000180,BRUNETTI TRANSPORTE E LOGISTICA LTDA,SP,H,standard,47,11491807.864489833,10094870.09,12.155944399370174,alta
26960238000152,GS TECNOLOGIA E INOVACAO LTDA,SP,J,partnership_heavy_services,22,11489896.68973016,9319668.82,18.888140845251826,alta
00677761000182,AGROVAP PRODUTOS AGROPECUARIOS LTDA,SP,G,standard,6,11487340.140947908,10688791.14,6.951557028431589,baixa
04001398000131,EXPRESSO MILHA LTDA,SP,H,family_mature_sweet_spot,41,11483562.29795605,8806163.27,23.31505641270042,alta
22236783000140,DLOG SERVICOS DE LOGISTICA LTDA,SP,H,family_mature_sweet_spot,42,11481917.691503756,9020947.74,21.4334401066539,alta
05351094000167,APC INDUSTRIA E COMERCIO DE EMBALAGENS LTDA,SP,C,standard,22,11480304.686024541,13935689.68,21.38780338264456,baixa
37087413000165,FB DISTRIBUIDORA DE BEBIDAS E ALIMENTOS LTDA,RJ,G,standard,7,11476900.995721804,12470256.33,8.655257500683199,baixa
62599477000192,PLASTECNO INDUSTRIA E COMERCIO DE PLASTICOS INDUSTRIAIS LTDA,SP,C,standard,30,11476066.705335671,11488184.7,0.10559362345544789,alta
62700455000177,CIA. BRASILEIRA DE SOFTWARE E SERVICOS LTDA,SP,J,family_mature_sweet_spot,32,11466415.977869794,13555881.92,18.222485091792237,alta
20101604000131,VACC ARTEFATOS DE COURO LTDA,SP,C,labor_intensive_midcap,56,11464845.329267217,8928026.24,22.126936878871607,alta
11080242000159,DUXTON INDUSTRIA E COMERCIO LTDA,SP,C,standard,12,11458344.096634159,13238550.24,15.536329929983248,alta
64637630000154,AUTOTAL TINTAS LTDA,SP,C,standard,12,11458344.096634159,13238550.24,15.536329929983248,alta
67440925000124,AUTO FERR INDUSTRIA E COMERCIO DE QUEIMADORES LTDA,SP,C,standard,18,11457174.6037874,11760609.24,2.648424648362206,alta
46587879000110,INDUSTRIA DE MOVEIS 4F LTDA.,SP,C,standard,42,11450740.147143986,10487257.200000001,8.414154323328123,alta
07881039000104,EDIPIRAI COMERCIO DE CONFECCOES LTDA,RJ,G,family_mature_sweet_spot,25,11448072.56922846,9510194.0,16.92755315368395,alta
53878694000120,IBIUNET SOLUCOES EM SERVICOS E TECNOLOGIA LTDA,SP,J,recent_startup,67,11446263.170958558,12648749.1,10.505489093526934,baixa
52923083000194,GUARUBOR- BORRACHAS LTDA,SP,G,standard,5,11441616.332283925,8907325.95,22.149758466669738,alta
23208854000163,INDUSTRIA NACIONAL DE TINTAS LTDA,SP,C,standard,12,11435229.77253125,13238550.24,15.769866485766073,alta
63002976000113,BCF PLASTICOS LTDA,SP,C,family_mature_sweet_spot,36,11433886.789965058,13785821.64,20.569863015428112,alta
07942537000110,J. A. GUARACI TRANSPORTES LTDA,SP,H,labor_intensive_midcap,60,11432379.20123151,12887068.2,12.724289259157787,alta
50159902000143,L. S. MARILIA ALINHAMENTO E BALANCEAMENTO LTDA,SP,G,standard,13,11427078.798623346,9303859.76,18.580593308581513,baixa
23556081000106,UNIX REPARACAO AUTOMOTIVA LTDA,RJ,G,standard,12,11414832.183035735,8588178.24,24.762991673557796,alta
04822971000178,RIO MAR LTDA,RJ,H,labor_intensive_midcap,53,11401674.821118051,11383576.91,0.15873028657623434,alta
07530646000120,AUTO PECAS CORREA E OLIVEIRA LTDA,RJ,G,standard,15,11394261.179915808,10735222.8,5.7839500912746065,alta
08337441000195,NOVA PINTURA COMERCIO E REVESTIMENTO ELETROSTATICO LTDA,SP,C,labor_intensive_midcap,51,11385388.11226831,12488513.31,9.688955588110513,alta
05644142000105,RAFA PAULISTA TRANSPORTES LTDA,SP,C,family_mature_sweet_spot,44,11374242.418116625,13041526.96,14.658422781879205,alta
00599375000110,CONGE FRUTAS LTDA,SP,C,family_mature_sweet_spot,30,11370231.85885415,11891083.8,4.580838347111242,alta
01417613000191,ZEMABUGUY INDUSTRIA E COMERCIO DE JOIAS LTDA,SP,C,family_mature_sweet_spot,28,11363951.658124989,13874571.200000001,22.092838982467615,alta
59920892000191,SANGO-TRANSPORTES TURISTICOS LTDA.,SP,H,family_mature_sweet_spot,43,11360358.418519406,9235732.21,18.70210542878547,alta
27028301000180,"ESTRELA INDUSTRIA, COMERCIO E REPRESENTACOES  LTDA",SP,G,standard,5,11356931.592183013,8907325.95,21.56925594118291,alta
12492368000101,KSEG COMERCIAL LTDA.,SP,G,standard,5,11356931.592183013,8907325.95,21.56925594118291,alta
43068581000106,3R COMERCIO DE METAIS LTDA,SP,G,standard,6,11352462.272365876,10688791.14,5.846054507323763,alta
66093535000162,PISCA AUTO PECAS LTDA,SP,G,standard,12,11350647.611494107,8588178.24,24.33754853508731,alta
17785974000120,QUALIMARC INDUSTRIA E COMERCIO LTDA,SP,C,standard,18,11333262.6988997,11866452.299999999,4.704643448810772,alta
00303111000177,MOTO SPORT MOTOS E ACESSORIOS LTDA,SP,G,standard,12,11326986.761027392,8588178.24,24.17949785595912,baixa
60660065000195,CLEANER INDUSTRIA QUIMICA LTDA,SP,C,standard,19,11316601.25101195,13016159.19,15.018271840549927,baixa
37718431000106,ATENTO DISTRIBUIDORA LTDA.,RJ,G,standard,5,11305568.578243395,8907325.95,21.21293247345923,alta
00350593000116,AUTOMOTION IND COM IMPORTACAO E EXPORTACAO LTDA,SP,C,family_mature_sweet_spot,21,11294675.07976691,11345410.23,0.4491953055292048,alta
43258186000196,LIPORINI & SANTOS NETO COMERCIO DE SUCATAS LTDA,SP,G,standard,5,11294169.50392393,8907325.95,21.13341359977527,alta
13978577000114,R & R COMERCIO ATACADISTA DE PLASTICOS LTDA,SP,G,standard,5,11293462.905966537,8907325.95,21.128479155015416,alta
09302161000104,CLINICA VETERINARIA S.O.S PELUDOS LTDA,SP,M,family_mature_sweet_spot,39,11281808.074006164,9147235.89,18.92047950119203,alta
04788433000104,MJC ENGENHARIA E COMERCIO LTDA,SP,C,standard,15,11280942.780751687,9888710.25,12.341455477703589,alta
07456778000159,HI-MIDIA INTERNET LTDA,RJ,J,standard,22,11272028.081521546,9319668.82,17.320390327292444,alta
15586900000130,PRADOMAR COMERCIO DE EPIS E FERRAMENTAS LTDA.,SP,G,standard,5,11249282.291216249,8907325.95,20.81871785762647,baixa
24591673000121,C&L MECANICA E MONTAGEM NAVAL LTDA ME,RJ,C,labor_intensive_midcap,50,11240792.921460906,12318965.5,9.591606091067192,alta
30319479000194,PLANQUIMICA INDUSTRIAL E COMERCIAL LTDA,RJ,C,standard,9,11239919.174470045,9928912.68,11.663842720931825,alta
03150944000133,S.F.E. CABRAL COMERCIO DE BATERIAS LTDA,RJ,G,standard,14,11236303.48361906,10019541.280000001,10.828847809183209,alta
02986653000117,FIZZY COMERCIO IMPORTACAO E EXPORTACAO LTDA,SP,C,family_mature_sweet_spot,48,11224742.516758857,11877752.64,5.817595568594832,alta
72995392000187,ONIX PLASTIC INDUSTRIA E COMERCIO LTDA,SP,C,standard,32,11222943.530495238,12254063.68,9.187608818515205,alta
60590007000132,MANUFATURA DE PRODUTOS PLASTICOS FLOREAL LTDA,SP,C,family_mature_sweet_spot,32,11222943.530495238,12254063.68,9.187608818515205,alta
46369054000120,FER PLASTIC INDUSTRIAL DE PLASTICOS LTDA,SP,C,family_mature_sweet_spot,32,11222943.530495238,12254063.68,9.187608818515205,alta
43610369000129,ODL INDUSTRIA E COMERCIO LTDA,SP,C,standard,32,11222943.530495238,12254063.68,9.187608818515205,alta
36688884000166,CODEX TECNOLOGIA EDUCACIONAL LTDA,RJ,G,standard,5,11220598.142959904,8907325.95,20.616300160533886,baixa
60864816000195,TECELAGEM THAIS INDUSTRIA E COMERCIO LTDA,SP,C,family_mature_sweet_spot,41,11218956.09232215,12064609.98,7.537723480855632,alta
33911941000136,NOVA SISTEMAS CONSTRUTIVOS LTDA,SP,C,standard,41,11218529.543555671,10128974.97,9.71209791199017,alta
09027593000154,CINTRA NETO COMERCIO DE COURO LTDA,SP,G,standard,6,11215952.720251398,10688791.14,4.7001052286852145,alta
15798112000107,KEMILY TUR LOCADORA LTDA,SP,H,standard,46,11213189.514903264,9880085.62,11.888712779994119,alta
59916759000161,JAMES ANTONIO MISSE EDITORA E DISTRIBUIDORA LTDA,SP,J,family_mature_sweet_spot,32,11210287.468413785,10356295.04,7.617935140557308,alta
22189308000160,FRIMAR DISTRIBUIDORA DE CARNES LTDA,SP,G,standard,6,11206130.742602045,10688791.14,4.61657653729925,alta
03707183000178,FLORA BIOTEC INDUSTRIAL LTDA,SP,C,standard,6,11200510.93744906,9892449.899999999,11.678583635640603,alta
02874918000195,SYSTRADE COMERCIO E SERVICOS LTDA,SP,J,standard,30,11198949.302666292,12708639.3,13.480639625489474,alta
03996794000183,CASA DO TAXISTA DO RIO PNEUS LTDA,RJ,G,standard,12,11190622.74003133,8588178.24,23.255582468362647,alta
22749243000160,DELTA COMERCIAL DISTRIBUIDORA DE PRODUTOS ALIMENTICIOS LTDA,SP,G,standard,5,11190338.438367374,8907325.95,20.401639333264505,alta
02602224000107,SANTOS & MANOEL COMERCIAL E DISTRIBUIDORA LTDA,SP,G,standard,5,11190338.438367374,8907325.95,20.401639333264505,alta
53430692000174,JOTA R FOODS LTDA,SP,G,recent_startup,5,11190338.438367374,8907325.95,20.401639333264505,baixa
09210711000165,TAGGS COMERCIO DE PRODUTOS ALIMENTICIOS LTDA,SP,G,standard,5,11190338.438367374,8907325.95,20.401639333264505,alta
02840277000158,ISOFER FERRAMENTARIA E USINAGEM SUMARE LTDA,SP,C,standard,41,11190142.592155604,10039785.209999999,10.28009583150456,alta
28278927000107,MAPEMA AUTO PECAS LTDA,RJ,G,standard,13,11185615.273107637,9303859.76,16.82299513404272,alta
02153903000138,SO PESCA INDUSTRIA E COMERCIO DE PEIXES LIMITADA,SP,C,standard,31,11176369.577746572,12462083.39,11.503859131622058,baixa
52153467000175,MICRODATA SISTEMAS LTDA,SP,J,partnership_heavy_services,25,11153509.719913987,10590532.75,5.0475319791834,alta
05069183000115,REIMOLD INDUSTRIA E COMERCIO DE MATERIAIS PLASTICOS LTDA,SP,C,family_mature_sweet_spot,35,11150679.30965356,13402882.15,20.19789806345363,alta
29602793000109,MARAVILA COMERCIO DE ALIMENTOS LTDA,RJ,G,standard,22,11149820.70800668,8368970.720000001,24.940759684231985,alta
05877953000156,INDUSTRIA E COMERCIO DE PLASTICOS SUPREMO LTDA,SP,C,standard,35,11132470.27831476,13402882.15,20.394501983156758,alta
18426259000164,NATURAL FRUTO ALIMENTOS LTDA,SP,G,standard,5,11124264.123186091,8907325.95,19.928852359459622,alta
04627135000132,PICADINHOS - LEGUMES E VERDURAS PROCESSADOS E HIGIENIZADOS LTDA,SP,G,standard,5,11124264.123186091,8907325.95,19.928852359459622,alta
00831245000160,INDUSTRIA E COMERCIO ALIMENTICIA SUN PLANT LTDA,SP,C,standard,40,11121651.949290076,11051497.6,0.6307907279417675,alta
41767865000165,HASSUMI FRUTAS ATACADO E VAREJO LTDA,SP,G,standard,6,11117355.01546699,10688791.14,3.8549086079445245,alta
14197039000155,TOSCANA LVX COMERCIO DE ALIMENTOS LTDA,RJ,G,standard,23,11106055.060086882,8749378.48,21.219745151060373,alta
07848933000182,CONEXAO NETWORKS PROVEDOR DE INTERNET LTDA,SP,J,standard,15,11104205.26018558,10502362.2,5.4199561885217085,baixa
51996890000174,VISATUR VIACAO SANTO ANTONIO DE TURISMO LTDA,SP,H,family_mature_sweet_spot,44,11098896.010520864,9450516.68,14.85174137101864,alta
45012218000102,JORNAL DA CIDADE DE BAURU LTDA,SP,J,partnership_heavy_services,30,11093661.989001244,9709026.6,12.481319427020892,baixa
02784803000100,TRANSPORTADORA BENATTI E BENATTI LTDA,SP,H,standard,48,11092174.668147521,10309654.56,7.0547041635993955,alta
34329168000167,S.A. FLEX INDUSTRIA E COMERCIO DE ESPUMAS FLEXIVEIS LTDA,SP,C,standard,31,11078639.384085013,11871124.19,7.153268361216167,alta
27403123000120,COMERCIAL UNIPESCA LTDA,SP,G,standard,6,11069249.687653808,10688791.14,3.437076210126106,baixa
40824254000149,CENTRO AUTOMOTIVO LITORAL GAS RO LTDA,RJ,G,standard,16,11067290.391068267,11450904.32,3.466195567085914,baixa
36109177000178,RODOLOG TRANSPORTES LTDA,SP,H,standard,39,11052333.380042795,8376594.33,24.209720771492275,alta
18132551000174,BALI DISTRIBUIDORA DE PRODUTOS DE LIMPEZA LTDA,RJ,G,standard,6,11050571.505199768,10688791.14,3.2738611304359586,alta
13134992000191,HUSK SERVICE LTDA,SP,C,standard,38,11049554.064622618,9907331.88,10.337269521850413,alta
67463000000107,SOLEMIO AGRO COMERCIAL LTDA.,SP,G,standard,5,11046762.946642943,8907325.95,19.367094297004968,alta
10890494000180,CB DISTRIBUIDORA DE PRODUTOS ALIMENTICIOS IMPORTACAO E EXPORTACAO LTDA,SP,G,standard,5,11046762.946642943,8907325.95,19.367094297004968,alta
17413861000102,HLFL - HORTIFRUTI LTDA,SP,G,standard,5,11046762.946642943,8907325.95,19.367094297004968,alta
12453224000138,D & D DISTRIBUIDORA DE HORTI FRUTTI LTDA,SP,G,standard,5,11046762.946642943,8907325.95,19.367094297004968,alta
59185934000198,COMERCIAL AGRICOLA WILAK LTDA,SP,G,standard,5,11046762.946642943,8907325.95,19.367094297004968,alta
24906348000100,BZ MATERIAIS PARA CONSTRUCAO LTDA,SP,G,standard,5,11033595.905748552,8907325.95,19.27087029388811,alta
00372891000107,CAPARROZ INDUSTRIA E COMERCIO LTDA,SP,C,family_mature_sweet_spot,44,11028947.623683227,13701914.16,24.235916494670132,alta
36288754000136,GES DISTRIBUIDORA DE ALIMENTOS LTDA,SP,G,standard,5,11020408.561440704,8907325.95,19.17426744807055,alta
41761001000136,DAMASIO DISTRIBUIDORA DE MOTOPECAS DE SAO PAULO LTDA,SP,G,standard,15,11020276.327601384,10735222.8,2.5866277680119376,baixa
04859082000185,RIOLEO VICENTE DE CARVALHO LTDA,RJ,G,standard,7,11015336.406315072,12470256.33,13.208129738560013,baixa
61503322000148,INDUSTRIA E COMERCIO ROUXINOL LTDA,SP,C,standard,41,11014284.707198411,10784336.190000001,2.087729919021673,alta
04938407000115,NANDO S TRANSPORTES LTDA,SP,H,labor_intensive_midcap,52,11001667.194047721,11168792.44,1.5190901797383842,alta
28858284000170,SANDRA DE S. SATURNINO MOTOS LTDA.,SP,G,standard,14,11001013.360990787,10019541.280000001,8.921651567764219,baixa
23007283000107,RETIFICA PESADA ITATIBA LTDA,SP,C,family_mature_sweet_spot,43,11000470.939369319,10529530.83,4.281090436627425,alta
58831421000144,APG INDUSTRIA E COMERCIO DE PECAS LTDA,SP,C,standard,13,11000430.514532141,8636054.96,21.493482017896277,alta
11858797000189,BALSAMO DISTRIBUIDORA DE MEDICAMENTOS LTDA,RJ,G,standard,5,10998837.820259837,8907325.95,19.01575334084186,alta
01719204000140,ELISANGELA DE FATIMA AZANHA LTDA,SP,H,standard,39,10997482.172987126,8376594.33,23.83170803790667,alta
08227328000157,SYLCAR COMERCIO DE PNEUS LTDA,SP,G,standard,12,10990176.630032161,8588178.24,21.855867024633362,baixa
59261347000130,INDUBRAC INDUSTRIA BRASILEIRA DE CHUMBOS LTDA,SP,C,standard,26,10987414.160687441,13454906.92,22.457447432364532,alta
08796564000194,ALMA TEXTIL LTDA,SP,C,standard,33,10984578.43170989,9710539.74,11.59843046895673,alta
50949429000106,RADIO SANTOS DUMONT LTDA,SP,J,partnership_heavy_services,26,10984038.141611423,11961432.34,8.898313951458903,alta
10681008000114,PNEUS TRUCKERS COMERCIO E SERVICOS LTDA,SP,G,standard,14,10983062.778353974,10019541.280000001,8.772794235984287,baixa
06868556000180,AVANTECH TECNOLOGIA EM REFRATARIOS AVANCADOS LTDA,SP,C,standard,18,10981176.81851196,8777413.620000001,20.06855216826011,alta
23689233000149,INFRANOVE 2 - SERVICOS ESPECIALIZADO DE MANUTENCAO E REPAROS LTDA,RJ,G,standard,15,10974184.01414675,10735222.8,2.177485030674779,alta
12083584000195,ANDERE & SOUZA FIBRAS PLASTICAS LTDA,SP,C,standard,9,10972951.877026513,9756394.830000002,11.086871250876003,alta
35311025000190,JOY 1 MODAS LTDA,RJ,G,standard,22,10970834.563127505,8368970.720000001,23.71618884740323,alta
30735771000198,LIMA COMERCIO DE MATERIAIS E SERVICOS LTDA,RJ,G,standard,6,10968857.412620531,10688791.14,2.55328574422248,alta
09425698000161,PAPER FACI COMERCIO DE MATERIAIS DE ESCRITORIOS LTDA,RJ,G,standard,6,10968857.412620531,10688791.14,2.55328574422248,alta
57940421000110,TECMAG MANUTENCAO INDUSTRIAL LTDA.,SP,C,standard,19,10966312.561251251,13423811.41,22.40952767872184,baixa
74524653000106,COMERCIAL AGRICOLA SILVEIRA LTDA,SP,G,standard,6,10966198.11979151,10688791.14,2.5296550067871935,alta
01539761000189,AMAM EMBALAGENS LTDA,SP,C,standard,40,10946774.860690756,11855933.600000001,8.305265714141823,alta
03531864000128,PAULINO & SILVA INDUSTRIA E COMERCIO DE AUTO PECAS LTDA,SP,C,standard,20,10946494.136252617,12880640.2,17.66909148877058,alta
54552039000140,REFER COMERCIO DE COSMETICOS LTDA,SP,G,standard,6,10945863.277282292,10688791.14,2.3485780040376945,alta
59617886000160,EMPRESA DE MINERACAO A&M LTDA,SP,B,standard,37,10941044.420929743,10506116.33,3.975197195047891,alta
10796818000116,MENDES - INDUSTRIA TEXTIL LTDA.,SP,C,standard,32,10940171.852043085,9416280.96,13.929314024061663,alta
31988677000103,AGROSOLO PECAS E COMPONENTES PARA EQUIPAMENTOS AGRICOLAS LTDA,SP,G,standard,5,10934945.576042105,8907325.95,18.542567148066233,alta
34298233000134,J. W. GARCIA TRANSPORTES LTDA,SP,H,standard,41,10930977.725105781,8806163.27,19.438466608760923,alta
27538473000101,BAZAR CENTRAL DO VILAR LTDA,RJ,G,standard,22,10930133.358000329,8368970.720000001,23.432126160891542,alta
04534318000103,JOVE MOVEIS INDUSTRIA E COMERCIO LTDA,SP,C,family_mature_sweet_spot,48,10929925.498761175,11985436.8,9.657076815010859,alta
11209922000120,CONFECCOES EDIANGRA - LTDA,RJ,G,standard,22,10929244.435199441,8368970.720000001,23.425898563981747,alta
03311334000174,SK PRINT EMBALAGENS LTDA,SP,C,family_mature_sweet_spot,26,10924463.1138982,10201688.38,6.616112172859823,alta
54362300000140,G LOG TRANSPORTES LTDA,SP,H,recent_startup,42,10919662.746304397,9020947.74,17.388037070531222,baixa
09228789000107,YTUMAD COMERCIO DE MADEIRAS LTDA,SP,C,family_mature_sweet_spot,45,10919225.541679217,13426917.3,22.96583900340553,alta
08665384000173,COMERCIO DE PECAS DE CARROS ANTIGOS LTDA,SP,G,standard,13,10917401.348300895,9303859.76,14.779538983899451,baixa
48195652000155,VICAY COMERCIO DE ALIMENTOS EM GERAL LTDA,SP,G,standard,6,10904065.860791314,10688791.14,1.9742610099723956,alta
07304367000148,MECA - MONT MANUTENCAO LTDA,SP,G,standard,5,10897403.354408816,8907325.95,18.261941305528357,alta
10795027000171,MONDE SISTEMAS DE INFORMACAO LTDA,SP,J,family_mature_sweet_spot,29,10887668.183493061,12285017.99,12.834243135968086,alta
13206265000192,EXPEDIBOR INDUSTRIAL DE PECAS AUTOMOTIVAS LTDA,SP,C,standard,30,10886939.622808406,12808689.6,17.651884218825646,alta
00475436000137,VILLA REAL COMERCIO E SERVICOS DE EQUIPAMENTOS INDUSTRIAIS LTDA,SP,G,standard,5,10875460.238089452,8907325.95,18.0970206777677,alta
14088270000100,VALLE METAIS E LIGAS ESPECIAIS LTDA,SP,G,standard,5,10875460.238089452,8907325.95,18.0970206777677,alta
14675079000165,AUXITEL DO BRASIL INDUSTRIA E COMERCIO DE CABOS E EQUIPAMENTOS ELETRONICOS LTDA.,SP,C,standard,8,10874096.499614699,8938817.76,17.79714516680325,alta
62052188000179,FAPEL INDUSTRIA E COMERCIO DE PLASTICOS LTDA,SP,C,standard,31,10872226.545167262,11871124.19,9.1876088185152,alta
96571955000178,DIECKMANN INDUSTRIA E COMERCIO LTDA.,SP,C,standard,19,10866687.023231644,12413976.420000002,14.23883280580772,alta
45764446000120,RICAM INDUSTRIA E COMERCIO DE ARTEFATOS DE METAIS LTDA,SP,C,standard,18,10859770.144057108,11592576.18,6.7478963755408,alta
12024645000143,VARANDRA AUTOMACAO INDUSTRIAL E MANUTENCAO LTDA,SP,C,family_mature_sweet_spot,22,10850882.803419786,11067552.32,1.9967916021720253,alta
06057480000103,NOVAKAP AUTO PECAS LTDA,RJ,G,standard,12,10849519.466520207,8588178.24,20.842777723919713,alta
42522524000192,MUNDAUTO PECAS E ACESSORIOS LTDA,RJ,G,standard,12,10849519.466520207,8588178.24,20.842777723919713,alta
08357463000117,JERUEL PLASTICOS INDUSTRIA E COMERCIO LTDA,SP,C,standard,32,10842416.149977282,12254063.68,13.01967670762827,alta
02521280000109,PRETTI PAPEIS E EMBALAGENS LTDA,SP,C,family_mature_sweet_spot,31,10840868.970442446,12163551.53,12.200890566649576,alta
00772008000176,ADESIVOS MOLINA INDUSTRIA E COMERCIO LTDA,SP,C,family_mature_sweet_spot,32,10824803.507282492,12254063.68,13.203566898521155,alta
24955532000140,GS3 SERVICOS LTDA,SP,N,labor_intensive_midcap,110,10813527.773925366,9309312.1,13.910499009883509,alta
10635122000108,SANTOS LITORAL COMERCIO DE EMBALAGENS LTDA,SP,G,standard,6,10802408.980155878,10688791.14,1.0517824344976585,alta
21034676000176,DELTA FRANQUIAS LTDA,SP,N,family_mature_sweet_spot,26,10791309.295916276,9858821.18,8.641102672028454,baixa
22417639000100,MB COMERCIO E REDUCAO DE RECICLAVEIS LTDA,SP,G,standard,5,10786583.161800306,8907325.95,17.422173301880466,alta
06056487000100,RMC TELECOM LTDA,SP,J,partnership_heavy_services,12,10782940.611029828,8401889.76,22.081646713274676,baixa
18308763000160,JDL METALURGICA E ARTEFATOS DE METAIS LTDA,SP,C,family_mature_sweet_spot,43,10778289.723144975,13390507.020000001,24.235916494670114,alta
10927276000173,CONDESSA AUTO PECAS LIMITADA,RJ,G,standard,12,10776156.36308757,8588178.24,20.3038824731815,alta
33578447000100,FERTIAGRO COMERCIO DE PRODUTOS AGRICOLAS LTDA,SP,G,standard,5,10773542.763033355,8907325.95,17.32222031397879,baixa
35301328000122,GIRASSOL GESTAO E COMERCIO DE METAIS LTDA,SP,G,standard,6,10771275.71271722,10688791.14,0.765782762573177,alta
53391959000161,PRELUDIO COMERCIAL LTDA,SP,G,standard,5,10767413.789079575,8907325.95,17.275158877669366,alta
26136807000140,S.P.L. COMERCIO E SERVICOS NAVAIS E TRANSPORTES LTDA,RJ,C,family_mature_sweet_spot,39,10767117.427314289,9550039.59,11.303655277565525,alta
49596127000104,TSL SANTOS TRANSPORTES LTDA,SP,H,standard,39,10766215.549800446,8376594.33,22.1955543129056,alta
10680223000109,RVA TELECOM LTDA,SP,J,partnership_heavy_services,17,10765263.672132729,11902677.16,10.565588753869658,baixa
74039116000170,DECLINK - DESENVOLVIMENTO E CONSULTORIA DE INFORMATICA LTDA,RJ,J,family_mature_sweet_spot,21,10759663.168725114,8896047.51,17.320390327292465,alta
07256903000187,RET PRODUTOS ALIMENTICIOS LTDA,SP,C,standard,25,10753003.89405367,12755706.25,18.624585052496908,alta
20200813000132,KUDO RIO PRETO TRANSPORTES LTDA,SP,H,family_mature_sweet_spot,44,10750629.541138384,9450516.68,12.093364915639311,alta
08547219000117,MIG INDUSTRIA E COMERCIO DE ARTIGOS DE PESCA LTDA,SP,G,standard,5,10746710.531735327,8907325.95,17.1157916304117,alta
17889798000177,NEW AGE ESTAMPARIA LTDA,SP,C,family_mature_sweet_spot,45,10742687.89667827,11019276.45,2.574668053115943,alta
25207842000140,RCT COMERCIO DE BATATA E CEBOLA LTDA,RJ,G,standard,6,10737996.595308777,10688791.14,0.458236830977142,alta
74073214000124,DISTRIBUIDORA DE PRODUTOS HORTIFRUTIGRANJEIROS CAMPOLONGO LTDA,RJ,G,standard,6,10737996.595308777,10688791.14,0.458236830977142,alta
00292267000108,DBCORP BRASIL SISTEMAS LTDA,SP,J,partnership_heavy_services,22,10731722.419600425,9319668.82,13.157753661438814,alta
48130660000113,ASSAHI GRAFICA E EDITORA LTDA,SP,C,family_mature_sweet_spot,33,10726956.217536965,12886327.41,20.13032540333097,alta
66600008000105,BCDN INDUSTRIA E COMERCIO DE PRODUTOS ALIMENTICIOS LTDA,SP,C,standard,30,10721946.923986837,13176539.1,22.89315731009466,alta
36709183000166,A. N. TRANSPORTES LTDA,SP,H,standard,46,10712833.558893997,9880085.62,7.77336765586762,alta
22985746000134,CONECT INTERNET PROVIDER LTDA,SP,J,partnership_heavy_services,13,10710475.810521213,9102047.24,15.017340022757969,baixa
30108948000126,EDITORA ESQUEMA LTDA,RJ,J,partnership_heavy_services,28,10697376.54884651,9061758.16,15.289901980900886,baixa
36346796000186,GREENPACK COMERCIO DE TAMBORES E BOMBONAS LTDA,SP,G,standard,5,10696388.886322176,8907325.95,16.72585912251106,alta
60965340000189,MAK PAINEIS ELETRICOS LTDA,SP,C,standard,16,10689236.978791825,9664307.04,9.588429378311634,alta
07676066000145,MEGA COMERCIO E IMPORTACAO DE LINHAS LTDA,SP,G,standard,5,10684799.483209027,8907325.95,16.635534770702023,baixa
55956487000172,R F GONCALVES COMERCIO ATACADISTA LTDA,RJ,G,recent_startup,6,10665448.85947199,10688791.14,0.21885886694098683,baixa
05918896000106,AP PHARMA SYSTEMS ATOMIZADORES E DISPENSADORES LTDA.,SP,C,family_mature_sweet_spot,25,10663337.918827202,12870356.5,20.69725819413528,alta
01445613000103,TRANSPORTES CAVARZAN LTDA,SP,H,family_mature_sweet_spot,41,10652374.76104955,8806163.27,17.331454557909755,alta
56123773000110,RC PRUDENTE SERVICOS DE ALINHAMENTO LTDA,SP,G,recent_startup,12,10649283.969157558,8588178.24,19.35440669182012,baixa
03870908000144,MEDECELL DO BRASIL COMERCIO E IMPORTACAO LTDA,SP,G,standard,6,10645744.777193047,10688791.14,0.4043527597916308,baixa
29278879000110,PARTHENON SERVICOS TERCEIRIZADOS LTDA,SP,N,labor_intensive_midcap,76,10645150.391130622,10543503.56,0.9548651488786157,alta
15555078000140,ENPRO SOLUCOES EM EQUIPAMENTOS INDUSTRIAIS LTDA.,SP,C,family_mature_sweet_spot,20,10630167.223820621,13184947.0,24.033298088241718,alta
24384144000157,PIONEIRO RENOVADORA DE PNEUS LTDA,SP,C,standard,30,10628653.495259058,10949829.0,3.0217892123795695,alta
03230806000164,RUPOLO D.INDUSTRIA DE MOVEIS LTDA,SP,C,family_mature_sweet_spot,39,10624514.982083088,9738167.4,8.3424757137413,alta
67505479000199,FLORIO PRODUTOS ALIMENTICIOS LTDA,SP,C,family_mature_sweet_spot,48,10621749.06082492,12071412.0,13.648062394184398,alta
39812538000136,STICKY TOYS INDUSTRIA E COMERCIO LTDA,SP,C,standard,8,10617731.842984604,8565548.32,19.32788992350124,alta
10397876000177,C.R.B COMERCIO E SERVICOS DE MANUTENCAO EM GERAL LTDA.,SP,N,standard,28,10617009.664624497,10617192.04,0.0017177659365751532,alta
07308311000161,ISOFLAMA INDUSTRIA E COMERCIO DE EQUIPAMENTOS LTDA.,SP,C,family_mature_sweet_spot,41,10609768.07077248,10039785.209999999,5.372246188327674,alta
00145766000164,ECO PACK INDUSTRIA E COMERCIO DE EMBALAGENS LTDA,SP,G,standard,5,10603957.30172742,8907325.95,15.999982869141066,alta
45154080000178,MUNDIAL PESCADOS IMPORTACAO E EXPORTACAO LTDA,SP,G,standard,5,10592081.361450803,8907325.95,15.905801267561653,alta
05911071000160,CARAMELLE DISTRIBUICAO E REPRESENTACOES LTDA,RJ,G,standard,7,10589429.24511274,12470256.33,17.76136410520241,alta
04236740000182,E.M. GUIMARAES COMERCIO DE FRUTAS LTDA,RJ,G,standard,7,10589429.24511274,12470256.33,17.76136410520241,alta
21127646000104,MERCADO SAO LUCAS DE PORTO DA ROCA LTDA,RJ,G,family_mature_sweet_spot,23,10583367.650821788,8749378.48,17.32897534443472,alta
12979176000116,VITON - EQUIPAMENTOS E MAQUINAS LTDA.,SP,C,standard,25,10579609.576198911,12576764.0,18.877392491818544,alta
53069498000105,UTIL KIKO INDUSTRIA E COMERCIO LTDA,SP,C,family_mature_sweet_spot,30,10570782.6199954,11789107.8,11.525401891247391,alta
38896536000100,CARDEPEL PRODUTOS DE PAPEL LTDA,SP,C,standard,18,10566357.905354567,8921709.719999999,15.564948680388088,alta
01067534000106,TECHNO SOFTWARE LTDA,SP,J,partnership_heavy_services,22,10559810.41406358,9319668.82,11.743975937408464,alta
35774593000128,W G COLCHOES LTDA,RJ,G,standard,22,10559792.33032631,8368970.720000001,20.746824765053027,alta
08952522000103,DEGA - LOGISTICA E TRANSPORTE LTDA,SP,H,family_mature_sweet_spot,41,10556727.97216894,8806163.27,16.5824553477556,alta
03255199000197,PORTCROM INDUSTRIAL E COMERCIAL LTDA,SP,C,standard,36,10530095.333473613,8815421.16,16.28355792775131,alta
38386446000179,DOLAR FER COMERCIO DE SUCATAS FERROSAS E NAO FERROSAS LTDA,SP,G,standard,5,10524637.53510288,8907325.95,15.366910068956315,alta
43905645000186,CEMFER COMERCIO DE SUCATAS LTDA,SP,G,standard,5,10524637.53510288,8907325.95,15.366910068956315,alta
43197120000133,M.D INOX PRODUTOS SIDERURGICOS LTDA,SP,G,standard,5,10524637.53510288,8907325.95,15.366910068956315,alta
63018667000131,BALTAZAR COMERCIO E TRANSPORTE LTDA,SP,G,standard,5,10524637.53510288,8907325.95,15.366910068956315,alta
57535700000106,FUNDICAO DE METAIS CHUI LTDA.,SP,C,standard,22,10516783.816741925,11384921.24,8.254780533532184,baixa
60098548000148,SALES TRANSPORTES & CONSTRUCOES LTDA,SP,H,family_mature_sweet_spot,43,10513781.663256656,9235732.21,12.15594439937017,alta
62246350000190,TRANSPORTADORA GATAO LTDA,SP,H,standard,44,10512207.038224518,9450516.68,10.099595207400283,alta
43002724000187,INTERMEC INDUSTRIA E COMERCIO LTDA,SP,C,standard,17,10508060.142168831,8004347.66,23.82659071507819,alta
39395944000140,PLASJOPE INDUSTRIA E COMERCIO DE SACOS PLASTICOS LTDA,SP,C,standard,23,10492406.335850412,11840727.98,12.850452041136155,alta
32678749000189,UNILOG TRANSPORTES E LOGISTICA LTDA,SP,H,standard,38,10490158.740831207,8161809.86,22.19555431290562,alta
43215544000183,MEGAFRIO LOGISTICA LTDA.,SP,H,standard,38,10490158.740831207,8161809.86,22.19555431290562,alta
28784450000131,KI-GRAOS DISTRIBUIDORA DE ALIMENTOS LTDA,SP,G,standard,5,10483500.78887796,8907325.95,15.034813948315232,alta
30697551000117,PNEUBOM COMERCIO DE PNEUS E PECAS LTDA,RJ,G,standard,11,10482174.337555911,7872496.720000001,24.896338617512438,alta
56777895000120,BELL ART TRES RIOS DECORACOES LTDA,RJ,G,recent_startup,23,10478774.621873006,8749378.48,16.5038012962234,baixa
29336393000190,CHROMAX - SUPERFICIES INDUSTRIAIS LTDA,RJ,C,family_mature_sweet_spot,43,10464333.180600066,10529530.83,0.6230463831255385,alta
33473183000111,BORRACHEIRO NOVA BARRA LTDA,RJ,G,standard,11,10463596.167782757,7872496.720000001,24.762991673557792,alta
40944105000113,BSB INDUSTRIA E COMERCIO DE PLASTICOS LTDA,SP,G,standard,5,10463521.77292376,8907325.95,14.87258168612691,baixa
37606426000101,GELATERIA PIEMONTE LTDA,RJ,C,standard,23,10431783.14464385,8493941.4,18.576323124957078,alta
07598663000107,DMA - INDUSTRIA E TECNOLOGIA LTDA,SP,C,standard,18,10430838.313776935,9626772.06,7.708548724362185,alta
53339511000107,BATATAIS TRATORES E IMPLEMENTOS LTDA,SP,G,standard,6,10425420.361185776,10688791.14,2.5262365419313317,baixa
01200009000109,JLM INDUSTRIA E COMERCIO DE ALIMENTOS LTDA,SP,C,family_mature_sweet_spot,40,10425214.526496688,10059510.0,3.507884903156809,alta
22035493000138,TREND AUTO LTDA,RJ,G,standard,15,10421268.531511195,10735222.8,3.0126300607213987,alta
11254180000154,SUA CASA COMERCIO DE VARIEDADES IMPORTACAO E EXPORTACAO LTDA,SP,G,standard,5,10421176.360125696,8907325.95,14.526674895533938,alta
30628488000167,LAPTECH HEALTHCARE LTDA,SP,C,standard,22,10402222.519027041,8634493.120000001,16.993766435909528,baixa
28793099000145,"PANIL PADARIA, LANCHONETE E MERCEARIA LTDA",RJ,G,standard,22,10401285.619743224,8368970.720000001,19.539074053361063,alta
43472117000180,HELENO TUR TRANSPORTES LTDA,SP,H,labor_intensive_midcap,50,10397902.021152262,10739223.5,3.2825994912569314,alta
34636601000107,BETIOL MEDEIROS E CIA. LTDA.,SP,N,labor_intensive_midcap,97,10386651.583366519,8209120.67,20.964705476918848,alta
15500776000148,ZUIKO INDUSTRIA DE MAQUINAS LTDA.,SP,C,standard,16,10385794.606244924,8049128.96,22.49866991245811,baixa
57375586000196,METALURGICA TWO LTDA,SP,C,family_mature_sweet_spot,21,10383854.232368398,12246923.85,17.94198547032823,alta
27513462000169,VIACAO SC MIRIM-GUACU LTDA.,SP,H,standard,40,10378955.020322552,8591378.8,17.223084759712137,alta
71581763000111,CAMBARA INDUSTRIA METALURGICA LTDA,SP,C,standard,19,10370587.475574741,12236608.19,17.993394480497766,alta
07569754000106,TRANSPORTADORA MADEMIL LTDA,SP,H,labor_intensive_midcap,51,10355760.212219153,10954007.97,5.776956452457763,alta
04088710000176,CALMART COMPONENTES PARA CALCADOS E VESTUARIO LTDA,SP,C,labor_intensive_midcap,53,10355471.686866354,8449739.120000001,18.403145935721664,alta
08773664000103,M. C. BORRACHAO COMERCIO DE PNEUS LTDA,RJ,G,standard,11,10340280.609277448,7872496.720000001,23.86573423416881,alta
17433664000147,DSM DISTRIBUIDORA DE MARILIA LTDA,SP,G,standard,5,10339180.496136157,8907325.95,13.848820481190499,alta
04484566000197,"SIATEC INDUSTRIA, COMERCIO E EXPORTACAO DE MAQUINAS LTDA",SP,C,standard,17,10330971.96889182,8004347.66,22.520865567128155,alta
49589229000100,M R POUSA E CIA LTDA,SP,G,standard,6,10322496.140301198,10688791.14,3.548511859149165,alta
29310414000107,SALUTRAN SERVICO DE AUTO TRANSPORTE LTDA,RJ,H,family_mature_sweet_spot,43,10322460.022523027,9235732.21,10.527798704493376,alta
44683019000155,TEXTIL PILOTTO LTDA,SP,C,family_mature_sweet_spot,31,10318846.405545654,9122022.180000002,11.598430468956717,alta
15140938000184,MONO TEXTIL DO BRASIL LTDA,SP,C,standard,48,10315970.458668737,12625564.32,22.38852728964982,alta
07618928000183,FRAY INDUSTRIA E COMERCIO DE PRODUTOS DE FERRO E ACO LTDA,SP,C,standard,18,10315594.058901664,11866452.299999999,15.034114683487848,alta
07600494000194,AGRICEF - SOLUCOES TECNOLOGICAS PARA AGRICULTURA LTDA,SP,C,standard,23,10311218.551396541,12711983.62,23.283039309435456,alta
45461761000189,PROTEGE INDUSTRIA E COMERCIO DE MATERIAIS CONTRA INCENDIO LTDA,SP,C,standard,18,10294756.127272084,11760609.24,14.2388328058077,alta
62050323000147,PRICEMAQ INDUSTRIAL E COMERCIO IMPORTACAO E EXPORTACAO LTDA,SP,C,standard,18,10294756.127272084,11760609.24,14.2388328058077,alta
45333263000150,SANTO ANDRE COMERCIO E DISTRIBUICAO DE MILHO VERDE E HORTIFRUTIS LTDA,SP,G,standard,7,10291720.357399764,12470256.33,21.167850436529452,baixa
57580508000123,SERRARIA CIDADE AZUL LTDA,SP,C,standard,38,10283076.203304127,11338285.72,10.261613313308104,alta
04032049000187,CONNECTORS HUB SOCIAL E CONTENT LTDA,SP,J,partnership_heavy_services,17,10281361.88846778,7820936.53,23.930928462186966,baixa
14005602000146,VICK POWER INDUSTRIA E COMERCIO DE FERRAGENS LTDA,SP,C,standard,18,10280709.367787683,11866452.299999999,15.424450545999175,alta
04793084000119,TESTONIK INDUSTRIA METALURGICA LTDA,SP,C,standard,18,10280709.367787683,11866452.299999999,15.424450545999175,alta
29044316000167,GBM CONSULTORIA & TECNOLOGIA LTDA,SP,J,partnership_heavy_services,29,10276448.991833156,12285017.99,19.54536046218965,alta
27519883000105,MOTO PECAS DUAS RODAS LTDA,RJ,G,standard,12,10273418.907139936,8588178.24,16.403893215808697,alta
30165638000143,MULT BRAS RECICLAGEM E TRANSPORTE LTDA,RJ,G,standard,5,10256448.514571786,8907325.95,13.153895938297053,alta
65017329000100,"FASA INDUSTRIA, COMERCIO E IMPORTACAO LTDA",SP,C,family_mature_sweet_spot,27,10236931.992885686,12678916.23,23.85464940874286,baixa
08646237000156,VIACAO CANA VERDE LTDA,SP,H,labor_intensive_midcap,59,10233636.534678867,12672283.73,23.82972257278491,alta
35126228000107,TRANSRAMPAZO TRANSPORTES LTDA.,SP,H,standard,43,10231914.73575255,9235732.21,9.736032321220096,alta
10405500000167,PRETO DISTRIBUIDORA DE FRIOS LTDA,SP,G,standard,5,10228621.512134174,8907325.95,12.917630792836816,baixa
60332954000123,ALCANCE TRANSPORTES RODOVIARIO ESPECIALIZADO LTDA,SP,H,standard,37,10214101.931861965,7947025.39,22.195554312905628,alta
00293344000136,LUBEKA INDUSTRIA E COMERCIO LTDA,SP,C,standard,39,10203745.666035242,11317784.399999999,10.917939063034545,alta
14665197000192,CITROMIL ARARAS - COMERCIO DE FRUTAS LTDA,SP,G,standard,6,10190922.197402794,10688791.14,4.8854159903614125,baixa
09295306000197,FORT BLIND COMERCIO DE PECAS E MANUTENCAO LTDA,RJ,G,standard,11,10178142.24667949,7872496.720000001,22.652911216992294,alta
02312278000120,AUTO MECANICA VANILDA CAR LTDA,RJ,G,standard,11,10178142.24667949,7872496.720000001,22.652911216992294,alta
49441961000120,P. R. FIORIO INSTRUMENTOS MUSICAIS LTDA,SP,C,standard,35,10171090.72262367,9206140.65,9.487183812816859,alta
06529134000180,POLY VENT EQUIPAMENTOS INDUSTRIAIS LTDA,SP,C,family_mature_sweet_spot,20,10164269.064282363,10667449.399999999,4.950482248505508,baixa
53921193000180,INDUSTRIA E COMERCIO DE FIOS TEXTEIS IPIRANGA LTDA,SP,G,standard,5,10163876.526318673,8907325.95,12.362906741979016,baixa
24725219000116,IMPERIAL RIO RJ MATERIAL DE CONSTRUCAO LTDA,RJ,G,standard,5,10160955.775018487,8907325.95,12.337715592667333,alta
02817545000110,RICH 3.000 COMERCIO LTDA,RJ,G,standard,5,10160955.775018487,8907325.95,12.337715592667333,alta
01734738000145,SPECIAL CLEAR COM DE MATERIAL DE LIMPEZA E CONSTRUCAO L,RJ,G,standard,5,10160955.775018487,8907325.95,12.337715592667333,alta
28392065000149,"BMAK SERVICOS DE MANUTENCAO, LOGISTICA E ADMINISTRACAO LTDA",RJ,N,labor_intensive_midcap,56,10149442.634734409,7768897.359999999,23.454936003948397,alta
11995774000116,V. P. VIOLA COMERCIO DE CARNES E DERIVADOS LTDA,SP,G,standard,6,10146864.347101806,10688791.14,5.340830175314037,baixa
01482680000190,JACARE MECANICA INDUSTRIAL DE OURINHOS LTDA,SP,C,family_mature_sweet_spot,22,10140881.73845919,11734194.34,15.711775786697007,alta
18366017000122,UNIBR LTDA,SP,M,standard,34,10140734.006188141,7974513.34,21.36157663603302,alta
05670917000117,MANULATEX LEAL LTDA.,SP,C,family_mature_sweet_spot,36,10138661.474402057,10447185.6,3.0430459324132655,alta
13034716000151,LATICINIOS RIO DAS OSTRAS PADARIA E CONFEITARIA LTDA,RJ,G,standard,20,10132701.23274445,7608155.2,24.914837364258045,alta
11096353000153,CEREALISTA SAO LUIS HORTIFRUTI LTDA,SP,G,standard,5,10132666.21076742,8907325.95,12.092969760173485,alta
13240636000152,RPX COMERCIAL E SERVICOS LTDA,RJ,M,family_mature_sweet_spot,39,10131345.502154876,9147235.89,9.713513490834567,baixa
12581116000140,INDUSTRIA TEXTIL TATUI LTDA,SP,C,family_mature_sweet_spot,49,10129312.035183564,9817105.9,3.082204735120549,alta
23436614000116,PET ONCO CENTER COMERCIO E SERVICOS LTDA.,SP,M,partnership_heavy_services,35,10124699.553595277,8209057.850000001,18.920479501192037,alta
10353071000121,PIRONDI SOFTWARE LTDA,SP,N,family_mature_sweet_spot,24,10119974.227668017,9100450.32,10.074372569849414,baixa
09210775000166,LUMIGAZ BRASIL COMERCIAL LTDA,SP,G,standard,5,10082729.337826071,8907325.95,11.657591396572188,baixa
56729346000180,ORQUIDEA PALACE PAES E DOCES LTDA,SP,C,standard,48,10079910.437607903,12071412.0,19.75713548963543,alta
16843166000100,EMBALATEX INDUSTRIA E COMERCIO DE MADEIRA LTDA,SP,C,standard,40,10077120.634596633,11855933.600000001,17.651996338084636,alta
46875392000133,DIMPE MAQUINAS AGRICOLAS LTDA,SP,C,standard,11,10075895.731263062,10904588.2,8.224504211230625,alta
23230886000165,V R NOGUEIRA ATACADO DISTRIBUICAO E LOGISTICA LTDA,RJ,G,standard,6,10075733.5791386,10688791.14,6.084495546117974,alta
11137073000146,FRIPAN COMERCIO DE ALIMENTOS LTDA,RJ,G,standard,6,10075733.5791386,10688791.14,6.084495546117974,alta
30774731000155,EMPRESA DE TRANSPORTES CONTINENTAL LIMITADA,RJ,H,family_mature_sweet_spot,40,10074172.129961492,8591378.8,14.718761113397411,alta
00408186000112,MERCAM TRANSPORTES LTDA,SP,H,standard,43,10064355.214748532,9235732.21,8.233244823615207,alta
07033790000150,"SAWAFISH COMERCIAL, IMPORTADORA E EXPORTADORA DE PRODUTOS DO MAR LTDA",SP,C,standard,22,10053443.239899587,8844059.18,12.029550782162335,alta
58656372000150,PRONAP PRODUTOS NACIONAIS PARA PANIFICACAO LTDA,SP,C,family_mature_sweet_spot,35,10047344.73735144,8802071.25,12.3940555430738,alta
22781010000144,LOGFOOD TRANSPORTES DE JALES LTDA,SP,H,standard,40,10046045.252959652,8591378.8,14.479991044546548,alta
01792593000139,MORFER COMERCIO DE SUCATAS LTDA,SP,G,standard,5,10036280.007805014,8907325.95,11.248730176191277,baixa
33841370000100,TRANSPORTADORA PEDRO ERNESTO LTDA,RJ,H,standard,56,10026085.903877864,12027930.32,19.966360106169333,alta
26397761000112,NPG TRANSPORTES LTDA,SP,H,standard,41,10024768.562640067,8806163.27,12.15594439937018,alta
51066108000118,PADARIA E CONFEITARIA NOVA PAO BOM LTDA,SP,G,family_mature_sweet_spot,20,10024711.631075716,7608155.2,24.10599446656007,alta
49114275000145,AGROCOMERCIAL MINEIRO LTDA,SP,G,standard,5,10022062.80997993,8907325.95,11.122828514603606,alta
10956588000105,CENTER SHIP REPAROS E MONTAGENS INDUSTRIAIS LTDA,RJ,C,standard,38,10021667.745879212,9362413.78,6.5782859958642135,alta
73100810000193,NEW QUALITY RENT A CAR LOC E TRANSP RODOVIARIOS LTDA,SP,H,family_mature_sweet_spot,38,10002832.299951537,8161809.86,18.405011548183765,alta
08635733000104,CORREA & OLIVEIRA TRANSPORTADORA LTDA,SP,H,family_mature_sweet_spot,42,9993963.230269935,9020947.74,9.736032321220115,alta
06007378000101,GARAGEM VERDE SUPERMERCADO LTDA,RJ,G,standard,22,9987573.831401078,8368970.720000001,16.206169173059482,alta
33464413000186,MAQUIMOTOR COMERCIO DE MAQUINAS LTDA,RJ,C,standard,17,9976847.852376578,12010778.63,20.386506918003377,alta
03794604000145,METALMAX LIGAS ESPECIAIS LTDA,SP,C,standard,14,9975677.559797218,12084529.38,21.139935684184753,baixa
39726240000103,"POLO CARGO * SERVICOS, LOGISTICA E SOLUCOES EM TRANSPORTES LIMITADA",SP,H,standard,39,9970387.259245533,8376594.33,15.98526604638762,alta
71666838000167,EXITO-NATURAVENE COMERCIAL DE COSMETICOS E PRODUTOS NATURAIS LTDA,SP,C,standard,11,9969891.247987,12403045.82,24.40502620832773,alta
08332794000100,IMPERIUM LOGISTICA LTDA,SP,H,family_mature_sweet_spot,45,9969700.152622547,9665301.15,3.0532413007674455,alta
43507176000147,MCT INSTALACOES E SERVICOS LTDA,SP,C,standard,15,9953781.82223778,10597745.85,6.469541318692931,alta
67511477000102,JE DISTRIBUIDORA DE FRANGOS LTDA,SP,G,standard,5,9952017.767543169,8907325.95,10.497286499530336,baixa
15271358000126,GAMELAO - BENEFICIAMENTO E COMERCIO DE CEREAIS LTDA.,SP,G,standard,5,9951586.31639723,8907325.95,10.493406108296545,alta
02910587000100,AMERIC CENTER FITNESS LTDA,SP,G,standard,5,9949683.599107478,8907325.95,10.476289408850969,alta
16837386000120,CASTELLAR AUTO PECAS LTDA,RJ,G,standard,11,9945392.84431019,7872496.720000001,20.842777723919717,alta
17467596000137,CENTRO AUTOMOTIVO  PRACA DA BANDEIRA LTDA,RJ,G,standard,11,9945392.84431019,7872496.720000001,20.842777723919717,alta
31190186000112,BMG SERVICOS DE MONITORAMENTO E COMERCIO VAREJISTA LTDA,RJ,G,standard,11,9945392.84431019,7872496.720000001,20.842777723919717,alta
29711769000108,MIRLENA AUTO PECAS LTDA,RJ,G,standard,11,9945392.84431019,7872496.720000001,20.842777723919717,alta
00737906000193,BABY TRANSPORTE LTDA,SP,H,family_mature_sweet_spot,36,9938045.122892722,7732240.92,22.19555431290562,alta
64788334000154,DIV DESIGN INDUSTRIA E COMERCIO DE PAREDES DIVISORIAS LTDA,SP,C,standard,39,9924314.86206489,9738167.4,1.8756706599105184,alta
07651877000191,CONTELESIS SOLUCOES TECNOLOGICAS LTDA.,SP,J,partnership_heavy_services,28,9922088.681769945,11861396.68,19.545360462189628,alta
44786091000108,FY MOTORS COMERCIO DE VEICULOS LTDA,SP,G,standard,11,9909089.58765131,7872496.720000001,20.55277479970822,alta
28695755000177,FIBERNETT TELECOMUNICACOES LTDA,SP,J,partnership_heavy_services,12,9901379.197166873,8401889.76,15.144248162881482,baixa
12842796000109,GARRA - CONSULTORIA AMBIENTAL LTDA,SP,M,family_mature_sweet_spot,38,9893918.329819307,8912691.38,9.917475737211044,alta
31104928000140,JORMANIA ROUPAS LTDA,RJ,G,standard,22,9881895.494162146,8368970.720000001,15.310066525758389,alta
03502394000174,BALAFRE PRESTACAO DE SERVICOS E LOCACOES DE CAMINHOES LTDA,SP,H,family_mature_sweet_spot,41,9876480.311648468,8806163.27,10.837029061720704,alta
61207296000100,CAMERA PRESS LETTERA EDITORA LTDA,SP,M,family_mature_sweet_spot,32,9875546.966179097,7505424.32,23.999912655937784,alta
54045596000175,PAES E DOCES ARTUR PRADO LTDA,SP,C,standard,47,9869912.303491073,11819924.25,19.757135489635417,alta
15254971000135,HITS INDUSTRIA E COMERCIO DE CALCADOS LTDA,SP,C,labor_intensive_midcap,59,9869591.969533693,8189348.68,17.024445333914645,alta
39433583000180,MARITIMA CONFECCOES DE ROUPAS LTDA,RJ,C,labor_intensive_midcap,55,9866598.301824836,10754310.05,8.997140868813739,alta
16897017000123,ATOS PHARMA PRODUTOS HOSPITALARES LTDA,RJ,G,standard,6,9863654.83601535,10688791.14,8.365421516695976,alta
32212047000105,LA HORT FRUT LTDA,RJ,G,standard,20,9863307.885913055,7608155.2,22.864060536261903,alta
39619016000112,ADCO COMERCIO DE ADITIVOS LTDA,SP,G,standard,6,9860293.376033638,10688791.14,8.402364233706312,baixa
62107438000120,DESCASK DISTRIBUIDORA DE FRUTAS LTDA,SP,G,standard,5,9854779.142846324,8907325.95,9.614149430574399,alta
05766885000158,SKI PRODUTOS ELETRICOS LTDA,SP,C,standard,22,9845029.473320035,10451511.84,6.160290005464461,alta
05004439000106,CUB ENGENHARIA E COMERCIO LTDA,RJ,M,family_mature_sweet_spot,39,9844632.2612987,9147235.89,7.084026632871897,alta
66941584000108,VAROGLASS INDUSTRIA E COMERCIO DE FIBERGLASS LTDA,SP,C,family_mature_sweet_spot,21,9839605.04074178,9704319.66,1.3749066164914057,baixa
02009507000131,BRASCON TUBOS E CONEXOES LTDA,SP,C,family_mature_sweet_spot,20,9839519.587202564,10061411.2,2.255106164797224,alta
29650973000158,US SERVICE LTDA,SP,C,labor_intensive_midcap,60,9837995.758713808,7975860.600000001,18.92799310331536,alta
12609440000120,TRANSPORTES E LOGISTICA SANTA LUZIA LTDA,RJ,H,standard,48,9831296.942524258,10309654.56,4.865661369728913,alta
18591633000187,BPJ LTDA,SP,G,standard,5,9827900.352099348,8907325.95,9.366948881433295,alta
27514567000132,JETMAQ TECNOLOGIA COMERCIAL DE MAQUINAS LTDA,SP,C,standard,15,9810989.779638233,9800507.700000001,0.10684018507476276,alta
02897731000107,TECNOCRIMPER INDUSTRIA E COMERCIO LTDA,SP,C,standard,15,9808401.48408013,9800507.700000001,0.08047982225178485,alta
60229457000102,LUPON COMERCIAL LTDA,SP,G,standard,5,9806333.048338143,8907325.95,9.167617435658038,alta
46339373000192,ALC MORAES COMERCIAL LTDA.,SP,G,standard,5,9805409.559395285,8907325.95,9.159062698556696,baixa
14409887000180,NET GALILEU SERVICOS DE TELECOMUNICACOES LTDA,SP,J,partnership_heavy_services,12,9804881.929863082,8401889.76,14.30911845648991,baixa
03485662000197,TRANSPAREIA COMERCIO DE MATERIAIS DE CONSTRUCAO E TRANSPORTES LTDA,SP,G,standard,5,9803429.101470599,8907325.95,9.14071129801078,alta
16708480000180,MASTER PORT PORTARIA E LIMPEZA LTDA,SP,N,labor_intensive_midcap,89,9802211.251296114,7532079.79,23.15938111409242,alta
17726227000111,DEANCOR INDUSTRIA E COMERCIO DE PRODUTOS QUIMICOS LTDA,SP,C,standard,6,9801828.852297924,8422306.02,14.074137113448087,alta
02981079000104,DOM DIEGO COMERCIO DE FRUTAS LTDA,SP,G,standard,5,9787942.159164047,8907325.95,8.996949459285096,alta
64995160000109,KREITON CALDEIRARIA E USINAGEM LTDA,SP,C,standard,41,9787782.305862423,10039785.209999999,2.574668053115955,alta
12804436000112,GERICKE EQUIPAMENTOS INDUSTRIAIS LTDA.,SP,C,family_mature_sweet_spot,24,9782965.56040102,12073693.44,23.415475250891898,alta
04427579000124,ORIGEM FERRAMENTARIA LTDA,RJ,C,standard,40,9766175.266692484,8879668.0,9.077322928208288,alta
56405889000141,PASTIFICIO GUIDOLIM LTDA,SP,C,family_mature_sweet_spot,20,9765699.985224893,8784359.399999999,10.048850432735218,alta
17808782000192,EXPRESSO FOOD DISTRIBUIDORA DE ALIMENTOS LTDA,SP,G,standard,5,9747240.663576983,8907325.95,8.616948555661875,alta
46249264000184,BAZEN REPRESENTACOES LTDA,SP,G,standard,5,9742786.458312357,8907325.95,8.57517006953959,alta
43038154000185,LLTT INDUSTRIA ALIMENTICIA LTDA,SP,C,standard,48,9742562.301651977,12071412.0,23.903872782554714,alta
03699666000178,LOGIC SOLUTION PROVIDER LTDA,SP,J,family_mature_sweet_spot,23,9741580.814838737,9743290.13,0.01754658913941234,alta
03775162000190,MULT-MANTAS ARTEFATOS E FIBRAS TEXTEIS LTDA,SP,C,family_mature_sweet_spot,42,9739152.54692509,8414662.200000001,13.599646792094514,alta
47946090000171,RADIO NOTICIAS DE AMERICANA LTDA,SP,J,partnership_heavy_services,19,9737626.47439277,8741046.71,10.234319081898393,baixa
07571294000150,DRUMPACK EMBALAGENS INDUSTRIAIS LTDA,SP,C,labor_intensive_midcap,58,9736330.560144769,7872859.100000001,19.139361062501358,alta
11122853000112,ALCOFLAME INDUSTRIA E COMERCIO DE PRODUTOS QUIMICOS E MAQUINAS LTDA,SP,C,standard,11,9721742.918648388,11777628.940000001,21.147298777135763,alta
23265087000124,PRO-POLIMEROS COMERCIO IMPORTACAO E EXPORTACAO DE ARTEFATOS DE PLASTICOS LTDA,SP,G,standard,5,9710980.577745805,8907325.95,8.275730975999505,baixa
53075519000103,VS DISTRIBUIDORA DE FOLHEADOS LTDA,SP,G,standard,5,9707557.02320244,8907325.95,8.243382668675286,alta
03267644000139,HOUSE COMERCIO DE VESTUARIO E ACESSORIOS LTDA,SP,G,standard,5,9697394.76772801,8907325.95,8.147227545662918,baixa
17009816000189,NOVA STEEL FERRO E ACO LTDA,RJ,G,standard,6,9693593.912088742,10688791.14,10.266545482890116,baixa
05005802000108,ABARON EMPACOTADORA LTDA,RJ,G,standard,5,9686703.20324526,8907325.95,8.045846320388469,alta
07741967000173,ZILHOES ARTE EM CONFECCAO LTDA,SP,C,family_mature_sweet_spot,47,9681248.986642078,9190046.77,5.07374841117944,alta
43001379000167,PAPYTEX INDUSTRIA E COMERCIO DE PRODUTOS TEXTEIS LTDA,SP,C,family_mature_sweet_spot,39,9676571.22665168,7813614.9,19.2522359730132,alta
24302595000106,PONTO A PONTO EMBALAGENS E DESCARTAVEIS LTDA.,SP,G,standard,5,9675499.365344416,8907325.95,7.939367120376764,baixa
29957995000165,MASTER DEPOT COMERCIO E DISTRIBUICAO LTDA,RJ,G,standard,5,9672312.52837905,8907325.95,7.909034950375528,alta
02796887000100,FLASH-RIO PRODUTOS PARA PANIFICACAO LTDA,RJ,G,standard,5,9672312.52837905,8907325.95,7.909034950375528,alta
07194472000171,ABM CESTAS BASICAS LTDA.,RJ,G,standard,5,9672312.52837905,8907325.95,7.909034950375528,alta
50686591000170,RECC RADIODIFUSAO E COMUNICACAO LTDA,SP,J,partnership_heavy_services,26,9671545.446418308,11961432.34,23.6765355264883,alta
37647753000101,SS SEABRA RAMOS LTDA,RJ,G,standard,21,9663074.811619895,7988562.96,17.32897534443473,alta
17000788000139,ASTROLOG SERVICOS LTDA,SP,H,standard,35,9661988.313923478,7517456.45,22.195554312905603,alta
69083244000181,J.L FERREIRA TRANSPORTES LTDA,SP,H,standard,35,9661988.313923478,7517456.45,22.195554312905603,alta
07316584000158,S.D.L. TRANSPORTES E DISTRIBUICAO LTDA,SP,H,family_mature_sweet_spot,35,9661988.313923478,7517456.45,22.195554312905603,alta
55730212000116,COMERCIAL ADETRIL LTDA,SP,G,standard,5,9661273.740164658,8907325.95,7.8038135595960165,alta
07069853000129,OLIVEIRA & SILVA EQUIPAMENTOS INDUSTRIAIS LTDA,SP,C,standard,18,9655404.172363808,11142714.24,15.403913094526345,alta
10313157000120,GRID MOTORS PECAS E ACESSORIOS PARA MOTOS LTDA,SP,G,standard,11,9648462.249452092,7872496.720000001,18.4067210249275,alta
49714918000191,ROCHESTER INDUSTRIA E COMERCIO TEXTIL LTDA,SP,C,standard,32,9638585.65305025,9416280.96,2.3064036680516242,baixa
01226623000140,M B BUGIGANGAS COMERCIO DE UTILIDADES DOMESTICAS LTDA,SP,G,standard,5,9635264.737061294,8907325.95,7.554943293476253,baixa
04022407000170,ASPEM - USINAGEM E FERRAMENTARIA LTDA,SP,C,standard,19,9618654.859298961,8543397.5,11.178874541479592,alta
08261814000191,CONDUTIVA TECNOLOGIA LTDA,SP,C,standard,20,9592122.697727002,10061411.2,4.892436398714979,alta
62314935000108,POLYVIG TECNOSELO LTDA,SP,C,standard,26,9591543.620833486,9956426.74,3.804216855918404,alta
53846051000103,GISAMAR USINAGEM LTDA,SP,C,standard,47,9589451.116213113,11509022.07,20.017526869097054,alta
48612352000124,BASS EQUIPAMENTOS LTDA,SP,C,standard,15,9577909.956917185,9888710.25,3.2449698784060304,alta
13076584000120,J G LOG TRANSPORTES LTDA,SP,H,standard,36,9559659.513225257,7732240.92,19.115938080191302,alta
14106879000165,H2RS COMERCIAL E SERVICOS LTDA,SP,H,standard,36,9551647.33913981,7732240.92,19.048090392579965,alta
19515660000133,PG TINTAS SERIGRAFICAS LTDA,SP,C,standard,10,9548620.080528466,11032125.2,15.536329929983234,alta
13756462000185,TEC COR INDUSTRIA DE TINTAS LTDA,SP,C,standard,10,9548620.080528466,11032125.2,15.536329929983234,alta
12606484000104,MACAN COMERCIO DE PRODUTOS DE HIGIENE E UTILIDADES PARA O LAR LTDA,RJ,G,standard,5,9530322.663082572,8907325.95,6.536994969707194,baixa
12606484000104,MACAN COMERCIO DE PRODUTOS DE HIGIENE E UTILIDADES PARA O LAR LTDA,RJ,G,standard,5,9530322.663082572,8907325.95,6.536994969707194,baixa
02925523000174,P.Q.A QUIMICA LTDA,SP,C,standard,11,9530085.687177157,11777628.940000001,23.583662588122795,alta
52494010000124,INDUSTRIA E COMERCIO TEXTIL WLAMAR LTDA,SP,C,family_mature_sweet_spot,41,9523293.467483692,11809976.610000001,24.011474080095866,alta
53157671000127,CVT COMERCIO E SERVICOS AUTOMOTIVOS LTDA,RJ,G,standard,13,9510959.478927184,9303859.76,2.1774850306747866,alta
51318936000104,V MENDES CORTES LAVAGEM E CONSERVACAO LTDA,RJ,G,standard,13,9510959.478927184,9303859.76,2.1774850306747866,alta
00013609000103,DERIG INDUSTRIA E COMERCIO DE MATERIAIS MEDICO - ODONTOLOGICOS LTDA,SP,C,family_mature_sweet_spot,30,9499688.487686947,11774308.8,23.94415685589386,alta
01111391000184,PAO DE QUEIJO ARTE MINEIRA LTDA,SP,C,standard,30,9492901.07040641,7544632.5,20.52342646317077,alta
65599979000101,INDUSTRIA E COMERCIO DE CALCADOS TOSCAFER LTDA,SP,C,labor_intensive_midcap,53,9492800.701140005,7356533.56,22.504076598631823,alta
46510792000145,RAMOS DIGITAL HUB LTDA,SP,J,partnership_heavy_services,23,9484930.34748547,9743290.13,2.7238975200595372,alta
57961310000190,POLE SCOLA CONFECCOES LTDA,SP,C,family_mature_sweet_spot,46,9475264.965649692,8994513.86,5.0737484111794355,alta
28940217000109,DM CAR SERVICOS ESPECIALIZADOS  LTDA,SP,G,standard,10,9462946.75533322,7156815.2,24.370120798085523,alta
09533031000182,JUNTAS AMF INDUSTRIA E COMERCIO DE PECAS LTDA,SP,C,standard,15,9444385.582416413,9888710.25,4.704643448810812,alta
37953671000187,GUIZO PRODUCAO DE CONTEUDO LTDA,SP,J,standard,20,9438944.040246917,9201101.8,2.5197971217201367,alta
45665304000106,TORRETELLI INDUSTRIA E COMERCIO DE PECAS LTDA,SP,C,family_mature_sweet_spot,21,9438910.753669411,11200821.87,18.666466526825022,alta
43837407000180,POLIART - SISTEMAS CONSTRUTIVOS E SERVICOS LTDA,SP,G,standard,5,9430113.883315032,8907325.95,5.543813571965622,baixa
28392065000149,"BMAK SERVICOS DE MANUTENCAO, LOGISTICA E ADMINISTRACAO LTDA",RJ,N,labor_intensive_midcap,52,9424482.446539095,7213976.12,23.454936003948394,alta
23632470000173,CRASVIA ENGENHARIA LTDA,SP,M,family_mature_sweet_spot,31,9411629.38305848,7270879.8100000005,22.74579125387112,alta
40632024000188,"RIVAS, LOGISTICA E TRANSPORTADORA LTDA",SP,H,standard,34,9385931.504954237,7302671.98,22.195554312905614,alta
13693708000117,NW SOFTWARE TECNOLOGIA DA INFORMACAO LTDA,SP,J,family_mature_sweet_spot,25,9385920.847838847,10590532.75,12.834243135968068,alta
28541482000106,MAISON PRESENTES EM GERAL COMERCIO IMPORTACAO E EXPORTACAO LTDA,RJ,G,standard,5,9365669.696142448,8907325.95,4.893870497389337,alta
08956901000163,GIACOMINI DE CAMPOS DOS GOYTACAZES ALUGUEL DE EQUIPAMENTOS LTDA,RJ,N,standard,20,9349870.694285884,7583708.6,18.88969539830389,alta
07435906000188,R. R. CORTEZ ALIMENTOS LTDA,SP,G,standard,5,9339532.718445756,8907325.95,4.627712986027017,baixa
57954810000102,INDUSTRIA DE TIJOLOS PARATEI LTDA,SP,C,family_mature_sweet_spot,37,9338220.53965761,10031947.639999999,7.42890037128878,alta
05557185000153,GSN DO BRASIL METALURGICA LTDA,SP,C,family_mature_sweet_spot,20,9337837.996838767,10061411.2,7.748830118986759,alta
03749855000108,R.A.M MARQUES COMERCIO DE PRODUTOS MEDICOS LTDA,RJ,G,standard,5,9327177.607347032,8907325.95,4.5013794635615705,baixa
05646038000150,AUTOCAR 258 INDUSTRIA E COMERCIO LTDA,RJ,G,standard,10,9325518.950026106,7156815.2,23.25558246836263,alta
58178393000108,RADIO A TRIBUNA DE SANTOS LIMITADA,SP,J,partnership_heavy_services,23,9321912.757756228,10581267.07,13.509612726164342,alta
07898161000193,MAXWELD COMERCIO E SERVICOS DE SOLDAGEM LTDA,SP,C,standard,14,9310775.556077318,9229462.9,0.8733177551921933,alta
51054110000177,PTZ CONSTRUCOES MECANICAS LTDA,SP,C,standard,22,9310056.427055044,11067552.32,18.87739249181852,alta
04756423000197,VICTORIA VEICULOS CATANDUVA LTDA,SP,G,standard,11,9304851.006168338,7872496.720000001,15.393629465090905,alta
07098329000186,OFICIO NATURAL INDUSTRIA E COMERCIO DE MOVEIS LTDA,SP,C,standard,38,9300579.688907037,9488470.8,2.0202086039547105,alta
48920649000157,GILBERTO CARLOS E CIA LTDA,SP,G,standard,5,9282288.551092265,8907325.95,4.039549072713791,alta
05866238000118,PLASPECA PLASTICOS INJETADOS LTDA,SP,C,standard,22,9274676.302024905,8424668.78,9.164821437911815,alta
51779756000111,WINVENT PHARMA LTDA,SP,C,standard,6,9271265.331441699,8077266.540000001,12.87848798148924,alta
01287116000116,GLACIWALL INDUSTRIA E COMERCIO LTDA,SP,C,family_mature_sweet_spot,45,9269280.944657307,8798980.95,5.073748411179431,alta
00329959000175,MAEBRAZ INDUSTRIAL LTDA,SP,C,family_mature_sweet_spot,34,9266524.516164187,8325675.54,10.153202255311628,alta
74355769000169,PURA - LINHA INDUSTRIA E COMERCIO DE RACOES E CEREAIS LTDA,SP,C,standard,9,9262001.931440938,8719083.450000001,5.86178328896626,alta
52554151000195,PREVI COMERCIO DE CARNES EM GERAL LTDA,SP,C,standard,16,9251915.32260043,9425837.44,1.8798498617331207,alta
27342600000194,A. C. COSTA TRANSPORTES LTDA,SP,H,standard,33,9251289.422269896,7087887.51,23.384869000661787,alta
07652139000169,LUCIANO AUGUSTO DE SORDI & CIA LTDA,SP,G,standard,11,9248839.475189911,7872496.720000001,14.881248170453834,alta
68878347000175,SAINT GERMAIN PANIFICADORA E CONFEITARIA LTDA,SP,C,family_mature_sweet_spot,44,9239917.901140578,11065461.0,19.757135489635424,alta
04305299000143,OPEN X TECNOLOGIA LTDA.,SP,J,partnership_heavy_services,11,9228519.036603536,7701732.279999999,16.544222865529846,baixa
35718314000109,MERCADO GUTI BONSUCESSO LTDA,RJ,G,standard,19,9226076.236761175,7227747.44,21.659573858699115,alta
09251895000101,ORION SERVICES TECHNOLOGIES LTDA,RJ,J,partnership_heavy_services,18,9222568.430335812,7625183.58,17.32039032729246,baixa
58343468000169,J NUNES FILHO & NUNES LTDA,SP,C,family_mature_sweet_spot,20,9221639.98219524,11482163.4,24.51324734178829,alta
11564298000189,MAGAZINE DINIZ LTDA,RJ,G,standard,19,9221441.909225455,7227747.44,21.620203096772666,alta
50551885000195,FLEXIPET COMERCIO DE PRODUTOS LTDA,SP,G,standard,5,9220170.077234695,8907325.95,3.3930407423517224,alta
03413363000147,BOULANGERIE DA TORRE LTDA.,SP,C,standard,44,9213681.65427221,11065461.0,20.09814768094527,alta
07151245000169,KAPELE COURO & MODA COMERCIO DE COMPONENTES PARA CALCADOS LTDA,SP,G,standard,5,9207135.239111502,8907325.95,3.256271156286767,alta
71681704000115,PANIFICADORA DUAS AVENIDAS DE PAULINIA LTDA,SP,C,family_mature_sweet_spot,39,9202257.231060425,9808022.25,6.582787285003657,alta
02822706000164,CARAVAN CONVINIENCIAS LTDA,SP,G,standard,19,9202155.550074,7227747.44,21.455930616801215,alta
03515754000172,INDUSTRIA E COMERCIO DE CALCADOS AGOSTINHO LTDA,SP,C,labor_intensive_midcap,55,9200467.090243274,7634138.6,17.024445333914656,alta
14784587000181,LOUV PALLETS LTDA,SP,C,family_mature_sweet_spot,31,9193387.709230524,9188348.540000001,0.05481297417124118,alta
12464138000120,M-FLEX RESINAS E BENEFICIAMENTO DE MATERIAIS PLASTICOS LTDA,SP,G,standard,5,9190049.596789462,8907325.95,3.0764104568949504,alta
15369748000133,"GM TENDAS GALPOES - ARMAZENAGENS LOGISTICAS, INDUSTRIAIS E EVENTOS LTDA",SP,N,standard,19,9188624.466490382,7204523.17,21.593017580880794,alta
18545933000120,SCANTECH OFFSHORE DO BRASIL COMERCIO E SERVICOS LTDA,RJ,C,family_mature_sweet_spot,33,9185062.057498587,7325726.100000001,20.24304186361642,alta
43613421000109,PELES LINCOLN LTDA,SP,C,standard,37,9180336.804772107,7412916.7,19.252235973013207,alta
15331055000151,AUTO VIACAO K&J LTDA,SP,H,labor_intensive_midcap,50,9176239.345477356,10739223.5,17.032948854946596,alta
34535116000147,EURONUTRY INDUSTRIA COMERCIO IMPORTACAO E EXPORTACAO LTDA,SP,C,standard,11,9168608.441261593,7480038.83,18.41685815333223,alta
11802621000105,AVILA PEREIRA COMERCIO DE AUTO PECAS LTDA,RJ,G,standard,10,9166088.6019526,7156815.2,21.92072855944874,alta
57103482000122,VENEZA COMERCIO E TRANSPORTE DE PRODUTOS DE HIGIENE PESSOAL LTDA,RJ,H,recent_startup,46,9161303.665039778,9880085.62,7.845847940868364,baixa
50223866000130,IRMAOS NAVARRO CIA LTDA,SP,C,standard,44,9157988.79723615,9552943.4,4.312678378499941,alta
59273813000106,ACERBI LORENZINI LTDA,SP,C,standard,14,9156923.794329017,9147140.520000001,0.1068401850747614,alta
27515335000107,F G COMERCIO E REFORMA DE EMBALAGENS E ARTEFATOS DE MADEIRAS LTDA,SP,G,standard,5,9156774.586107489,8907325.95,2.7241976283433793,alta
34767908000147,CGX TRANSPORTES LTDA,SP,H,standard,38,9153811.02055224,8161809.86,10.837029061720717,alta
64183585000105,COMPULASER GRAFICA E EDITORA LTDA,SP,C,standard,30,9152781.030816758,9926052.6,8.44848758622862,alta
73181646000196,SCIENTECH AMBIENTAL INDUSTRIA E COMERCIO LTDA,SP,C,standard,16,9150894.335352963,10453874.88,14.23883280580772,alta
02976533000139,AKIK LINGERIE LTDA,RJ,C,labor_intensive_midcap,65,9141364.133012047,8068251.100000001,11.739090768047761,alta
30069850000107,MAXPEL DISTRIBUIDORA DE INFORMATICA E PAPELARIA LTDA,RJ,G,standard,5,9140714.510517111,8907325.95,2.55328574422251,alta
01837045000188,DENTAL KARISMA PRODUTOS ODONTOLOGICOS LTDA,RJ,G,standard,5,9140301.87155315,8907325.95,2.5488865119239414,baixa
09057594000141,B.F.SCATENA MADEIRAS LTDA,SP,G,standard,6,9134942.945406476,10688791.14,17.009938692336117,alta
15291437000107,TRATORE DISTRIBUIDORA DE ALIMENTOS E BEBIDAS LTDA,RJ,G,standard,6,9129544.484723434,10688791.14,17.07912873293592,alta
56237432000175,R7 LOGISTICA TRANSPORTE E SERVICOS LTDA,SP,H,recent_startup,39,9126630.492958775,8376594.33,8.218105943233157,baixa
03235569000124,MERCADO NATANAEL LTDA,RJ,G,standard,18,9122580.579278192,6847339.68,24.940759684231985,alta
50454963000133,M. ALEXANDRE ALMEIDA LOPEZ LTDA,RJ,G,standard,20,9110601.346113188,7608155.2,16.49118525808584,baixa
03344937000172,MABIMASTER TRANSPORTES LTDA,SP,H,standard,33,9109874.695984995,7087887.51,22.195554312905617,alta
04143700000196,DIPLOMATA LOGISTICA E TRANSPORTES LTDA,SP,H,standard,47,9104053.008922717,10094870.09,10.883252548136543,alta
86948882000137,BAZAR O AMIGAO DE CASCADURA LTDA.,RJ,G,standard,18,9095191.923792578,6847339.68,24.714731284694576,alta
47759204000174,E MACIEL DE BARROS & CIA LTDA,SP,H,family_mature_sweet_spot,49,9089677.531717986,10524439.03,15.78451483317734,alta
48576528000130,DIESEL TEC - MANUTENCAO E SERVICOS LTDA,SP,G,standard,10,9087758.42083229,7156815.2,21.247739336973336,baixa
18357888000180,BAITZ SOLUTIONS LTDA,SP,J,standard,23,9086553.78977134,9743290.13,7.22756234567106,baixa
31146132000150,ANGEL FRATERNAIS PRESTACAO DE SERVICOS LTDA,SP,N,labor_intensive_midcap,83,9081705.488176612,7024299.13,22.654405175934524,alta
60225604000168,SEKAPISO METALURGICA LTDA,SP,C,standard,31,9066313.200327057,9653621.34,6.477915848437223,alta
11067718000111,JET MIX INDUSTRIA E COMERCIO DE ESQUADRIAS DE ALUMINIO LTDA,SP,C,family_mature_sweet_spot,48,9065262.873572115,9873530.399999999,8.916095845209512,alta
28442493000139,EXPRESSO BARAO E SANTA LUZIA LTDA,RJ,H,standard,46,9063158.630500156,9880085.62,9.013711695949429,alta
16403451000100,J A FERREIRA DOS REIS TRANSPORTES LTDA,SP,H,standard,34,9056631.683851816,7302671.98,19.366578713575887,alta
37286351000110,WEST PLANET AUTO PECAS LTDA,RJ,G,standard,10,9041266.222100172,7156815.2,20.84277772391971,alta
02420924000172,AUTO PECAS GUIGO LTDA,RJ,G,standard,10,9041266.222100172,7156815.2,20.84277772391971,alta
12460412000193,SJP CARGO LOGISTICA E TRANSPORTE LTDA,SP,H,family_mature_sweet_spot,37,9040302.114139097,7947025.39,12.09336491563932,alta
45512332000193,INDUSTRIA E COMERCIO PIONEIRO LTDA,SP,C,standard,30,9034333.830344658,11040873.0,22.210150823912965,alta
29532594000163,4 PS PROMOCOES E EVENTOS LTDA,SP,M,standard,46,9031700.687078733,10789047.46,19.45753998951082,alta
05158726000170,JS CIA. DA SOLDA LTDA,SP,C,standard,12,9024754.224601349,7910968.199999999,12.341455477703594,alta
07380737000126,J. C. MOVEIS & CIA LTDA,SP,C,family_mature_sweet_spot,35,9018484.589123482,8739381.0,3.0947947669621545,alta
43182716000160,EMBALET INDUSTRIA E COMERCIO DE EMBALAGENS LTDA,SP,C,family_mature_sweet_spot,34,9013745.376237048,10077543.56,11.801955118096032,alta
40024461000119,BES ENGENHARIA E LOGISTICA LTDA,RJ,M,standard,31,9002486.970632553,7270879.8100000005,19.234764418780188,alta
02873864000143,VAGMAN USINAGEM DE PRECISAO LTDA,SP,C,standard,15,8990392.806216478,9888710.25,9.991971020024542,alta
59710996000171,VENTBRAS INDUSTRIA ELETROMETALURGICA LTDA,SP,C,family_mature_sweet_spot,20,8989438.813018486,10667449.399999999,18.666466526825026,alta
06133761000106,COMERCIAL FLEX BRASIL ALIMENTOS LTDA,RJ,G,standard,6,8983456.894082317,10688791.14,18.98305146920714,alta
03734706000175,MEGAPLASMA COMERCIAL LTDA,SP,C,family_mature_sweet_spot,24,8972512.711741384,9515616.48,6.052972959825552,alta
04842658000100,EPF TRANSPORTES LTDA,SP,H,standard,32,8970947.318564748,6873103.04,23.384869000661794,alta
50137127000125,COMERCIAL TL LTDA,SP,G,standard,6,8959570.090485746,10688791.14,19.30026811610672,baixa
39751885000104,PLANT CHOICE ALIMENTOS VEGETAIS LTDA,SP,C,standard,10,8957964.610384434,6800035.300000001,24.08950475069833,alta
01380027000110,DYNAMICA SERVICOS TECNICOS INDUSTRIAIS LTDA,RJ,C,family_mature_sweet_spot,20,8955721.223183198,9432681.4,5.325759533270431,alta
07420522000191,TRANSPORTES MAGNO LTDA,SP,H,standard,39,8955647.702168878,8376594.33,6.465789984443482,alta
36348616000103,RIDE CARGAS E ENCOMENDAS LTDA,SP,H,standard,34,8952870.870824223,7302671.98,18.43206402319418,alta
31799878000162,TRANSPORTES J.P.G. LTDA,SP,H,standard,34,8952870.870824223,7302671.98,18.43206402319418,alta
52646023000171,FUSATI - INDUSTRIA COMERCIO E METALURGICA LTDA,SP,C,standard,18,8950196.25098238,10628114.22,18.747275724076463,alta
11176703000191,LUELUA CALCADOS LTDA,SP,C,standard,49,8948597.847284475,9049993.26,1.1330871545008998,alta
26335842000198,DISTRIBUIDORA DE FRUTAS POMODORO LTDA,RJ,G,standard,5,8948330.496090649,8907325.95,0.4582368309771698,alta
27947827000163,CJA DISTRIBUIDORA DE ALIMENTOS LTDA,RJ,G,standard,5,8948330.496090649,8907325.95,0.4582368309771698,alta
20975469000153,W-TEC INDUSTRIA E COMERCIO DE PRODUTOS TECNICOS LTDA,SP,C,family_mature_sweet_spot,24,8922936.055606607,9190547.76,2.9991440342693276,alta
61619946000125,MENEPLAST EMBALAGENS E ARTEFATOS DE PLASTICOS LTDA,SP,C,family_mature_sweet_spot,21,8911823.81392718,10811099.46,21.311862596572887,alta
67125716000196,PLASTLAC INDUSTRIA E COMERCIO DE PLASTICOS LTDA,SP,C,standard,21,8911823.81392718,10811099.46,21.311862596572887,alta
54091541000100,MAR-TECNICA-MODELACAO E FERRAMENTARIA LTDA.,SP,C,standard,14,8911135.802945755,9147140.520000001,2.64842464836222,alta
11611310000169,AGRONEGOCIOS 2010 LTDA,RJ,G,standard,5,8901922.050067533,8907325.95,0.060704866904843904,alta
05349429000102,SORVETERIA BETT LTDA,SP,G,standard,5,8892448.241451552,8907325.95,0.1673072268117983,alta
15099447000137,L R MOVEIS E DISPLAYS LTDA,SP,C,standard,28,8892178.93269404,6991504.8,21.374672586780687,alta
05701921000103,ANGULO RETO PRODUTOS DE EMBALAGENS LTDA,SP,C,standard,36,8888140.997663807,10670340.24,20.051428558622476,alta
18587977000112,INDUSTRIA E COMERCIO DE MOVEIS CMP MIRASSOL LTDA,SP,C,standard,39,8880564.467743455,9738167.4,9.657076815010862,alta
56138134000128,J & J - DISTRIBUIDORA DE ALIMENTOS LTDA,SP,G,standard,6,8879648.383371823,10688791.14,20.37403598115449,baixa
61278529000166,METALURGICA FREMAR LTDA,SP,C,standard,21,8874449.89901678,10867424.82,22.457447432364518,alta
58818642000182,JODECLAN - FERRAMENTARIA COMERCIO E INDUSTRIA LTDA,SP,C,standard,23,8867289.116105797,9119132.46,2.840139084185009,alta
05767778000144,ENGENHARIA SOLUTIONS INFORMATICA LTDA,SP,J,standard,10,8853957.609988295,7001574.8,20.92152336372823,baixa
00192190000196,OFTALMOPHARMA INDUSTRIA E COMERCIO DE PRODUTOS FARMACEUTICOS LTDA,SP,C,standard,21,8851223.85942261,8242016.16,6.882751008201813,baixa
23793337000107,DANIELA A B CHIOSANE LTDA,SP,G,standard,5,8846674.932798242,8907325.95,0.6855798100696447,baixa
35576264000172,MEKNESS INDUSTRIAL ATACADO SOCIEDADE UNIPESSOAL LTDA,SP,C,standard,19,8846169.592807453,9781470.94,10.572952930418731,alta
14858967000113,INDUSTRIA DE ALIMENTOS CASA MINEIRA LTDA,SP,C,family_mature_sweet_spot,32,8841574.585460082,8047608.0,8.979922951345738,baixa
34879846000165,MX TRANSPORTES LTDA,SP,H,standard,32,8833817.887015752,6873103.04,22.195554312905614,alta
41034801000155,FORTALTOOLS DISTRIBUIDORA LTDA,SP,G,standard,5,8831022.981107788,8907325.95,0.8640331822875569,baixa
05250145000164,W.A CONTACT CENTER LTDA,RJ,N,labor_intensive_midcap,56,8828025.341499839,7768897.359999999,11.997337349281995,alta
15432301000161,PL TELEMARKETING E COBRANCA LTDA,RJ,N,labor_intensive_midcap,56,8828025.341499839,7768897.359999999,11.997337349281995,alta
12747729000105,RICEL LOGISTICA LTDA,SP,H,standard,33,8824826.10572728,7087887.51,19.682411584291877,alta
31785824000148,C & R PRESTADORA DE SERVICOS LTDA,SP,N,labor_intensive_midcap,63,8824269.403174069,8740009.53,0.9548651488786298,alta
01826810000164,QUINTAS DO MORUMBI PAES E DOCES LTDA,SP,C,family_mature_sweet_spot,42,8819921.632906916,10562485.5,19.757135489635424,alta
07856562000180,NIRRON LOGISTICS LTDA,SP,H,family_mature_sweet_spot,36,8812595.63997108,7732240.92,12.259211293786592,alta
55892222000158,PRECIOUS BUSINESS LTDA,RJ,G,recent_startup,5,8812146.582830716,8907325.95,1.0800928726574697,baixa
42583641000166,TRIDENTE INDUSTRIA E COMERCIO DE EQUIPAMENTOS LTDA,RJ,G,standard,5,8810663.201562002,8907325.95,1.09711092373682,baixa
48260263000166,MAC MONTAGENS E MANUTENCAO INDUSTRIAL LTDA,SP,C,standard,48,8806250.580549201,10655601.600000001,21.000436025924053,alta
31327835000184,J.A.X. COMERCIO DE HORTIFRUTIGRANJEIROS LTDA,RJ,G,standard,6,8803290.04656798,10688791.14,21.41814121150189,alta
00682011000107,QUEFIRA TRANSPORTADORA LTDA,SP,H,family_mature_sweet_spot,36,8802235.811098596,7732240.92,12.155944399370181,alta
05818917000111,PHT PHOENIX TRATAMENTO TERMICO LTDA.,SP,C,family_mature_sweet_spot,30,8794067.264245935,7346184.3,16.46431532463479,alta
00225205000175,BERCAMP TEXTIL LTDA,SP,C,family_mature_sweet_spot,48,8789898.335317735,9438067.68,7.374025500134926,alta
03825085000135,BRAFFIX TRANSFERS COMERCIAL SOROCABA LTDA,SP,C,family_mature_sweet_spot,31,8786216.854676157,10256921.02,16.73876469986182,alta
00314192000100,EASE ENGENHARIA LTDA,RJ,C,labor_intensive_midcap,51,8781232.89887959,6779481.510000001,22.79578974764461,alta
46023498000109,CACOS COMERCIO ATACADISTA DE SORVETES LTDA,RJ,G,standard,5,8781171.745608985,8907325.95,1.4366443117810228,alta
43246784000145,ENGOMAGEM TEXTIL WHITEHEAD LTDA,SP,C,standard,44,8780103.599126,8651562.040000001,1.4640095948161072,alta
12158137000158,FIVE TRANSPORTES LTDA,SP,H,standard,36,8775539.620359074,7732240.92,11.888712779994092,alta
09276260000169,MARMORARIA PEDRA JULIA LTDA,SP,C,standard,26,8775404.48000001,10256187.5,16.87424235970931,alta
52008183000195,TAZ TRANSPORTADORA DE PRODUTOS RODOVIARIOS LTDA,RJ,H,standard,49,8772825.16589313,10524439.03,19.966360106169333,alta
71690382000170,CELIFLEX INDUSTRIA DE COLCHOES LTDA,SP,C,family_mature_sweet_spot,30,8764911.49282241,9508084.799999999,8.478959631094659,alta
10290695000147,TRANSPORTER LOGISTIC LTDA,SP,H,standard,33,8763021.220456487,7087887.51,19.11593808019131,alta
53782488000112,TRANSPORTADORA CALDEIRA LTDA,SP,H,family_mature_sweet_spot,33,8763021.220456487,7087887.51,19.11593808019131,alta
48364251000181,COMERCIAL DEVIDES BORRACHAS MAT P IND E LAVOURA LTDA,SP,G,standard,5,8760073.827282019,8907325.95,1.680946138369111,alta
14514231000128,FOXX LOGISTICS DO BRASIL LTDA,RJ,H,family_mature_sweet_spot,41,8755974.958168251,8806163.27,0.5731893029790882,alta
31688343000114,RIO TRANSPORTE TERRESTRE LOCADORA LTDA,RJ,H,standard,33,8738926.427473722,7087887.51,18.892926164055257,alta
03696031000117,TRANSPORTES FRADUMA LTDA,SP,H,family_mature_sweet_spot,31,8737572.485127103,6658318.57,23.79670004073055,alta
13273731000152,MOGIANA COMERCIO DE FRIOS LTDA.,SP,G,standard,5,8737461.524628023,8907325.95,1.9440935435673712,baixa
50067517000176,DISTRIBUIDORA FORTALEZA DE HIGIENE E LIMPEZA LTDA,SP,G,standard,5,8735863.427641151,8907325.95,1.9627427074503374,alta
27896905000148,A. C. T. GOMES CABRAL LTDA,RJ,G,standard,18,8734742.340472588,6847339.68,21.60799468265107,alta
02102588000110,L. J. TRANSPORTES RODOVIARIOS PRESIDENTE PRUDENTE LTDA,SP,H,family_mature_sweet_spot,41,8724934.821170408,8806163.27,0.9309920417112625,alta
04348248000107,INDFOL INDUSTRIA E COMERCIO LTDA,SP,C,standard,16,8721392.89560098,10547957.6,20.943497515406374,alta
23434273000140,FLA'S CAKE INDUSTRIA E COMERCIO DE ALIMENTOS LTDA,SP,C,standard,26,8717524.211593049,6538681.5,24.993824607857153,alta
09023761000133,DREAMS - INDUSTRIA E COMERCIO DE PLASTICOS LTDA,SP,C,family_mature_sweet_spot,28,8712452.195769142,10722305.719999999,23.06874665214074,alta
14235575000106,ALCANTARA TECNOLOGIA E SOLUCOES EMPRESARIAIS LTDA,RJ,J,partnership_heavy_services,17,8710203.517539378,7201562.27,17.32039032729247,baixa
45970167000113,RANGEL TRANSPORTES LTDA,SP,H,standard,31,8707735.08214113,6658318.57,23.535586381633486,alta
32906051000173,WDW TERCEIRIZACAO E SERVICOS LTDA,SP,J,standard,44,8706461.757016003,8306641.199999999,4.592227797863042,alta
32849537000117,CONVICTY DESENVOLVIMENTO DE SOFTWARE LTDA,SP,J,standard,22,8699947.746645303,9319668.82,7.1232735115410435,alta
64064140000106,QUEEN NUT INDUSTRIA E COMERCIO DE ALIMENTOS LTDA,SP,C,family_mature_sweet_spot,22,8696481.977134941,8720128.120000001,0.2719046957980373,baixa
05772722000188,IMAGEM AUTOMACAO E USINAGEM LTDA,SP,C,family_mature_sweet_spot,39,8689118.06639401,9550039.59,9.908042646303599,alta
05199967000168,T.R.A. INDUSTRIA E COMERCIO DE ESQUADRIAS LTDA,SP,C,family_mature_sweet_spot,46,8687543.587173278,9462133.299999999,8.916095845209506,alta
09243575000100,"LEVA BRASIL TRANSPORTES, LOGISTICA E LOCACOES LTDA",SP,H,family_mature_sweet_spot,35,8687423.998571673,7517456.45,13.467370175140886,alta
53966784000173,KOREFIOS INDUSTRIA E COMERCIO DE FIOS LTDA,SP,C,family_mature_sweet_spot,35,8684102.382892532,7012218.5,19.252235973013196,alta
28337430000112,MAVIS COMERCIO E DISTRIBUIDORA DE PRODUTOS LTDA,RJ,G,standard,6,8684027.18358384,10688791.14,23.085648098913563,baixa
05334450000134,W L CAXIENSE COMERCIO DE EMBALAGENS PLASTICAS LTDA,RJ,G,standard,5,8679700.904857459,8907325.95,2.6224987201477634,alta
04947502000185,FONTE PEDRA BRANCA AGUA MINERAL LTDA,SP,C,family_mature_sweet_spot,31,8675623.529691374,9230374.31,6.394362069885267,alta
68795335000187,HILOG LOGISTICS LTDA,RJ,G,standard,5,8673651.757969521,8907325.95,2.69406933262883,alta
53805594000174,VIACAO PIRASSUNUNGA LTDA,SP,H,family_mature_sweet_spot,48,8662867.975202477,10309654.56,19.00971582980905,alta
11291610000108,DELETRO DISTRIBUIDORA LTDA,SP,G,standard,5,8662461.666603567,8907325.95,2.8267286231171296,baixa
30555962000178,ELO EMBALAGENS LTDA,RJ,G,standard,6,8653974.10235157,10688791.14,23.513093679070558,alta
09437418000135,LEWESMAQ INDUSTRIA E COMERCIO DE MAQUINAS E EQUIPAMENTOS LTDA,SP,C,standard,13,8646712.435452847,6539917.28,24.365273752075566,alta
02026370000204,FMB ESTRUTURAS METALICAS INDUSTRIA E COMERCIO LTDA,SP,C,standard,13,8645720.159214655,8570215.549999999,0.8733177551922362,alta
38771481000101,TRANSPORTADORA ETAMASSIA LTDA,SP,H,standard,34,8633757.700361121,7302671.98,15.417223491289848,alta
28883804000103,FIBERNETVIP INTERNET BANDA LARGA LTDA,SP,J,standard,12,8629573.673946455,8401889.76,2.638414393909815,baixa
49561616000120,GENAU INDUSTRIA E COMERCIO DE FREIOS LTDA.,SP,C,standard,15,8624070.928105876,10460738.100000001,21.296985927010656,alta
08836670000154,INJEMOLDING INDUSTRIA METALURGICA LTDA,SP,C,standard,17,8606164.874109598,7644092.5,11.178874541479603,alta
01347944000100,ICALDE INDUSTRIA CALDEIRARIA E EQUIPAMENTOS LTDA,SP,C,family_mature_sweet_spot,31,8603971.239187596,7993573.2,7.094375634445184,baixa
11903681000114,J.T.R. COMERCIO DE SUCATAS LTDA,SP,G,standard,5,8602080.116917666,8907325.95,3.548511859149136,alta
24892872000170,DOMINIO INDUSTRIA E COMERCIO DE TINTAS E VERNIZES LTDA,SP,C,standard,9,8593758.07247562,9928912.68,15.536329929983236,alta
00541539000158,RESIZAM INDUSTRIA DE TINTAS LTDA,SP,C,standard,9,8593758.07247562,9928912.68,15.536329929983236,alta
47882455000141,STELLARE KITCHENS INDUSTRIA E COMERCIO LTDA,SP,C,standard,15,8578963.439393403,9800507.700000001,14.23883280580772,alta
64520877000196,PROTEMAX TERMINAIS ELETRICOS LTDA.,SP,C,standard,15,8578963.439393403,9800507.700000001,14.23883280580772,alta
11780449000136,POLYMAK MAQUINAS DE CORTE E VINCO LTDA.,SP,C,standard,15,8578963.439393403,9800507.700000001,14.23883280580772,alta
02033773000108,"SPRINGWAY - IMPORTACAO, EXPORTACAO, COMERCIO E SERVICOS LTDA",SP,C,standard,15,8578963.439393403,9800507.700000001,14.23883280580772,alta
68360569000100,POLYMAT PRODUTOS PARA POLIMENTO LTDA,SP,C,standard,10,8568960.611410797,6850610.1,20.05319652330491,alta
32706606000133,POCKET CLEAN INDUSTRIA E COMERCIO DE PRODUTOS DE LIMPEZA LTDA,SP,C,standard,10,8568960.611410797,6850610.1,20.05319652330491,alta
51483469000160,LUEN INSTRUMENTOS MUSICAIS IMPORTACAO E EXPORTACAO LTDA,SP,C,standard,35,8566201.342569295,9206140.65,7.470514430364364,alta
29864297000115,KATECH EXPRESS SERVICE LTDA,SP,H,standard,31,8557761.078046512,6658318.57,22.195554312905628,alta
02863803000103,NEWORK DO BRASIL LTDA,SP,C,standard,19,8539966.872367563,10134076.93,18.666466526825022,alta
05033654000135,ELIAS FAUSTO INDUSTRIA DE PISCINAS LTDA,SP,C,standard,21,8534531.630747655,8041729.29,5.774216583511381,baixa
31325547000190,CLN SERVICOS DE LIMPEZA LTDA,SP,G,standard,10,8520577.070235107,7156815.2,16.00551064785424,alta
05205818000164,GAIVOTTHA TRANSPORTE LTDA,SP,H,standard,32,8497475.122866897,6873103.04,19.115938080191313,alta
45254868000156,PEGORARO PRODUTOS FARMACEUTICOS LTDA,RJ,G,standard,5,8495313.576647863,8907325.95,4.849878343333749,alta
26408191000119,GRATTANO DISTRIBUIDORA E IMPORTADORA DE PRODUTOS FARMACEUTICOS CORRELATOS E INDUSTRIAIS LTDA,RJ,G,standard,5,8495313.576647863,8907325.95,4.849878343333749,alta
01967689000190,AUTOVIA CONCRETO LTDA.,SP,C,standard,18,8494372.842331048,9292671.0,9.397964658328807,baixa
00153245000159,SPIRAL TUBOS INDUSTRIA E COMERCIO LTDA,SP,C,standard,17,8487770.621866018,8426059.18,0.7270630253253799,alta
69117661000106,ENGECLEAN PRODUTOS QUIMICOS E SERVICOS LTDA,SP,C,standard,9,8485754.680975622,9636241.86,13.557865178493522,alta
60397965000191,LYSANDA PRODUTOS ODONTOLOGICOS LTDA,SP,C,family_mature_sweet_spot,26,8484144.535529634,10204400.96,20.27613293557566,alta
52282373000104,TAKANO MOTO PECAS LTDA,SP,G,standard,10,8484125.135399891,7156815.2,15.644629401583307,alta
47269568000176,MMR INDUSTRIA E COMERCIO DE CHOCOLATES LTDA,SP,C,standard,11,8482019.119028151,10256057.02,20.915278261894716,alta
07657413000192,RETENLINS INDUSTRIA E COMERCIO DE RETENTORES LTDA,SP,C,standard,24,8481548.564800864,10246951.68,20.814631923770456,alta
57571697000178,ABERKO VASOS DE PRESSAO LTDA,SP,C,family_mature_sweet_spot,27,8468937.762425598,9932233.77,17.278388962387385,baixa
50213800000169,RIBEIRACO - COMERCIO DE FERRO E ACO LTDA,SP,G,standard,5,8447498.580244577,8907325.95,5.443355395534255,baixa
46938924000134,COMERCIAL ELETRO MARCOS LTDA,SP,G,standard,5,8447080.087133737,8907325.95,5.448579368476576,alta
19142557000195,SERVICOS TECNICOS AMERICAR LTDA,SP,C,labor_intensive_midcap,55,8437268.494015325,7465642.250000001,11.515886269407122,alta
47222488000165,CRC GEREMIAS COMERCIO DE PNEUS LTDA,SP,G,standard,9,8428083.736302795,6441133.68,23.575347830780146,baixa
53856829000157,YCAR ARTES GRAFICAS LTDA,SP,J,standard,20,8424316.717107644,6472684.399999999,23.16665413521759,alta
49636061000139,INTERPACK INDUSTRIA E COMERCIO LTDA,SP,C,family_mature_sweet_spot,27,8406713.138991518,8933447.34,6.265637857504791,alta
07221966000106,ROCA EQUIPAMENTOS LTDA,SP,C,standard,20,8403433.164537076,7847452.6,6.616112172859816,alta
60383775000115,INCEPI DO BRASIL IND.E COM.DE EMBALAGENS PLAST.IND.LTDA,SP,C,family_mature_sweet_spot,27,8401293.188777387,10339366.23,23.068746652140764,alta
14125483000165,FH BLINDAGEM LTDA,RJ,G,standard,9,8392967.055023495,6441133.68,23.255582468362633,alta
49646600000110,SERRALHERIA D'OLIVEIRA LTDA,SP,C,standard,31,8384102.888207406,9653621.34,15.14197128446772,alta
47369797000162,VVO PIOVEZANI SERVICOS LTDA,SP,N,labor_intensive_midcap,81,8380923.774197696,6855038.91,18.20664291083793,alta
09468275000129,INCALFER MAQUINAS ESPECIAIS LTDA,SP,C,standard,15,8374252.937810816,7062659.699999999,15.662211871924796,alta
32121659000192,DPS DISTRIBUIDORA DE PNEUS E SERVICOS LTDA,RJ,G,standard,10,8365722.965385163,7156815.2,14.450726737990948,alta
08254852000117,TRANSPONEY TRANSPORTES E TURISMO LTDA,SP,H,family_mature_sweet_spot,31,8361911.0980405165,6658318.57,20.37324372462805,alta
27616382000139,TICO-LICO COMERCIO DE ARTIGOS INFANTIS LTDA,RJ,G,standard,17,8360454.778894962,6466931.92,22.648562894867272,alta
74517632000163,RICAL USINAGEM LTDA,SP,C,family_mature_sweet_spot,35,8355423.919638653,8570548.35,2.574668053115967,alta
04028982000180,VALMAC SERVICOS EM EQUIPAMENTOS PARA PETROLEO LTDA,RJ,C,family_mature_sweet_spot,30,8350056.415907807,6659751.0,20.243041863616426,alta
48553085000161,ICAC - INDUSTRIA E COMERCIO IMPORTACAO E EXPORTACAO LTDA,SP,C,standard,23,8349659.313305897,6767951.94,18.943376178059268,alta
38809539000169,LUAN TURISMO E LOCACAO DE VEICULOS LTDA,SP,H,family_mature_sweet_spot,37,8339299.609591331,7947025.39,4.703922846712005,alta
14514231000128,FOXX LOGISTICS DO BRASIL LTDA,RJ,H,family_mature_sweet_spot,39,8328854.22850151,8376594.33,0.5731893029790652,alta
19234321000189,FUSION - CENTRO DE REPARACAO AUTOMOTIVO LTDA,RJ,G,standard,9,8327570.929101402,6441133.68,22.65291121699231,alta
32456839000125,CEDAR SWEETS INDUSTRIA E COMERCIO DE ALIMENTOS LTDA,SP,C,standard,36,8318241.005096386,9946347.84,19.57272978633478,alta
13528071000103,CLI CENTRAL LOGISTICA INTEGRADA LTDA,SP,H,standard,34,8313222.710482007,7302671.98,12.155944399370169,alta
58644295000119,CLEVER BRINDES PROMOCIONAIS INDUSTRIA E COMERCIO LTDA,SP,C,standard,45,8311486.774868901,7959328.65,4.237005176182274,alta
08381570000180,PEIXARIA COPA FISH LTDA,RJ,G,standard,5,8308612.527398259,8907325.95,7.2059374610073395,alta
53676474000114,MICROBLAU INDUSTRIA ELETRONICA LTDA,SP,C,standard,19,8306435.93088537,10161592.73,22.333968678632694,alta
01556793000192,RADESCO MINERACAO LTDA,SP,C,family_mature_sweet_spot,31,8306214.074794568,9230374.31,11.126130712303956,alta
34031777000135,"PROTONS DO BRASIL, INDUSTRIA, COMERCIO E IMPORTACAO DE PRODUTOS QUIMICOS LTDA",SP,C,standard,14,8301526.282885311,9590854.14,15.531214540304575,alta
56795230000149,TINTURARIA E ESTAMPARIA NOVA GIULEN LTDA,SP,C,family_mature_sweet_spot,42,8296946.959675984,8258309.22,0.46568623210161647,alta
50866699000145,UP SOLUTION TELECOM LTDA,SP,J,standard,10,8294213.650570201,7001574.8,15.584827025541308,baixa
07316584000158,S.D.L. TRANSPORTES E DISTRIBUICAO LTDA,SP,H,family_mature_sweet_spot,30,8281704.2690772675,6443534.1,22.195554312905617,alta
51210466000152,VERONA COMERCIO DE AREIA E PEDRA LTDA,SP,H,family_mature_sweet_spot,30,8281704.2690772675,6443534.1,22.195554312905617,alta
48925481000172,AMSS INDUSTRIA MECANICA LTDA,SP,C,standard,13,8274626.102735344,8493773.34,2.648424648362202,alta
11463161000138,PLASTECNICA COMERCIO E MANUTENCAO DE MAQUINAS LTDA,SP,C,family_mature_sweet_spot,30,8271328.23595856,6659751.0,19.483898957756637,alta
10293583000140,DEFACOM COMERCIO DE MATERIAIS DE CONSTRUCAO LTDA,RJ,G,standard,17,8268342.920572275,6466931.92,21.786844327540237,baixa
08617105000104,RAMAR DE CAXIAS COMERCIO VAREJISTA DE AUTO PECAS LTDA,RJ,G,standard,9,8249479.741757339,6441133.68,21.92072855944874,alta
29696799000184,ALVES E ROZA CALCADOS LTDA,RJ,G,standard,17,8249478.877112998,6466931.92,21.607994682651047,alta
01628365000128,YGOR E YAGO REPRESENTACAO E LOGISTICA LTDA,RJ,G,standard,5,8247086.655189848,8907325.95,8.005727627399994,alta
41000367000192,L.PLASTIC INDUSTRIA E COMERCIO DE PECAS LTDA,SP,C,standard,24,8241327.287926863,9190547.76,11.51781065003568,alta
37846746000120,J. S. JUNIOR TRANSPORTE URBANO LTDA,SP,H,standard,30,8240057.679333313,6443534.1,21.802318008515044,baixa
52069685000126,DELTA LINO COMERCIAL LTDA,SP,G,standard,5,8235188.543520239,8907325.95,8.161773138863024,baixa
27777696000113,DIEGO DOS SANTOS BLUNDI TRANSPORTES LTDA,SP,H,standard,31,8231929.025277304,6658318.57,19.115938080191295,alta
13689189000113,"B&B TRANSPORTES, LOGISTICA E EMPREENDIMENTOS LTDA",SP,H,standard,31,8231929.025277304,6658318.57,19.115938080191295,alta
04995813000110,A R PNEUS CASTRENSE LTDA,RJ,G,standard,10,8227730.713832882,7156815.2,13.015928098283577,alta
32847531000100,RM DE O HAMBURGO FERRAMENTAS LTDA,SP,C,standard,19,8218323.766957766,8543397.5,3.9554748907461015,alta
37248348000102,H K COMERCIAL LTDA,SP,G,standard,5,8216911.146694698,8907325.95,8.402364233706292,baixa
10258368000108,DOIS M MANTAS INDUSTRIA E COMERCIO TEXTIL LTDA,SP,C,family_mature_sweet_spot,28,8206316.20293914,8893800.719999999,8.377504595967586,alta
34267332000159,MATHTEC INFORMATICA LTDA,RJ,J,standard,16,8197838.604742944,6777940.96,17.32039032729246,baixa
00171133000120,TRANSLUX TRANSPORTE RODOVIARIO LTDA,RJ,H,standard,47,8190225.473217594,10094870.09,23.255093806766112,alta
09484173000105,SEKO DO BRASIL TECNOLOGIA E INDUSTRIA DE PECAS E DE COMPONENTES LTDA,SP,C,family_mature_sweet_spot,32,8186396.978135306,7835929.92,4.281090436627417,alta
03665491000188,UNI - MOLAS INDUSTRIA E COMERCIO LTDA,SP,C,standard,13,8185134.171427558,8570215.549999999,4.704643448810799,alta
74226259000191,DYNAMIC SYSTEM E VISH! INTERNET E SISTEMAS LTDA,SP,J,partnership_heavy_services,17,8171308.329868615,7201562.27,11.867696343361548,baixa
60318706000128,INDUSTRIA QUIMICA TOLEDO LTDA,SP,C,standard,5,8168190.710248272,7018588.35,14.074137113448105,alta
05403093000119,METALITE INDUSTRIA E COMERCIO DE VEDANTES LTDA,SP,C,standard,9,8160784.095150959,9071427.24,11.158770214128504,alta
34999024000118,LUMAR DISTRIBUIDORA DE COSMETICOS LTDA,SP,G,standard,5,8160112.531999103,8907325.95,9.156900901436964,baixa
23543913000150,MEDICAL HARBOUR APARELHOS MEDICO-HOSPITALARES E SERVICOS EM TECNOLOGIA LTDA,SP,C,standard,25,8157831.28416311,9811924.0,20.276132935575646,alta
58972175000140,REAG SPRAY MONTAGEM E COMERCIO LTDA,SP,C,family_mature_sweet_spot,25,8157831.28416311,9811924.0,20.276132935575646,alta
17908762000193,PIERRY WERMON INDUSTRIA E COMERCIO DE COSMETICOS LTDA,SP,C,standard,9,8157183.748353003,10147946.580000002,24.405026208327715,alta
43866094000199,PROMAG INDUSTRIA E COMERCIO LTDA,SP,C,standard,9,8157183.748353003,10147946.580000002,24.405026208327715,alta
71611222000199,PRODUX INDUSTRIAL E COMERCIAL LTDA,SP,C,standard,5,8148411.2703513615,8243708.25,1.1695160748130633,alta
57158941000175,LONG WALK CONFECCOES LTDA,SP,C,family_mature_sweet_spot,41,8145829.642759845,8016849.3100000005,1.5833909916650921,alta
50496660000183,VIASA VIACAO SARRI LTDA,SP,H,family_mature_sweet_spot,32,8145145.137709579,6873103.04,15.617181476857986,alta
15563694000142,A VITRINE INDUSTRIA E COMERCIO DE MOVEIS E DISPLAYS LTDA,SP,C,family_mature_sweet_spot,32,8143027.579130165,7990291.2,1.8756706599105037,alta
17681901000199,ORBITAL SERVICE - MONTAGEM E MANUTENCAO MECANICA INDUSTRIAL LTDA,SP,C,labor_intensive_midcap,61,8138712.125562037,8108791.61,0.3676320663568227,alta
15484675000120,BORRACHEIRO TEIXEIRA DE CASTRO LTDA.,RJ,G,standard,9,8137139.599890156,6441133.68,20.842777723919724,alta
07689648000166,ULTRAVANS COMERCIO DE PECAS AUTOMOTIVAS LTDA,RJ,G,standard,9,8137139.599890156,6441133.68,20.842777723919724,alta
00076607000155,NOZAKI AUTO PECAS E LATARIAS LTDA,RJ,G,standard,9,8137139.599890156,6441133.68,20.842777723919724,alta
35786646000120,AUTOPECAS PIRAQUE COMERCIO DE PECAS AUTOMOTIVAS LTDA,RJ,G,standard,9,8137139.599890156,6441133.68,20.842777723919724,alta
49952623000153,PRECMONTAGENS - MONTAGENS INDUSTRIAIS E COMERCIO LTDA,SP,M,standard,30,8136591.851415046,7036335.300000001,13.522326933772618,alta
65844151000171,ALUTRAT INDUSTRIAL LTDA,SP,C,family_mature_sweet_spot,30,8134398.484834318,7346184.3,9.689889010279689,alta
48633978000117,PADARIA ALAOR SILVA LTDA,SP,C,family_mature_sweet_spot,37,8130318.947114371,9305046.75,14.448729631972999,alta
30549760000113,ORGANIZACOES NORMANDIE LTDA,RJ,G,standard,18,8125885.3124737395,6847339.68,15.734231819775903,alta
35858293000127,A.H. APOIO INDUSTRIA E COMERCIO LTDA,SP,C,standard,30,8121417.381315544,7490898.0,7.763661830336933,alta
05143889000180,M.M.VIVEIROS DISTRIBUIDORA DE PECAS LTDA,RJ,G,standard,9,8118670.428893902,6441133.68,20.66270288449746,alta
01682917000186,COUTRANS TRANSPORTES E SERVICOS LTDA,RJ,H,standard,29,8115995.373105888,6228749.63,23.253410781377312,alta
28582763000107,VALDEMIR G. AGUIAR TRANSPORTES E ARMAZENAMENTO LTDA,SP,H,standard,30,8103516.336645022,6443534.1,20.48471512469709,alta
17857292000186,CARMELINA PERACINI BAMBOZZI LTDA,SP,C,standard,18,8094301.541513115,9724637.34,20.141772457146644,baixa
51181287000134,EXTINPAUL EQUIPAMENTOS CONTRA INCENDIO LIMITADA,SP,C,family_mature_sweet_spot,34,8083427.529758135,7547717.800000001,6.627259634430881,alta
16670345000192,DHARMA PRINTS COMERCIO E SERVICOS LTDA,SP,C,standard,29,8071510.875159665,9595184.18,18.877175889454456,alta
10945393000160,DIOXIDE INDUSTRIA QUIMICA LTDA.,SP,C,standard,12,8068591.558445965,8220732.12,1.8855900742029617,baixa
56418797000104,ILUMINAR BIJUTERIAS E ACESSORIOS LTDA,RJ,G,recent_startup,16,8067679.54995619,6086524.16,24.556694123615117,baixa
43176072000105,INDUSTRIA DE CALCADOS BEIRA RIO LTDA,SP,C,family_mature_sweet_spot,46,8066114.109042055,8495912.04,5.328438516337672,alta
56471428000177,FORTEPLAST INDUSTRIA E COMERCIO DE PLASTICOS LTDA,SP,C,standard,19,8063078.688791256,9781470.94,21.311862596572883,alta
04776697000148,"DISTRIBUIDORA, IMPORTACAO E EXPORTACAO DE PRODUTOS ALIMENTICIOS PARADISO LTDA",SP,C,standard,9,8062168.149345992,6120031.7700000005,24.089504750698346,alta
00019431000108,DUTRA CORRENTES LTDA,SP,C,labor_intensive_midcap,85,8058097.217745195,6331559.05,21.426127298924705,alta
40706942000104,ALTOR CONSULTING LTDA,RJ,M,standard,29,8057026.922793224,6801790.79,15.579396033072419,baixa
54804497000120,A C SOM INDUSTRIA E COM DE INSTRUMENTOS MUSICAIS LTDA,SP,C,family_mature_sweet_spot,36,8050076.181643925,9469173.24,17.62836805932287,alta
00841470000188,VEGTRON ASSISTENCIA TECNICA LTDA,SP,C,standard,10,8047015.378257979,7065163.9,12.20143658369061,alta
03439475000177,KEREMA TEXTIL LTDA,RJ,C,labor_intensive_midcap,57,8043028.104055652,7075235.58,12.032688578666638,alta
54875785000175,L&L INDUSTRIA E COMERCIO DE CONFECCOES LTDA,SP,C,recent_startup,39,8033376.818703,7625783.49,5.073748411179431,baixa
18785002000107,SAGI TRANSPORTES LTDA,SP,H,family_mature_sweet_spot,36,8033045.582827336,7732240.92,3.744590513346298,alta
31381382000174,ACACIA FABRICACAO DE INSTRUMENTOS MUSICAIS LTDA,SP,C,standard,32,8033038.872318332,8417042.88,4.780308097411775,baixa
01356689000154,HR ACABAMENTOS GRAFICOS LTDA,SP,C,standard,46,8025883.151707114,9321171.82,16.138892677715813,alta
39936851000186,HAPPY TIME CONFECCAO E COM DE ROUPAS E BRINDES LTDA,RJ,G,standard,16,8025356.644207309,6086524.16,24.15883268697791,alta
19962542000173,EDIFICAR PRODUTOS EM ACO LTDA,SP,C,standard,14,8023239.823590183,9229462.9,15.034114683487868,alta
30527049000168,VIA MOTORS 99 VEICULOS LTDA,SP,G,standard,9,8023235.580501493,6441133.68,19.719000952014973,alta
02477278000180,RECIPALL EMBALAGENS LTDA,SP,C,family_mature_sweet_spot,31,8017937.981934303,9188348.540000001,14.59740098642344,alta
64605397000128,SNJ TRANSPORTES LTDA,SP,H,family_mature_sweet_spot,29,8005647.460108026,6228749.63,22.195554312905617,alta
05009363000101,ETIL RIO INDUSTRIA E COMERCIO LTDA,RJ,C,standard,9,8005346.013837214,9636241.86,20.372584062497584,alta
15435305000101,ALUGA LOG TRANSPORTES DE ALIMENTOS LTDA,SP,H,standard,36,7989318.1024440285,7732240.92,3.2177612550611236,alta
07290822000101,JUMAGI TRANSPORTES LTDA,SP,H,standard,36,7989318.1024440285,7732240.92,3.2177612550611236,alta
40498400000193,MMS COMERCIO DE BEBIDAS LTDA,RJ,G,standard,16,7986780.643135851,6086524.16,23.79252126786536,alta
04773641000130,"PACK-IN-BAG INDUSTRIA,COMERCIO,IMPORTACAO E EXPORTACAO DE EMBALAGENS DE PAPEL LTDA",SP,C,standard,19,7983261.506310222,7455079.97,6.61611217285981,alta
22708714000191,CONDOCORP SERVICOS DE INTERMEDIACAO  LTDA,RJ,M,standard,29,7968699.94694265,6801790.79,14.64365787031996,alta
30959182000193,SLTK MANUTENCOES E LOCACAO LTDA,RJ,C,standard,35,7968293.2938737795,8570548.35,7.558143681649478,alta
36729529000198,4R TECNOLOGIA DA INFORMACAO LTDA,SP,J,partnership_heavy_services,22,7961382.278641628,9319668.82,17.060938588545245,alta
02799430000140,POSTO AVENIDA CENTRAL LTDA,RJ,G,standard,11,7960510.149085384,7872496.720000001,1.1056254867722948,alta
25330588000172,FRONTLOG TRANSPORTE E LOGISTICA LTDA.,SP,H,standard,30,7959706.11594984,6443534.1,19.048090392579955,alta
58962127000171,FILTRALI INDUSTRIA E COMERCIO LTDA,SP,C,standard,16,7955730.000873227,9447212.64,18.747275724076452,alta
46746384000197,RADIO EMISSORA DE CAMPOS DO JORDAO LTDA,SP,J,partnership_heavy_services,18,7955470.3803272005,8280991.62,4.091791234340706,baixa
31148463000129,BRASALFA TRANSPORTES LTDA,RJ,H,family_mature_sweet_spot,38,7946894.2498028,8161809.86,2.704397509788601,alta
96204201000180,WATER DRILL EQUIPAMENTOS LTDA,SP,C,standard,17,7937162.297312953,8552199.52,7.748830118986754,alta
12041444000154,FRAMPER INDUSTRIA E COMERCIO DE ARTEFATOS DE ACO LTDA,SP,C,family_mature_sweet_spot,45,7917212.41470789,9256434.75,16.915326571309652,alta
68281534000177,KANAN-IND E COM DE MOVEIS LTDA.,SP,C,standard,38,7916400.389766968,9488470.8,19.85839943448476,alta
35576264000172,MEKNESS INDUSTRIAL ATACADO SOCIEDADE UNIPESSOAL LTDA,SP,C,standard,17,7914993.84619614,8751842.42,10.572952930418765,alta
55184246000152,TORNEARIA UNIVERSAL LTDA,SP,C,standard,14,7910644.962139192,9147140.520000001,15.630780597267977,alta
73113334000145,SORVETERIA KIDELICIA DE SABOR LTDA,SP,C,standard,26,7908915.658955041,9601846.799999999,21.40535079708556,alta
10785323000191,FRESH FRUIT DE TERESOPOLIS COMERCIO DE FRUTAS E LEGUMES LTDA,RJ,G,standard,16,7907886.7969393805,6086524.16,23.03222951603593,alta
47459014000131,SUPER EDEN COMERCIO DE ALIMENTOS LTDA,RJ,G,standard,5,7900723.973689972,8907325.95,12.740629588656557,alta
26988872000101,GARCIA & RIBEIRO TRANSPORTE E LOGISTICA DE CARGAS LTDA,SP,H,standard,28,7892000.9543083515,6013965.16,23.796700040730556,alta
07318007000103,DG POLIMEROS LTDA,SP,C,standard,24,7886199.450866024,9190547.76,16.53963125407307,alta
12211733000154,FIGUEIREDO & PEREIRA TRANSPORTES LTDA,SP,H,standard,29,7879206.869284815,6228749.63,20.946997161842827,alta
04683600000152,TRANSCOFER TRANSPORTE REMOCAO E ICAMENTO DE CARGAS LTDA,SP,H,standard,33,7879053.718586214,7087887.51,10.04138614666252,alta
55200760000134,COMASA-INDUSTRIA E COMERCIO DE RESERVATORIOS LTDA,SP,C,family_mature_sweet_spot,20,7875208.501617157,7357210.2,6.577582060345283,baixa
56941180000160,COMTEC CENTER COMERCIAL LTDA,SP,C,standard,16,7871615.669762051,8049128.96,2.255106164797236,alta
68340926000160,TOOL MASTER INDUSTRIA METALURGICA LTDA,SP,C,standard,16,7871615.669762051,8049128.96,2.255106164797236,alta
03361309000103,WSC SERVICE CENTER CENTRIFUGAS INDUSTRIAIS LTDA,SP,C,family_mature_sweet_spot,37,7862658.968267749,8213692.9,4.464570231889237,alta
08746762000143,O2 FILMES PUBLICITARIOS LTDA,SP,J,partnership_heavy_services,13,7862217.914710655,5980716.17,23.93092846218697,baixa
14736871000182,STELA CYBELE COSTA MOREIRA & CIA LTDA,SP,M,family_mature_sweet_spot,29,7858970.96974742,6801790.79,13.45189063322621,baixa
08336734000158,BRUMATEC LTDA,RJ,N,labor_intensive_midcap,50,7844883.261071727,6936515.5,11.579111260702563,alta
03770562000102,PROPINTEC PINTURAS TECNICAS LTDA,SP,C,family_mature_sweet_spot,37,7843679.445496424,9060293.97,15.510762939223829,alta
13572687000181,DISK BOY ENTREGAS RAPIDAS EXPRESS LTDA,SP,H,standard,37,7828631.723541103,7947025.39,1.512316208500145,alta
74416421000134,MACSO INDUSTRIA E COMERCIO LTDA,SP,C,standard,14,7824319.120394635,9229462.9,17.958671649048156,alta
05489375000180,"MAX COMERCIO, REPRESENTACOES E SERVICOS LTDA",SP,N,standard,16,7820895.49843188,6066966.88,22.426186602078364,alta
62589999000103,DESMET BRASIL LTDA.,SP,C,standard,14,7815969.408623429,6591815.72,15.6622118719248,alta
03921347000165,WAVE GRAFICA E EDITORA LTDA,SP,C,standard,38,7811235.784347304,7700098.460000001,1.4227879866334072,alta
00978370000106,ZANUTO TRANSPORTES E GUINDASTES LTDA,SP,H,standard,34,7810367.550367129,7302671.98,6.500277574558757,alta
19201498000189,Z.L. COMERCIO E INDUSTRIA DE ALIMENTOS LTDA,SP,C,family_mature_sweet_spot,29,7808960.772542751,7293144.75,6.6054374912014255,alta
22544602000142,CLEUSON LOPES TRANSPORTES LTDA,SP,H,standard,32,7802524.080751305,6873103.04,11.911799709073264,alta
22165703000102,VNS TRANSPORTES LTDA,SP,H,standard,30,7795504.018931029,6443534.1,17.342944287474317,alta
10818294000117,NOVA METALIZACAO DIADEMA LTDA,SP,C,standard,34,7784219.238401339,8325675.54,6.955820295085376,alta
12146282000119,JOSE OSCAR MARTINS LTDA,SP,H,standard,30,7771512.874800741,6443534.1,17.08777680992763,alta
28801060000122,CIDIX INDUSTRIA E COMERCIO  DE PAES LTDA,RJ,C,standard,30,7770309.051793818,7544632.5,2.9043446057234967,alta
29385924000135,MERCADO QUALITY DO IMBIU LTDA,RJ,G,standard,16,7769327.357272568,6086524.16,21.659573858699115,alta
43103456000190,PROPAGANDA EM PLASTICOS SUPERDISPLAY LTDA,SP,J,partnership_heavy_services,21,7768305.500784677,6796318.619999999,12.512212356819616,alta
74304213000143,S.B.R. USINAGEM DE PRECISAO LTDA,SP,C,family_mature_sweet_spot,20,7759923.534729655,7929680.4,2.187610026188996,baixa
12747729000105,RICEL LOGISTICA LTDA,SP,H,standard,29,7755150.214123971,6228749.63,19.682411584291852,alta
39939995000196,STYROLED INDUSTRIA E COMERCIO LTDA,SP,C,standard,17,7752659.100929714,8751842.42,12.888265897702919,alta
56784531000177,VIACAO LIMA LIMA LTDA,SP,H,family_mature_sweet_spot,38,7749034.355597366,8161809.86,5.326799256019226,baixa
22778844000109,CM & CA TEXTEIS E MATERIA PRIMA LTDA,RJ,G,standard,16,7718131.510324901,6086524.16,21.139926783344183,baixa
03820935000102,ART PAES INSDUTRIA E COMERCIO LTDA,SP,C,family_mature_sweet_spot,23,7711656.0333323125,5784218.25,24.993824607857153,alta
48388887000163,BENDITO FRUTO HORTIFRUTI LTDA,RJ,G,standard,16,7711152.499231392,6086524.16,21.06855414146363,alta
16528220000122,FABRIRIC TRANSPORTES LTDA,SP,H,family_mature_sweet_spot,32,7708472.43835978,6873103.04,10.837029061720708,alta
29779386000163,HOMA COMERCIO E REPRESENTACOES LTDA,RJ,G,standard,9,7705064.180354952,6441133.68,16.4038932158087,alta
08942553000175,TUCSON CAMISARIA LTDA,RJ,C,standard,38,7703822.552443352,7430250.58,3.551119857460699,alta
13689189000113,"B&B TRANSPORTES, LOGISTICA E EMPREENDIMENTOS LTDA",SP,H,standard,29,7700836.830098124,6228749.63,19.115938080191306,alta
13689189000113,"B&B TRANSPORTES, LOGISTICA E EMPREENDIMENTOS LTDA",SP,H,standard,29,7700836.830098124,6228749.63,19.115938080191306,alta
03561845000144,MINERACAO AGUAS DE SOCORRO LTDA,SP,C,family_mature_sweet_spot,29,7698764.050437408,8634866.290000001,12.159123638935375,alta
01156271000101,DINNIL INDUSTRIA DE ISOLANTES TERMICOS LTDA,SP,C,family_mature_sweet_spot,31,7691633.539133387,6210822.100000001,19.2522359730132,alta
02266664000122,"INTERFRANCESA TRANSP.LOCACOES,COM.E REPRESENTACOES LTDA",RJ,H,family_mature_sweet_spot,36,7688173.134001391,7732240.92,0.5731893029790989,alta
65874182000175,D'COELHO TRANSPORTES LTDA,SP,H,family_mature_sweet_spot,30,7687025.898753379,6443534.1,16.17650070562451,alta
06988530000176,VALE CASH LOCACAO E SERVICOS LTDA,RJ,H,standard,33,7676462.215148404,7087887.51,7.667265058465815,alta
08083779000168,PEDRAS LISAS DE PAULO DE FRONTIN MINERACAO E DISTRIBUIDORA DE AGUAS LTDA,RJ,B,standard,14,7676213.956574776,7967823.08,3.798866538568234,baixa
22144725000196,COMACO TRANSPORTE E AGENCIAMENTO DE VENDAS LTDA,SP,H,family_mature_sweet_spot,30,7669528.660958105,6443534.1,15.985266046387647,alta
66005141000105,SOL NAC INDUSTRIA E COM. DE PLASTICOS LTDA,SP,C,family_mature_sweet_spot,24,7669272.450388938,9190547.76,19.835979481129424,alta
42991484000128,PERSONAL WASH CAR LTDA,SP,G,standard,9,7668519.363211597,6441133.68,16.00551064785426,alta
02922478000102,R STREIT CONFECCAO E COMERCIO LTDA,RJ,C,family_mature_sweet_spot,48,7655419.756116754,9385579.68,22.600457963142137,alta
55476253000128,FORMOTEX INDUSTRIA E COMERCIO DE CONFECCOES LTDA,SP,C,family_mature_sweet_spot,33,7652191.286869713,6611520.3,13.59964679209452,alta
30715389000112,OI EMBALAGENS LTDA,SP,C,standard,18,7638706.126223295,9266656.68,21.311862596572894,alta
53912231000138,ELLA EXPRESS TRANSPORTES LTDA,RJ,H,recent_startup,35,7634233.369742912,7517456.45,1.5296482840796966,baixa
02205841000160,ICE BY NICE INDUSTRIA E COMERCIO DE PRODUTOS ALIMENTICIOS LTDA,SP,C,standard,23,7620804.10341579,8493941.4,11.457285671374935,baixa
11366766000100,CONFIANCE COMERCIO E SERVICOS DE EMPILHADEIRAS LTDA,SP,C,family_mature_sweet_spot,33,7620335.347227499,7325726.100000001,3.8660929447768435,alta
44985998000104,RLX INDUSTRIA E COMERCIO LTDA,SP,C,standard,33,7609731.399662848,8152589.61,7.133736814432166,alta
11420430000189,MABELA MERCEARIA LTDA,RJ,G,standard,16,7605098.464842276,6086524.16,19.967845411371275,alta
54301213000182,CONSTELACAO INDUSTRIA E COMERCIO DE SORVETES LTDA,SP,C,family_mature_sweet_spot,25,7604726.5951490775,9232545.0,21.405350797085585,alta
67766584000181,NUTRIVITA INDUSTRIA DE ALIMENTOS IMP. E EXPORTACAO LTDA,SP,C,family_mature_sweet_spot,23,7600107.064838949,9116497.58,19.952225701878117,baixa
58535295000180,VIBRATO SERVICOS DE CONCRETAGEM LTDA,SP,C,standard,18,7600085.964206284,9292671.0,22.27060382955131,alta
11610291000156,SANTA LIDIA TRANSPORTES LTDA,SP,H,standard,31,7581442.458176815,6658318.57,12.176098325209837,alta
07883602000183,REGINA KATZ TRANSPORTES LTDA,SP,H,standard,31,7579703.059557124,6658318.57,12.15594439937017,alta
21971233000101,JRWR ATACADO DE FRIOS LTDA,SP,G,standard,5,7574834.673656688,8907325.95,17.591027840876457,baixa
71960983000156,STIREFLEX INDUSTRIA E COMERCIO LTDA.,SP,C,standard,7,7570201.603714874,7821465.54,3.3191181614215526,alta
11609400000115,ELO LOGISTICA E TRANSPORTE LTDA,SP,H,family_mature_sweet_spot,27,7569236.800039006,5799180.69,23.38486900066179,alta
03637364000175,TARUMA PRODUTOS DE BORRACHA LTDA.,SP,C,standard,18,7562479.559607158,7685213.76,1.6229359620142487,alta
04057652000113,FABRICA DE CONSERVAS ADCRIS LTDA,RJ,C,standard,15,7561052.495785349,8836722.6,16.871594330626976,alta
37656892000193,ALC INDUSTRIA E COMERCIO DE PAES TATUAPE LTDA,SP,C,standard,36,7559932.828205928,9053559.0,19.757135489635417,alta
03098615000190,TRANSPORTES DE CARGAS CIDADE EDSON LTDA,SP,H,family_mature_sweet_spot,31,7558695.203227827,6658318.57,11.911799709073263,alta
30129947000168,PRIMA LINEA NUTRICAO ANIMAL LTDA,SP,C,standard,8,7556463.867644937,8045246.08,6.468398723481202,alta
14939817000134,RAINHA INDUSTRIA E COMERCIO DE ALIMENTOS LTDA,SP,C,standard,11,7555930.921964832,6480263.239999999,14.236070883574431,baixa
07190474000192,MARFER ROLETES PARA ESTEIRAS TRANSPORTADORAS LTDA,SP,C,standard,18,7555813.203616721,9055270.08,19.84507604906827,alta
58270687000165,MICROCAST INDUSTRIA COMERCIO IMPORTACAO E EXPORTACAO LTDA,SP,C,standard,12,7555508.465933132,7910968.199999999,4.704643448810784,alta
44113819000130,FERRARIS METAL INDUSTRIA E ENGENHARIA LTDA,SP,C,standard,24,7543709.098142204,7984575.36,5.844157775998666,alta
09583710000166,BROMELIA PRODUCOES LTDA,SP,J,partnership_heavy_services,15,7537531.96798253,6900826.350000001,8.447136551952132,baixa
12823677000109,FOCO PDV SOLUCOES INTEGRADAS LTDA,SP,J,family_mature_sweet_spot,21,7530261.616619626,8896047.51,18.137296722414302,alta
00968257000131,RAYO JET TAXI LTDA,RJ,G,standard,9,7529150.668846647,6441133.68,14.45072673799096,alta
43058767000184,LABORPACK EMBALAGENS LTDA,SP,N,standard,43,7527455.164352784,5965403.33,20.751393402515074,alta
11001327000102,J R PASSAGEIROS E CARGAS LTDA,RJ,H,family_mature_sweet_spot,35,7522611.150040139,7517456.45,0.06852275011066807,alta
16628053000191,ECODECOR COMPANY LTDA,SP,N,standard,15,7514733.80383978,5687781.45,24.311604396502613,baixa
43943893000111,P OCLUSAL PRODUTOS ODONTOLOGICOS LTDA,SP,C,family_mature_sweet_spot,23,7505204.78143006,9026970.08,20.276132935575667,alta
10520661000100,FENIX FUNILARIA PECAS E ACESSORIOS LTDA,SP,G,standard,8,7502485.301167017,5725452.16,23.6859263275144,baixa
14592371000114,FRUTILAR COMERCIO DE HORTI FRUTTI LTDA,SP,G,standard,5,7499202.924966603,8907325.95,18.77696922089447,alta
01259568000194,SUPERFITAS IND COM FITAS ADESIVAS LTDA,SP,C,family_mature_sweet_spot,24,7487116.225265259,9190547.76,22.75150382982589,alta
09652135000106,VIEIRA & COUTO COMERCIO E DISTRIBUICAO DE PRODUTOS ALIMENTICIOS LTDA,SP,C,family_mature_sweet_spot,22,7483245.618023083,8844059.18,18.18480418041411,baixa
06954628000102,SAO JUDAS PAES & DOCES LTDA,SP,C,standard,36,7481409.785542273,9053559.0,21.014077019225507,alta
56668957000165,ROSTICERIA PAES E DOCES SACRAMENTO LTDA,SP,C,family_mature_sweet_spot,36,7481409.785542273,9053559.0,21.014077019225507,alta
15441164000121,ACT DISTRIBUIDORA LTDA,RJ,G,standard,5,7478025.422015603,8907325.95,19.113341387908086,alta
06281969000164,ESTRADA DA CACHAMORRA OLEOS LUBRIFICANTES LTDA,RJ,G,standard,9,7477901.198251513,6441133.68,13.86441851483583,alta
05532954000169,METALURGICA HIDRAUTEC LTDA,SP,C,standard,16,7470270.3974710135,8049128.96,7.748830118986769,alta
54523410000146,PLANO INDUSTRIA E COMERCIO DE PLASTICOS LTDA,SP,C,family_mature_sweet_spot,24,7467816.16780212,9190547.76,23.06874665214079,alta
04304124000111,AMANHECER TRANSPORTE E TURISMO LTDA,SP,H,family_mature_sweet_spot,36,7462751.047635338,7732240.92,3.6111330881130326,alta
38830810000148,FORTALEZA BLINDAGEM LTDA.,RJ,G,standard,8,7460415.160020886,5725452.16,23.25558246836264,alta
28336205000161,RJ PRO BLINDAGEM LTDA,RJ,G,standard,8,7460415.160020886,5725452.16,23.25558246836264,alta
43460261000105,INOVALLE LITORAL TRANSPORTE LTDA,SP,H,standard,27,7453533.842169541,5799180.69,22.195554312905607,alta
07316584000158,S.D.L. TRANSPORTES E DISTRIBUICAO LTDA,SP,H,family_mature_sweet_spot,27,7453533.842169541,5799180.69,22.195554312905607,alta
58581075000193,AGAVIC INDUSTRIA E COMERCIO DE EQUIPAMENTOS LTDA,SP,C,standard,17,7450423.54157759,8004347.66,7.43480038861146,alta
08016098000187,YOHANA TEXTIL LTDA,SP,C,family_mature_sweet_spot,40,7443668.648630012,7821316.4,5.073408949221479,alta
30527796000104,AZZR MAQUINAS INDUSTRIAIS LTDA,SP,C,standard,14,7443379.302257079,6591815.72,11.440550691792057,alta
07331346000111,RETROPLAN LOCACAO COMERCIO E SERVICOS DE MAQUINAS E EQUIPAMENTOS LTDA,SP,N,standard,16,7440630.922009967,6066966.88,18.4616607974273,baixa
10814914000140,"CIRAC - CENTRO INTEGRADO DE RECOLHIMENTO, ASSISTENCIA E CONTROLE DE ANIMAIS LTDA.",RJ,M,family_mature_sweet_spot,32,7439038.695061168,7505424.32,0.8923952093824501,alta
13606076000107,E. M. DE FREITAS LTDA,SP,C,standard,49,7438805.987575745,7048283.4799999995,5.249800952303291,alta
21873746000180,PRIVILEGE TRANSPORTES E LOGISTICA LTDA,SP,H,standard,28,7435290.732508534,6013965.16,19.1159380801913,alta
62168364000132,MECANICA REUNIDA INDUSTRIA E COMERCIO LTDA,SP,C,standard,13,7435101.647474282,8493773.34,14.238832805807707,alta
11967257000133,MUSSI INDUSTRIA E COMERCIO DE CALCADOS LTDA,SP,C,labor_intensive_midcap,54,7430027.945665195,7495336.079999999,0.8789756217930024,alta
19762173000175,"S.A. MANUTENCAO INDUSTRIAL, CIVIL E COMERCIO LTDA",SP,C,standard,44,7428652.810437394,5848964.44,21.264802794631922,alta
59679852000108,TAMBORES ARARAS INDUSTRIA E COMERCIO LTDA,SP,C,family_mature_sweet_spot,42,7428430.458035279,5701035.9,23.253829564585455,alta
30165570000100,LP PROJETOS LOGISTICOS LTDA,SP,M,standard,25,7422291.651299777,5863612.75,20.999968399609095,alta
07286336000101,BEE CLOUD SOLUCOES LTDA,SP,J,partnership_heavy_services,20,7421447.5891662445,8472426.2,14.161369439136953,baixa
32408551000185,CASA GRAMATICO LTDA,RJ,G,standard,16,7419255.2540700575,6086524.16,17.963138461086743,alta
71999171000114,TCPP TRANSPORTE COLETIVO PRESIDENTE PRUDENTE LTDA,SP,H,standard,30,7413066.838867268,6443534.1,13.078699544214748,alta
41643949000197,THE BEST INDUSTRIA E COMERCIO DE MOVEIS LTDA,RJ,C,standard,34,7412812.834938866,8489684.4,14.527165180611433,alta
67275677000103,CERAMICA TABOAL LIMITADA,SP,C,family_mature_sweet_spot,31,7408215.401543782,8405145.319999998,13.457086010869343,alta
07766255000109,G2B CONSULTORIA E SUPORTE EM INFORMATICA LTDA,SP,J,partnership_heavy_services,15,7403199.371138707,6354319.65,14.167924819474035,baixa
04150152000121,VIACAO TALISMA LTDA,SP,H,family_mature_sweet_spot,31,7403141.091974819,6658318.57,10.060898647227244,baixa
05305623000196,T.R.D.L TRANSPORTES LTDA,SP,H,standard,27,7402680.7058832785,5799180.69,21.661072246556536,alta
11757229000191,COMERCIAL AZ REPRESENTACOES E SERVICOS LTDA.,RJ,G,standard,8,7402285.270312358,5725452.16,22.652911216992308,alta
17344172000185,OFICINA AUTO V + LTDA,RJ,G,standard,8,7402285.270312358,5725452.16,22.652911216992308,alta
14892291000184,LAZARI COMERCIO DE VEICULOS LTDA,RJ,G,standard,8,7399551.743736131,5725452.16,22.624337820913137,alta
27996346000148,PIXPEL EMBALAGENS SUSTENTAVEIS LTDA,SP,C,standard,25,7391346.799680041,8271710.5,11.910734595189991,alta
62596911000180,BRINQUEDOS PLASTILINDO LTDA,SP,C,family_mature_sweet_spot,34,7384746.923019156,8413408.12,13.929538922645825,alta
11280354000153,WM MULTIMARCAS LTDA,SP,G,standard,8,7383159.887394649,5725452.16,22.45255084106836,baixa
00197935000100,GUAINUMBY TEXTIL LTDA,SP,C,family_mature_sweet_spot,44,7383038.303872768,8651562.040000001,17.181594946647234,alta
54014669000161,OQUEI BR TECNOLOGIA LTDA,SP,J,recent_startup,18,7374834.586065873,7625183.58,3.394638767995431,baixa
04541339000156,AGRIMAC PNEUS LTDA,SP,C,family_mature_sweet_spot,22,7372104.305181785,8029874.6,8.922422521285739,alta
57206328000186,VIBRASOM TECNOLOGIA ACUSTICA LTDA,SP,C,family_mature_sweet_spot,23,7370256.61335815,9038315.98,22.63231057136589,alta
30647351000150,ALVARENGA BARBOSA COMERCIO DE VEICULOS LTDA,RJ,G,standard,10,7369124.454186533,7156815.2,2.8810648470716997,alta
04610563000152,VENAPRINT BRASIL LTDA,SP,C,standard,16,7358984.111484013,7930408.64,7.764992013289638,alta
18553796000175,SUPERFRIO SISTEMAS FRIGORIFICOS LTDA,SP,C,standard,14,7351263.040599511,7467214.58,1.5773009176805755,alta
00280465000143,QUADRIMASTER EQUIPAMENTOS ELETRICOS LTDA,SP,C,standard,11,7348850.42291938,6644211.09,9.588429378311622,alta
28174630000100,FOUR SERVICE SOLUTIONS SERVICOS E CONSULTORIA OFFSHORE LTDA,RJ,C,standard,35,7345135.400760501,8623275.85,17.401182953103394,alta
30070747000187,BURIBOX EMBALAGENS DE PAPELAO LTDA,SP,G,standard,5,7343368.322416991,8907325.95,21.29755119062649,baixa
07346899000148,GPG TRANSPORTES LTDA,SP,H,family_mature_sweet_spot,30,7335196.509248829,6443534.1,12.155944399370178,alta
58642885000102,VITORALVES AUTO MECANICA LTDA,SP,G,standard,9,7332841.812814725,6441133.68,12.160471418548727,baixa
59421073000108,MASSAS MR INDUSTRIA E COMERCIO LTDA,SP,C,standard,15,7324274.988918672,6588269.55,10.048850432735232,alta
59417568000155,P VILARTA N JUSTO & CIA LTDA,SP,C,standard,11,7315609.365489323,7251720.85,0.8733177551922187,alta
31015741000170,S M N SERVICOS DE TRANSPORTES EXPRESS LTDA,SP,H,standard,30,7314866.325704349,6443534.1,11.911799709073275,alta
08665540000104,TRANSPORTE LIDER MUNDIAL LTDA,SP,H,standard,36,7309948.385095873,7732240.92,5.776956452457748,alta
29518583000129,MCI LAVAGENS E ESTETICA AUTOMOTIVA LTDA,SP,G,standard,10,7305724.918727175,7156815.2,2.0382606843773505,baixa
10225016000156,VEIGA LEVA TRANSPORTES LTDA,SP,H,family_mature_sweet_spot,30,7303021.115956427,6443534.1,11.768924152205,alta
46989364000147,CERAMICA DONATTI LTDA,SP,C,family_mature_sweet_spot,28,7299674.993500105,7591744.159999999,4.001125622167604,alta
31021649000112,"SAO JOSE TRANSPORTES, LOCACAO E GESTAO DE EQUIPAMENTOS E VEICULOS LTDA",SP,H,standard,31,7298971.626095297,6658318.57,8.777305748180094,alta
17999051000171,"TACARE COMERCIO, IMPORTACAO E EXPORTACAO DE PESCADOS LTDA",SP,C,family_mature_sweet_spot,20,7296232.354800693,8040053.8,10.194596457853974,alta
15654167000143,VIGAMA POSTO DE MOLAS LTDA,SP,G,standard,8,7287398.328350923,5725452.16,21.433522609493178,baixa
00790507000196,DRUCK COMUNICACAO E DESENV DE VISUAIS GRAFICOS LTDA,SP,C,standard,16,7285808.399606601,6247916.32,14.245393547030996,alta
10283873000102,LINE FLEX CORTINAS E PERSIANAS LTDA,SP,C,family_mature_sweet_spot,33,7282287.869552793,8773145.700000001,20.472382541762414,alta
29035453000135,"MEDTEC SUPPLIES, INDUSTRIA, IMPORTACAO, EXPORTACAO, DISTRIBUICAO E COMERCIO LTDA",SP,C,standard,17,7279012.895628476,6672108.32,8.337731837141837,alta
10885723000179,LUCCAS H DOS SANTOS MINIMERCADO LTDA,RJ,G,standard,15,7278951.950393822,5706116.4,21.607994682651047,alta
00583279000183,G S COMERCIAL LTDA,RJ,G,standard,15,7278951.950393822,5706116.4,21.607994682651047,alta
31945239000168,GP USINAGEM DE CAMPO E MANUTENCAO INDUSTRIAL LTDA,SP,C,standard,36,7268269.122258612,8815421.16,21.286388983634815,baixa
12243785000102,GOLD CARPET INDUSTRIA TEXTIL LTDA,SP,C,standard,13,7256262.884569883,7463406.210000001,2.854683309098386,alta
02921959000195,EXCEED COSMETICOS LTDA,SP,C,standard,8,7250829.998536002,9020396.96,24.40502620832771,alta
12468726000132,DASHKW PET LTDA,SP,C,standard,31,7249312.875406762,7671048.58,5.817595568594832,alta
00607923000106,ART PEL INDUSTRIA DE EMBALAGENS LTDA,SP,C,standard,13,7234922.22063041,8234725.719999999,13.819132657966177,alta
54785538000188,SANTOS AUTO CLINICA RJ PECAS LTDA,RJ,G,recent_startup,8,7233012.977680138,5725452.16,20.842777723919717,baixa
22416638000140,LINEAR - ESQUADRIAS DE ALUMINIO LTDA.,SP,C,family_mature_sweet_spot,34,7228852.032569704,6993750.699999999,3.2522637274971427,alta
00655154000111,SOUZA VALADARES COMERCIO E REPRESENTACOES LTDA,RJ,H,family_mature_sweet_spot,32,7227933.871595261,6873103.04,4.909159905152076,alta
64952880000189,DIPLOMATA INDUSTRIA E COMERCIO DE ARTIG DE VIAGEM LTDA,SP,C,family_mature_sweet_spot,39,7224330.178457977,6898084.83,4.515925219348346,alta
51013233000160,ARNOSTI TRANSPORTES LTDA,SP,H,standard,31,7218782.80858799,6658318.57,7.763971481746484,alta
59118547000139,ZAP INDUSTRIA E COMERCIO DE EMBALAGENS PROTETORAS LTDA,SP,C,standard,17,7214333.5636553345,8751842.42,21.31186259657289,alta
58345059000100,VENTEC AMBIENTAL EQUIPAMENTOS E INSTALACOES LTDA,SP,C,standard,15,7213612.787587803,8000587.05,10.909571744221072,alta
08168905000187,GOBBI AUTOMOVEIS LTDA,SP,G,standard,8,7212013.8663645955,5725452.16,20.61229684121414,alta
04543355000188,G2 COMERCIO DE VEICULOS LTDA.,SP,G,standard,8,7212013.8663645955,5725452.16,20.61229684121414,alta
19797698000146,SCRIPTCALL INOVACAO EM SERVICOS LTDA,SP,N,standard,39,7211960.1992233675,5410482.09,24.979035649938318,alta
11667036000140,COTTON MED PRODUTOS HOSPITALARES IMPORTACAO E EXPORTACAO LTDA,SP,C,standard,35,7209440.734733461,6843651.850000001,5.0737484111794195,alta
40022251000191,SBG CONFECCOES E COMERCIO LTDA,SP,C,standard,35,7209440.734733461,6843651.850000001,5.0737484111794195,alta
02847287000115,GILBOTEC INDUSTRIA DE ARTEFATOS DE BORRACHA LTDA,SP,C,standard,19,7197639.225746836,8112170.08,12.705983525567325,alta
65477739000134,COZADINI INDUSTRIA MECANICA LTDA,SP,C,standard,13,7193415.45910027,8570215.549999999,19.139727139740863,alta
09070085000159,EQUIPAR INDUSTRIA E COMERCIO LTDA,SP,C,standard,16,7191551.050414788,8533959.52,18.666466526825054,alta
11031808000152,STEEL INDUSTRIA DE SALTOS E SOLADOS LTDA,SP,C,family_mature_sweet_spot,46,7190065.344854253,7333735.840000001,1.9981806597706202,alta
58830613000136,PRO COR INDUSTRIALIZACAO DE PIGMENTOS LTDA,SP,C,standard,6,7182798.623076804,6424161.24,10.561863458617136,alta
49895002000185,DELLA TRANSPORTES LTDA,SP,H,standard,26,7177477.0332003,5584396.22,22.19555431290563,alta
12525609000163,RED CARGAS LOGISTICAS LTDA,SP,H,family_mature_sweet_spot,26,7177477.0332003,5584396.22,22.19555431290563,alta
01474090000115,TRANS-OK TRANSPORTES LTDA,SP,H,family_mature_sweet_spot,30,7167413.889698537,6443534.1,10.099595207400307,alta
08415973000101,SUPLEMAIS INDUSTRIA DE SUPLEMENTOS NUTRICIONAIS LTDA,SP,C,standard,8,7166371.688307549,5440028.24,24.08950475069835,alta
42513203000121,JOMER PRODUTOS ALIMENTICIOS LTDA,SP,C,standard,8,7166371.688307549,5440028.24,24.08950475069835,alta
08804496000168,SPRINTER TRANSMODAL TRANSPORTES LTDA,SP,H,family_mature_sweet_spot,27,7163735.504354856,5799180.69,19.04809039257994,alta
08332038000173,GOAL VEICULOS E SERVICOS LTDA,RJ,H,family_mature_sweet_spot,40,7161489.931341331,8591378.8,19.966360106169333,alta
11551125000126,SARTORATTO MORETO INDUSTRIA DE ALIMENTOS LTDA,SP,C,standard,33,7160511.1446475545,8299095.75,15.900884480900942,alta
11504689000108,AZCORP TECNOLOGIA INFORMATICA LTDA,SP,J,partnership_heavy_services,17,7154936.188831634,7201562.27,0.6516631307089193,baixa
31479974000123,DISTRIBUIDORA DE HORTIFRUTIGRANJEIROS IRMAOS CARREIRO LTDA,RJ,G,standard,5,7151817.897778387,8907325.95,24.546319233980164,alta
16669016000121,C H L COMERCIO DE PRODUTOS ALIMENTICIOS LTDA,SP,C,standard,34,7139936.559972264,8550583.5,19.757135489635445,alta
05947370000154,LEGADO USINAGEM LTDA.,SP,C,standard,32,7129532.772425854,7835929.92,9.908042646303619,alta
25200257000118,ADMINISTRADORA DE CARTAO DE TODOS NOVA IGUACU LTDA,RJ,N,standard,41,7122564.595644099,5687942.71,20.141928744619054,alta
24920440000125,MORIKAWA SERVICOS VETERINARIOS LTDA,SP,M,family_mature_sweet_spot,26,7112373.657107102,6098157.26,14.259886305237032,alta
07377190000100,GRADUAL PACKING INDUSTRIA E COMERCIO LTDA.,SP,C,standard,15,7102461.888413012,7722213.9,8.725875919138046,alta
05071072000143,OTTO INDUSTRIA DE MOBILIARIO LTDA,SP,C,standard,24,7098891.658613173,7984575.36,12.476365945270006,alta
52521036000114,GALVANOPLASTIA DIADEMA LTDA,SP,C,family_mature_sweet_spot,31,7097376.36442475,7591057.11,6.9558202950853865,alta
54017802000133,VERSATIL LOGISTICA LTDA,SP,H,recent_startup,34,7096748.514479408,7302671.98,2.9016593317411394,baixa
46207614000140,TASCO CLIMATECNICA LTDA,SP,C,standard,14,7094232.901655825,7467214.58,5.257533598271346,baixa
05573636000146,MICRO KA INFORMATICA LTDA,SP,J,partnership_heavy_services,16,7073154.182080712,6777940.96,4.173713939795233,baixa
07616202000101,FREESPIRIT DISTRIBUIDORA DE FILMES LTDA,RJ,J,partnership_heavy_services,12,7069587.115866895,5520661.08,21.909710008247924,baixa
11318910000133,E. ELI DE SOUZA COMERCIO DE CEREAIS LTDA,SP,H,standard,29,7064402.775746177,6228749.63,11.829069947925092,alta
28193868000174,GM LITORAL TRANSPORTE LOGISTICA E ARMAZENAMENTO LTDA,SP,H,standard,26,7064116.503496731,5584396.22,20.94699716184283,alta
01683837000145,TRANS INA TRANSPORTES LTDA,SP,H,family_mature_sweet_spot,26,7064116.503496731,5584396.22,20.94699716184283,alta
28942363000165,"MAIS INDUSTRIA DE EQUIPAMENTOS DE SEGURANCA INDIVIDUAL, SERVICOS E COMERCIO, IMPORTACAO E EXPORTACAO LTDA",SP,C,standard,28,7060589.334791253,8125588.799999999,15.083719144532745,baixa
05489928000103,PASSE BEM MOVEIS LTDA,SP,C,standard,31,7058910.217949926,7740594.600000001,9.657076815010857,alta
06916706000184,S. S. EMBALAGENS DE MADEIRA LTDA,SP,C,family_mature_sweet_spot,25,7058492.109882251,7409958.500000001,4.9793409788710905,baixa
43268965000172,LIGIA CUSTODIO LTDA,SP,N,standard,15,7058199.470214711,5687781.45,19.41597182111123,alta
12756892000134,EFB INDUSTRIA DE CALCADOS LTDA,SP,C,standard,46,7052531.084005449,6384915.92,9.466320049542844,alta
33120741000165,MP RURAL NUTRICAO ANIMAL LTDA,SP,C,standard,9,7051198.677034042,8719083.450000001,23.65391828198386,alta
37280759000185,MACRON TRUCK SERVICE LTDA,SP,G,standard,8,7050386.0202027215,5725452.16,18.792359119148276,alta
09339286000109,TRANSPORTADORA FREZZARIN LTDA,SP,H,family_mature_sweet_spot,25,7049668.059607131,5369611.75,23.83170803790666,alta
05208899000156,VIALIX AMBIENTAL LTDA,SP,H,standard,25,7046429.4234896,5369611.75,23.796700040730567,alta
07824492000189,CEAT COMERCIO DE PECAS PARA COMPRESSORES LTDA,SP,C,standard,10,7037812.608343466,7769801.7,10.400803948498806,alta
57513871000398,PLASMETEL ELETRODEPOSICAO LTDA,SP,C,family_mature_sweet_spot,33,7029911.980519871,8080802.7299999995,14.948846477625649,alta
15651010000164,AGISET SERVICOS GRAFICOS LTDA,SP,C,standard,18,7026682.7145518325,5955631.56,15.24262867787884,alta
31096196000193,PADARIA E LANCHONETE PAO GOSTOSO DO FRADE LTDA,RJ,G,standard,15,7021586.632783011,5706116.4,18.734657871217102,alta
60290418000102,ALL-IN LOGISTICA INTEGRADA LTDA,SP,H,family_mature_sweet_spot,30,7020484.994583672,6443534.1,8.21810594323315,alta
11008716000151,QUALITY CENTRAL DE ESTERILIZACAO - LTDA,SP,C,standard,22,7018616.766666914,8634493.120000001,23.022718108891045,baixa
40726678000170,ARCAD INDUSTRIALIZACAO QUIMICA LTDA,SP,C,standard,7,7017157.340558073,7494854.78,6.807563465634598,alta
25311394000120,CFTI - INDUSTRIA E COMERCIO DE EQUIPAMENTOS INDUSTRIAIS LTDA,SP,C,standard,16,7012163.333249495,7533503.68,7.4348003886114675,alta
10395821000128,OPV MANUTENCOES FERROVIARIAS LTDA,RJ,G,standard,9,7011344.6174730025,6441133.68,8.132690212544649,alta
05917072000111,D & R TURISMO LTDA,SP,H,family_mature_sweet_spot,28,7006662.073858687,6013965.16,14.16790054086327,baixa
67557363000101,SPACE ONE INDUSTRIA E COMERCIO DE CONFECCOES LTDA,SP,C,family_mature_sweet_spot,34,7003456.713741077,6648118.94,5.073748411179426,alta
57011199000170,TEKNIZA INDUSTRIA METALURGICA LTDA,SP,C,standard,11,7001606.702314522,7187038.98,2.6484246483622105,alta
42189425000130,HGS CENTRO AUTOMOTIVO LTDA,RJ,G,standard,9,7000672.305533524,6441133.68,7.992641293769018,alta
56283138000108,METALURGICA HARMONIA LTDA,SP,C,family_mature_sweet_spot,22,6992180.722639149,8551427.5,22.299863793742507,baixa
01054288000140,TEXTIL DANESI LTDA,SP,C,family_mature_sweet_spot,36,6990575.035083248,7212567.600000001,3.175598055991808,baixa
02015215000101,CARDIA TUPA DISTRIBUIDORA DE AUTO PECAS LTDA,SP,G,standard,9,6985535.905817708,6441133.68,7.793277898182703,alta
44380178000180,ITEB INDUSTRIA TECNICA DE BORRACHAS LTDA,SP,C,standard,18,6983987.7045067,7685213.76,10.040482388604513,alta
10845688000164,MARISAN EMPADARIA LTDA,SP,C,standard,30,6978292.22061142,8288623.2,18.777244316572514,alta
28142185000198,MORAES & CIA - COMERCIO E SERVICOS INDUSTRIAIS LTDA,SP,C,standard,36,6977609.597221581,7991701.2,14.533510203583482,alta
00915190000177,EMPRECOM TINTAS E EMPREENDIMENTOS COMERCIAIS LTDA,RJ,G,standard,14,6975276.077827378,5325708.640000001,23.648776326874447,alta
07928719000136,CASA SIMOES MERCEARIA LTDA,RJ,G,standard,15,6957640.876601892,5706116.4,17.987770550369873,alta
60787124000190,H I TECNOLOGIA INDUSTRIA E COMERCIO LTDA,SP,C,standard,12,6953892.209184622,6417848.040000001,7.708548724362169,alta
05197404000130,ACESSORIES INDUSTRIA E COMERCIO LTDA.,SP,C,family_mature_sweet_spot,35,6953757.0121120615,6843651.850000001,1.5833909916650764,alta
59713115000176,COMERCIAL CASSU LTDA,SP,C,standard,28,6950596.092028592,8299153.5200000005,19.402039913066226,alta
18369315000176,SHALLON EVENTOS ARTES CENOGRAFIA E SERVICOS LTDA,RJ,C,family_mature_sweet_spot,35,6950139.3011359265,8646685.950000001,24.410253886375948,alta
00705351000106,G G M TRANSPORTES LTDA,SP,H,family_mature_sweet_spot,33,6948864.982679813,7087887.51,2.0006508640864817,alta
51419257000113,RETIFICA SAO CRISTOVAO LTDA,SP,C,family_mature_sweet_spot,34,6948802.053638224,5898850.739999999,15.109817570475984,alta
24773331000122,VIATST VEICULOS LTDA.,SP,G,standard,8,6935474.034141724,5725452.16,17.446851767955124,alta
52884440000152,APOLLO COMERCIO DE ELETRONICOS LTDA,RJ,G,standard,14,6930855.275562094,5325708.640000001,23.159430860167763,alta
31612670000192,JBA PROJETOS E ENGENHARIA LTDA,SP,M,standard,23,6930024.26575101,5394523.73,22.1572173035473,alta
29726259000104,GESTAMP SOROCABA INDUSTRIA DE AUTOPECAS LTDA.,SP,C,standard,11,6926278.750566308,7084352.11,2.282226360305922,alta
01590206000181,VALE CAIXA TRANSPORTES LTDA,SP,H,family_mature_sweet_spot,29,6924016.904212127,6228749.63,10.04138614666252,alta
30475576000176,RGBEST SERVICOS ELETRICOS LTDA,SP,C,standard,12,6914861.432382345,8478196.68,22.60833803981298,alta
54982152000166,REFAX FACHADAS E FORROS LTDA,SP,C,standard,39,6909308.938098762,8022243.449999999,16.107754362587293,alta
06100430000161,RENATO COMELIS LTDA,SP,H,standard,27,6908128.4917811835,5799180.69,16.052796399206137,alta
71409049000140,A. PADUA SARTORI & IRMAOS LTDA,SP,C,family_mature_sweet_spot,30,6905086.690901628,7544632.5,9.261951916419225,alta
03122292000123,JOHN EXPRESS TRANSPORTES E LOGISTICA LTDA,SP,H,standard,25,6901420.224231056,5369611.75,22.195554312905607,alta
35219332000146,MAR TECNICA SERVICOS NAUTICOS LTDA,RJ,G,standard,8,6901214.910621683,5725452.16,17.03704008423303,alta
10982483000120,NOVA ATELIER COMERCIO E INDUSTRIA DE JOIAS LTDA,SP,C,standard,17,6899542.078147315,8423846.8,22.0928389824676,alta
08854126000135,INDUSTRIA E COMERCIO DE CALCADOS CORVARI LTDA,SP,C,standard,45,6899215.190874895,6246113.399999999,9.466320049542842,alta
13289880000100,"MENEGON INDUSTRIA, COMERCIO, IMPORTACAO E EXPORTACAO DE PRODUTOS ALIMENTICIOS LTDA",SP,C,standard,16,6899100.054700214,7027487.52,1.860930618223422,alta
18562087000156,TRANS RV  LOG LOGISTICA E TRANSPORTES LTDA,SP,H,standard,26,6898411.9671565285,5584396.22,19.048090392579958,alta
30753461000104,ISMAK AUTO PECAS LTDA,RJ,G,standard,8,6892479.9714030605,5725452.16,16.931899929271694,alta
08040380000108,NOVAFLEXO INDUSTRIA E COMERCIO DE MAQUINAS LTDA,SP,C,standard,14,6887663.711041795,7042987.84,2.255106164797224,alta
11903854000102,GHL FERRAMENTARIA DE MOLDES LTDA,SP,C,standard,14,6885716.22717925,6295135.0,8.576903370605251,alta
32143483000170,AUTO PECAS PARA VEICULOS RAMOS LTDA,RJ,G,standard,8,6883455.552681623,5725452.16,16.82299513404272,alta
27489836000158,"GSE VIVA AER INDUSTRIA, COMERCIO E SERVICOS AERONAUTICOS LTDA",SP,C,standard,32,6882171.600646888,7835929.92,13.85839201195541,alta
21245743000100,REIS INDUSTRIAL LTDA,SP,C,standard,12,6877062.705934443,7910968.199999999,15.034114683487848,alta
51990679000144,PARATY PESCADOS LTDA,SP,C,standard,18,6876207.525096214,7236048.42,5.233130233351276,baixa
00516156000120,METALURGICA G16 INDUSTRIA E COMERCIO LTDA,SP,C,standard,31,6869842.96113367,6376655.05,7.17902743809276,alta
60686318000108,LEON MOTORES E PECAS LTDA,SP,C,standard,44,6869165.8517083125,7633806.84,11.131496964824725,alta
15078243000110,"FAZTAPE INDUSTRIA, COMERCIO, IMPORTACAO E EXPORTACAO DE FITAS ADESIVAS LTDA",SP,C,standard,12,6868587.74877534,5947806.4799999995,13.405685454619318,alta
05995570000182,TRANSLOUREIRO TRANSPORTES LTDA,SP,H,family_mature_sweet_spot,24,6864752.723187635,5154827.28,24.90876965475945,alta
13050391000109,LOCAN EQUIPAMENTOS E MONTAGEM INDUSTRIAL LTDA,SP,C,standard,17,6864302.199151441,6253628.67,8.896367197046372,alta
57094450000108,FUJI FERRAMENTAS E MAQUINAS LTDA,SP,C,standard,12,6863170.751514723,7840406.16,14.238832805807705,alta
00867737000106,SANSAOMORIA DO BRASIL LTDA,SP,C,standard,8,6855168.489128638,5480488.08,20.053196523304916,alta
60588803000130,RICHTER LTDA,SP,C,family_mature_sweet_spot,21,6852578.278697011,8242016.16,20.27613293557567,alta
08795061000102,SANJEFER TRANSPORTES E LOGISTICA LTDA,SP,H,family_mature_sweet_spot,28,6846183.408632242,6013965.16,12.155944399370187,alta
47377148000103,JETMOLDE INDUSTRIA E COMERCIO PRODUTOS PLASTICOS LTDA,SP,C,standard,22,6845498.153818612,8424668.78,23.068746652140742,alta
09627651000180,BROGLIPLAST INDUSTRIA E COMERCIO LTDA.,SP,C,family_mature_sweet_spot,22,6845498.153818612,8424668.78,23.068746652140742,alta
00024780000100,MORAN ELETRICA LTDA,SP,C,standard,14,6841406.508459863,7563606.82,10.556313393263322,alta
61444642000174,INDUSTRIA TEXTIL DELTA LTDA,SP,C,standard,30,6837696.336679179,6605652.600000001,3.3935952293528424,alta
60805330000186,TRY LOGISTICA E TRANSPORTES LTDA,SP,H,standard,29,6828070.230863343,6228749.63,8.77730574818011,alta
13238834000181,CREMASCO TRANSPORTES E TERCEIRIZACAO LTDA,SP,H,family_mature_sweet_spot,28,6825419.704723726,6013965.16,11.88871277999411,alta
15511163000106,A N PEREIRA LANCHES E REFEICOES LTDA,RJ,I,standard,40,6820906.99048383,5205040.8,23.689902130877922,alta
04625261000158,UNESPUMA PECAS E FITAS TECNICAS INDUSTRIA E COMERCIO LTDA,SP,C,standard,18,6818816.108602266,7685213.76,12.705983525567314,alta
30159717000141,NITROPRIME TRATAMENTO DE METAIS LTDA,SP,C,standard,32,6816884.344746542,7835929.92,14.948846477625649,alta
22733840000104,DAMIANA TRANSPORTES LTDA,RJ,H,standard,38,6803415.434774265,8161809.86,19.966360106169333,alta
11187787000169,DISFARCE COMERCIO DE ARTIGOS DE FESTAS E FANTASIAS LTDA,SP,C,family_mature_sweet_spot,33,6797472.692748692,6452586.03,5.0737484111794195,alta
49232045000180,XPRO TECNOLOGIA LTDA,SP,J,partnership_heavy_services,13,6791358.288118402,5507077.03,18.910521336582605,baixa
56284102000130,SANTON & CASETA LTDA,SP,C,standard,12,6780552.824690738,7840406.16,15.630780597267929,alta
43478569000170,ESTRUTURAS METALICAS CORDEIROPOLIS LTDA,SP,C,standard,14,6776491.469017101,5895434.02,13.001675764595852,baixa
31980576000196,CASTRO INDUSTRIA E COMERCIO DE PESCADOS LTDA,RJ,C,family_mature_sweet_spot,20,6772714.348200426,8040053.8,18.712430299623037,baixa
02673653000167,R.G.A FERRAMENTARIA SOCIEDADE UNIPESSOAL LTDA,SP,C,standard,21,6771940.350695476,8041729.29,18.750740165248462,alta
73030645000140,PLASTICOS PIRITUBA INDUSTRIA E COMERCIO LTDA,SP,C,standard,11,6768936.853352076,5662956.86,16.339050242496775,alta
09242191000172,BLUASA'S INDUSTRIA E COMERCIO DE TECIDOS LTDA,SP,C,family_mature_sweet_spot,25,6768930.118961009,7356469.500000001,8.67994455125466,alta
03601261000155,J.PIAGET SISTEMA DE ENSINO MULTIMIDIA LTDA,SP,J,family_mature_sweet_spot,20,6766667.990574474,6472684.399999999,4.344584232357416,alta
15427531000132,RMP CONFECCOES LTDA,SP,C,standard,34,6755078.240337431,6648118.94,1.5833909916650817,alta
10677051000106,WELLINGTON MIGLIARI BARBOZA LTDA,SP,N,standard,16,6753473.598523038,6066966.88,10.165238799085188,baixa
58857616000163,SM MADEIRAS LTDA,SP,C,family_mature_sweet_spot,24,6744149.027176093,7161022.5600000005,6.181262174724812,baixa
39064084000162,QUIMIFACTOR INDUSTRIA E SERVICOS LTDA,RJ,M,partnership_heavy_services,22,6741771.770922308,5159979.220000001,23.462564510781565,alta
30655739000100,DEVBASE TECNOLOGIA LTDA,SP,J,partnership_heavy_services,16,6728203.926882164,6777940.96,0.7392319504335295,baixa
96239645000150,APIFLEX INDUSTRIA E COMERCIO DE EMBALAGENS LTDA,SP,C,standard,16,6722746.531629661,6277962.08,6.616112172859816,alta
44802445000160,MAJPEL EMBALAGENS LTDA,SP,C,standard,16,6722746.531629661,6277962.08,6.616112172859816,alta
04891140000158,FINICHROME INDUSTRIA COMERCIO DE COMPONENTES PARA CALCADOS E PARA MAQUINAS AGRICOLAS LTDA.,SP,C,standard,43,6721148.039755063,6855448.720000001,1.998180659770616,alta
28124851000165,PANETTERIA ATTIMINO LTDA,SP,C,standard,32,6719940.291738602,8047608.0,19.757135489635424,alta
05516680000114,ZUCOLLORS INDUSTRIA E COMERCIO LTDA,SP,C,standard,40,6711853.003520698,7865056.4,17.181594946647223,alta
26530387000181,X-CELENTE TELECOMUNICACOES LTDA,SP,J,partnership_heavy_services,8,6711650.208438936,5601259.84,16.544222865529846,baixa
24364007000150,MEC SOLUTION LTDA,SP,J,partnership_heavy_services,8,6711650.208438936,5601259.84,16.544222865529846,baixa
48290320000150,AGLM DISTRIBUIDORA LTDA,RJ,G,standard,14,6711574.926760338,5325708.640000001,20.648898386496775,alta
27009029000190,PROXIMA TEXTIL LTDA,SP,C,standard,28,6708374.787469728,7443881.200000001,10.96400299375182,alta
47646697000136,MONDIALLE INDUSTRIA E COMERCIO DE LOUCAS SANITARIAS LTDA,SP,C,standard,33,6706548.509635571,7164707.55,6.83151757876906,alta
62545140000100,TAVARES INDUSTRIA DE MAQUINAS E EQUIPAMENTOS LTDA.,SP,C,standard,12,6699402.350248654,5650127.76,15.66221187192481,alta
74181330000167,D M B PECAS E ACESSORIOS LTDA,RJ,G,standard,8,6692578.372308129,5725452.16,14.450726737990935,alta
15473712000103,SIIMP SISTEMAS LTDA,SP,J,partnership_heavy_services,15,6692105.831948393,6354319.65,5.047531979183403,baixa
03483835000138,3L PLASTICOS LTDA,SP,C,standard,11,6686561.899730879,5662956.86,15.308390994960753,alta
05240677000110,PORTO SINALIZACAO LTDA,SP,C,standard,7,6684034.056369925,7722487.640000001,15.536329929983273,alta
68480821000106,SOLPRAY INDUSTRIA E COMERCIO DE TINTAS LTDA,SP,C,standard,7,6684034.056369925,7722487.640000001,15.536329929983273,alta
27842085000101,CONSTRUCOES E COMERCIO AJS LTDA,SP,M,standard,23,6678456.092633996,5394523.73,19.224987704120853,alta
59556548000165,PLASTICOS ARAKEN LTDA,SP,C,standard,16,6669582.364094811,8237028.16,23.501408489134416,alta
22165395000115,MADEL TRANSPORTE E LOGISTICA LTDA,RJ,N,standard,16,6668349.899028151,6066966.88,9.018468258778642,alta
12882845000137,GALVALLE INDUSTRIA E COMERCIO LTDA,SP,C,family_mature_sweet_spot,31,6667103.738126673,7591057.11,13.858392011955411,alta
68228097000128,CICAB COMERCIO E INDUSTRIA DE CORREIAS E ARTEFATOS DE BORRACHAS LTDA,SP,C,standard,18,6666215.484834665,7685213.76,15.286008642887538,alta
10312203000177,PRISMAGLASS INDUSTRIA E COMERCIO DE ESQUADRIAS DE ALUMINIO LTDA,SP,C,standard,31,6659861.046139592,6376655.05,4.252431006856422,alta
33893224000129,RODRIGO ABREU TEIXEIRA LTDA,SP,J,standard,12,6655160.295125947,5520661.08,17.046910439660223,baixa
38030337000114,EASY CRANE SERVICOS DE MONTAGEM E COMERCIO LTDA,SP,C,standard,13,6647590.193051785,7555627.56,13.659647189101939,alta
14635879000152,SHOPPING DOS REBOQUES E COMERCIO DE VEICULOS LTDA,RJ,G,standard,8,6647023.287334678,5725452.16,13.864418514835819,alta
44142046000110,OVR SERVICOS NAVAIS LTDA,SP,C,standard,25,6631100.008776939,6159482.75,7.11220247248126,alta
58160904000164,VLN GROUP IT SERVICES LTDA,SP,J,standard,12,6629973.097456583,5083455.72,23.326148609107694,baixa
42142377000125,DEKACRON INDUSTRIA PLASTICA LTDA.,SP,C,standard,15,6629342.80954828,5744092.35,13.353517610723786,alta
28466918000140,M&M FERREIRA TRANSPORTES LTDA,SP,H,standard,30,6627895.939641003,6443534.1,2.781604317870278,baixa
40632024000188,"RIVAS, LOGISTICA E TRANSPORTADORA LTDA",SP,H,standard,24,6625363.415261814,5154827.28,22.19555431290561,alta
10971226000193,TATUI DIESEL COMERCIO DE PECAS E MANUTENCAO DE VEICULOS LTDA,SP,G,standard,7,6621211.106704896,5009770.640000001,24.337548535087308,alta
13583211000146,MISS W INDUSTRIA E COMERCIO DE CALCADOS LTDA,SP,C,family_mature_sweet_spot,43,6617927.087070839,5968508.359999999,9.81302330059787,alta
23634479000113,RUBLENA FORTE REQUALIFICADORA LTDA,RJ,C,family_mature_sweet_spot,45,6617058.00940503,5628316.05,14.942319653231095,alta
55608202000102,KAKAO CONFECCOES E COMERCIO LTDA,SP,C,standard,45,6617029.445840568,5585712.3,15.58580257624287,alta
44456007000198,INVOGUE PRODUCOES FOTOGRAFICAS LTDA,SP,M,partnership_heavy_services,22,6613706.987541168,5159979.220000001,21.980528775763496,alta
60858628000154,PACCAGNELLA CIA LTDA,SP,C,standard,21,6611923.405409286,6948236.819999999,5.086468701612181,alta
18834916000102,WOOD PARTS INDUSTRIA E COMERCIO DE CHAPAS LTDA,SP,C,family_mature_sweet_spot,31,6606881.2869948875,7325876.600000001,10.88252205197628,alta
59281360000151,PORCELANA TEIXEIRA LTDA,SP,C,family_mature_sweet_spot,31,6605780.305640384,6730482.850000001,1.8877791659698242,alta
30078593000170,FERREIRA TRANSPORTES RODOVIARIOS LTDA,SP,H,standard,27,6596977.218425827,5799180.69,12.093364915639306,alta
00250131000127,HIGHBRAS SERVICOS DE PETROLEO E TREINAMENTOS LTDA,RJ,C,standard,30,6594401.478915658,6659751.0,0.9909848724449792,alta
17287486000193,PARK CLEAN ESTACIONAMENTO E LAVA JATO LTDA,RJ,G,standard,9,6584510.40848805,6441133.68,2.1774850306747844,alta
02935236000145,JOED TRANSPORTES LTDA,SP,H,standard,23,6578721.359721483,4940042.81,24.908769654759453,alta
33951086000197,CESTA FARTA MUTUA LTDA,RJ,G,standard,14,6577164.897311981,5325708.640000001,19.027290281614157,alta
17425996000180,RENOVA AUTOCENTER LTDA,RJ,G,standard,8,6570049.04337011,5725452.16,12.855259950036437,alta
64632003000120,ENGESTRAUSS ENGENHARIA E FUNDACOES,SP,C,standard,24,6562446.67064635,5327800.800000001,18.813804250309378,baixa
58780602000199,HENRIMAR - INDUSTRIA E COMERCIO LTDA,SP,C,family_mature_sweet_spot,20,6560359.620375787,7658789.8,16.743444615636687,alta
43756788000173,CONCEPT CARGO LTDA,SP,H,standard,31,6559123.876480384,6658318.57,1.5123162085001545,alta
00595782000159,TRANSPORTADORA VALKIM LTDA,SP,H,family_mature_sweet_spot,25,6552209.187083951,5369611.75,18.04883518394296,alta
05943534000175,ROGIMOLD INDUSTRIA E COMERCIO DE MOLDES LTDA,SP,C,standard,21,6551226.697107101,8041729.29,22.751503829825907,alta
19770220000122,LCP PANIFICADORA LTDA.,SP,C,standard,32,6537899.492009485,8047608.0,23.091644492786347,alta
02563117000109,RODOLUX TRANSPORTES LTDA,SP,H,standard,24,6536357.892979991,5154827.28,21.136091927642855,alta
27716226000140,BIOSUSTENTABILIDADE TRANSPORTES LTDA,RJ,H,standard,33,6534235.611049344,7087887.51,8.473093593601593,alta
15070817000103,ACQUASYS - LABORATORIO DE ANALISES AMBIENTAIS LTDA.,SP,M,family_mature_sweet_spot,22,6533464.950225805,5159979.220000001,21.022317264873898,baixa
24434072000105,GREEN PET SHOP LTDA,RJ,G,standard,13,6532990.0040628,4945300.88,24.30264125730228,alta
59150300000108,J F BASSO & CIA LTDA,SP,C,standard,10,6531938.978244446,6592473.5,0.9267465902111552,alta
59108647000184,OXIGEN SOCIEDADE DE PRODUTOS ESPECIAIS PARA INDUSTRIA LTDA.,SP,C,standard,10,6531938.978244446,6592473.5,0.9267465902111552,alta
56461841000150,ORUOM INDUSTRIA E COMERCIO DE PRODUTOS METALURGICOS E INDUSTRIALIZACAO PARA TERCEIROS LTDA,SP,C,standard,10,6531938.978244446,6592473.5,0.9267465902111552,alta
66111121000119,SERV BAG - INDUSTRIA DE EMBALAGENS LTDA,SP,C,standard,14,6530254.884569496,7207399.640000001,10.369346486467888,alta
22624067000130,COPILOT SOLUCOES TECNOLOGICAS PARA VEICULOS AUTOMOTORES LTDA,RJ,G,standard,7,6527863.265018274,5009770.640000001,23.255582468362622,alta
26218042000197,TUNICO AUTO MECANICA E GNV LTDA,RJ,G,standard,7,6527863.265018274,5009770.640000001,23.255582468362622,alta
54743505000175,TRANSPORTADORA CRISNORA LTDA,SP,H,family_mature_sweet_spot,25,6521157.5980202565,5369611.75,17.65861092468999,alta
02063831000138,PRESTADORA DE SERVICOS SAO JOAO LTDA,SP,H,family_mature_sweet_spot,25,6521157.5980202565,5369611.75,17.65861092468999,alta
10481617000120,INDUSTRIA E COMERCIO DE TELHAS E CALHAS MAFERACO LTDA,SP,C,standard,11,6520474.245457296,6415055.35,1.616736628179157,alta
56284458000174,J C BRASIL PANIFICACAO E COMERCIO DE ALIMENTOS LTDA,SP,C,family_mature_sweet_spot,31,6509942.157621771,7796120.25,19.75713548963542,alta
07320699000116,TAYU INDUSTRIA E COMERCIO DE METAIS LTDA,SP,C,standard,16,6493686.66178571,7928326.4,22.092838982467576,alta
53519235000150,CLIPE LOG LOGISTICA E TRANSPORTE DE CARGAS LTDA,SP,H,recent_startup,31,6492233.302915338,6658318.57,2.558214705717388,baixa
02105011000161,M M BAPTISTA CONFECCOES LTDA,RJ,C,standard,32,6487429.517847033,6257053.12,3.5511198574607024,alta
37199108000165,EXPRESSO VALDEMIR LTDA,SP,H,standard,23,6485694.614838563,4940042.81,23.831708037906694,alta
56259674000160,CIALOG TRANSPORTES E LOGISTICA LTDA,SP,H,standard,24,6482813.069316018,5154827.28,20.484715124697093,alta
28784627000108,MECANICA FERREIRAUTO LTDA,RJ,G,standard,7,6476999.6115233125,5009770.640000001,22.652911216992297,alta
37699886000113,CHAMPIONS CAR MULTIMARCAS LTDA,RJ,G,standard,7,6474607.775769115,5009770.640000001,22.624337820913137,alta
10194885000160,TRANSLAV TRANSPORTE E COMERCIO DE CEREAIS LTDA,SP,H,standard,29,6471064.4972775765,6228749.63,3.7445905133463007,alta
12820389000109,POWER STOP INDUSTRIA E COMERCIO DE COMPONENTES AUTOMOTIVOS LTDA,SP,C,standard,10,6470074.264296321,6973825.4,7.785863270279892,alta
03129519000162,ARQUI FORMA ARQUITETURA E CONSTRUCAO - SERVICOS DE MAO DE OBRA ESPECIALIZADA LTDA,RJ,M,family_mature_sweet_spot,21,6468777.870910453,4925434.71,23.85834220480404,alta
27538645000139,LFW GRAPHICS SOLUCOES EM DOCUMENTOS LTDA,SP,N,standard,13,6467386.156682372,4929410.59,23.78048147153347,alta
07364072000167,MASTER PACK INDUSTRIA DE CAIXAS DE PAPELAO LTDA,SP,C,standard,14,6463636.977243817,6939107.56,7.35608426695599,alta
11280354000153,WM MULTIMARCAS LTDA,SP,G,standard,7,6460264.901470318,5009770.640000001,22.452550841068355,baixa
16604839000179,DREI MARC RECURSOS DE ACESSIBILIDADE AUDIOVISUAL LTDA,RJ,J,standard,16,6456717.45279151,7360881.44,14.003462189871453,baixa
25531679000176,"SEG SYSTEMS SEGURANCA, TECNOLOGIA E FACILITIES LTDA",SP,N,labor_intensive_midcap,62,6453308.093421221,5247066.82,18.69182837637823,alta
56193246000181,REPLABOR INDUSTRIA E COMERCIO DE BORRACHAS LTDA,SP,C,standard,17,6439992.991457695,7258257.44,12.705983525567326,alta
29085594000162,MERCEARIA IRMAOS OLIVEIRA LTDA,RJ,G,standard,13,6434155.46934565,4945300.88,23.139860335035788,alta
02813606000171,CSLT DIESEL COMERCIO DE VEICULOS LTDA,RJ,G,standard,7,6431448.874382283,5009770.640000001,22.10510045481515,alta
10720505000184,VIACAO SUDESTE LTDA,SP,H,standard,33,6430568.548889823,7087887.51,10.221786084896902,alta
26507553000129,HORTI FRUIT SAO PEDRO LTDA,RJ,G,standard,13,6425158.022513248,4945300.88,23.03222951603595,alta
44522026000175,PEROLA DOS LAGOS LTDA,RJ,G,standard,13,6420355.845028284,4945300.88,22.9746606049962,alta
07256595000190,EDICOLOR INDUSTRIA E COMERCIO DE ETIQUETAS ADESIVAS LTDA,SP,J,standard,21,6417925.709958625,6796318.619999999,5.895875507786355,baixa
04298417000133,ANDRE CAVAGNINI COMERCIO DE VEICULOS LTDA,SP,G,standard,7,6417402.01329998,5009770.640000001,21.934598617675537,baixa
42151417000103,UNION NEW AGRO MAQUINAS E EQUIPAMENTOS LTDA,SP,C,standard,7,6411933.647167403,6939283.399999999,8.22450421123062,alta
53484887000105,VIACAO ARIRANHA LTDA,SP,H,family_mature_sweet_spot,30,6410780.980073547,6443534.1,0.5109068618668811,alta
56206634000150,TRANSPORTADORA TUON LTDA,SP,H,family_mature_sweet_spot,29,6409962.733267687,6228749.63,2.827053928522734,alta
05892593000161,INOVE GRAFICA DIGITAL E EDITORA LTDA,SP,C,family_mature_sweet_spot,23,6401543.107885253,7609973.659999999,18.877175889454428,alta
60912854000176,EXIMPORT INDUSTRIA E COMERCIO LIMITADA,SP,C,standard,13,6395687.731681667,6539917.28,2.2551061647972235,alta
03885416000122,PRENSAS MAHNKE LTDA,SP,C,standard,13,6395687.731681667,6539917.28,2.2551061647972235,alta
13359360000126,SPEED WORK INDUSTRIA COMERCIO E SERVICOS DE USINAGEM LTDA,SP,C,standard,13,6395687.731681667,6539917.28,2.2551061647972235,alta
10350476000106,WELL CRIACAO E SERVICOS DE MODAS LTDA,SP,C,standard,31,6385504.650763922,6061520.21,5.0737484111794195,alta
01293929000119,USINAGEM SOUZA & SOUZA LTDA,SP,C,standard,10,6385273.3046114575,6592473.5,3.2449698784060206,alta
07528643000151,ARIALL GRAFICA LTDA,SP,J,standard,19,6382817.256394329,6149050.18,3.6624435105069035,baixa
17341241000105,CONTROL CRANE LTDA,SP,C,standard,12,6372514.5098130815,6974425.4399999995,9.44542267043929,baixa
03947832000108,ROYAN'S - COMERCIO DE PAES E DOCES LTDA,SP,C,standard,19,6370498.462317997,4778267.25,24.99382460785715,alta
31392705000125,BR BRIM UNIFORMES PROFISSIONAIS E CONFECCOES LTDA,RJ,C,standard,42,6370195.529298168,7637838.6,19.899594366791653,alta
00523768000140,LANCINI DESCARTAVEIS LTDA,SP,C,standard,15,6365588.438519413,7722213.9,21.3118625965729,alta
54450473000110,"POLISACOS COMERCIO, INDUSTRIA, IMPORTACAO E EXPORTACAO LTDA",SP,C,standard,15,6365588.438519413,7722213.9,21.3118625965729,alta
45931284000178,A C INNOCENTE CIA LTDA,SP,G,standard,7,6361593.6827946715,5009770.640000001,21.249754545795042,alta
53876703000144,DP TRANSPORTESLOG LTDA,SP,H,recent_startup,26,6357170.308015651,5584396.22,12.155944399370162,baixa
43383674000125,STUDIO FESTAS ARTIGOS DECORATIVOS LTDA,SP,N,standard,17,6357053.962535246,6446152.31,1.401566637468343,baixa
26434805000137,RNS TRANSPORTES LTDA,SP,H,standard,23,6349306.606292572,4940042.81,22.195554312905617,alta
19355089000137,DDMLOG TRANSPORTES EXPRESS LTDA,SP,H,standard,23,6349306.606292572,4940042.81,22.195554312905617,alta
06119209000155,VERDES MARES TRANSPORTES E REPRESENTACOES LTDA,SP,H,family_mature_sweet_spot,23,6349306.606292572,4940042.81,22.195554312905617,alta
04507867000199,CLASSIC AMENITIES INDUSTRIA E COMERCIO LTDA,SP,C,standard,7,6344476.248719,7892847.340000001,24.405026208327737,alta
01781409000155,5 S INDUSTRIA E COMERCIO DE COSMETICOS LTDA,SP,C,standard,7,6344476.248719,7892847.340000001,24.405026208327737,alta
57797466000187,SANTA RITA TURISMO LTDA,SP,H,family_mature_sweet_spot,26,6337889.725814888,5584396.22,11.888712779994114,alta
15242511000197,CONFIA SEGURANCA LTDA,SP,N,labor_intensive_midcap,61,6329751.658935263,5162436.71,18.44171796673013,alta
31595898000111,GENINHO E MATHEUS CONSULTORIA AUTOMOTIVA LTDA,RJ,G,standard,8,6329113.242504712,5725452.16,9.53784613065031,alta
29526811000102,SUL PNEUS LTDA,RJ,G,standard,7,6328886.35547012,5009770.640000001,20.8427777239197,alta
35854256000140,PSM AUTO ELETRICA LTDA,RJ,G,standard,7,6328886.35547012,5009770.640000001,20.8427777239197,alta
38063181000178,LMBA DISTRIBUIDORA DE PECAS ACESSORIOS E  SERVICOS LTDA,RJ,G,standard,7,6328886.35547012,5009770.640000001,20.8427777239197,alta
54252347000150,BYNA COMERCIO DE PECAS PARA VEICULOS LTDA,RJ,G,recent_startup,8,6327746.672589054,5725452.16,9.51830949867372,baixa
50776475000142,MP. DISTRIBUICAO E COMERCIO DE MOVEIS LTDA,SP,C,family_mature_sweet_spot,26,6318175.769898644,6492111.600000001,2.7529438311930203,alta
44650901000102,STENICO & CHAVES LTDA,SP,C,standard,10,6314992.8681406025,5891148.399999999,6.711717289166163,alta
30677837000130,M RED DE SOUZA - COMERCIO E SERVICOS LTDA,RJ,G,standard,7,6314521.444695257,5009770.640000001,20.66270288449744,alta
17547866000110,SIMAL & FERREIRA AUTO PECAS LTDA,RJ,G,standard,7,6314521.444695257,5009770.640000001,20.66270288449744,alta
49179818000102,TERESOPOLIS DOCES E BALAS LTDA,RJ,G,standard,13,6312578.477783961,4945300.88,21.659573858699112,alta
10477658000142,MEGA VALE TRANSPORTES LTDA,SP,H,family_mature_sweet_spot,25,6307070.2022577645,5369611.75,14.863612139946994,alta
09233067000140,COPA PEZZO COMERCIO DE GAS E CONVENIENCIAS LTDA,SP,C,family_mature_sweet_spot,30,6301445.616211844,7544632.5,19.728598158330318,alta
29554262000180,L. DE FATIMA & CIA. LTDA,SP,H,standard,32,6297686.4274545815,6873103.04,9.136952421716433,alta
42895160000196,A L A ARAUJO SERVICOS DE ESCRITORIO LTDA,RJ,N,standard,35,6296394.039946215,4855560.85,22.883466009356102,alta
74256777000158,HAWSER INDUSTRIA MECANICA LTDA,SP,C,standard,10,6296257.054944275,6592473.5,4.704643448810822,alta
02086620000110,JCM INDUSTRIA E COMERCIO DE ARTEFATOS DE BORRACHA LTDA,SP,C,standard,17,6295870.180121628,7258257.44,15.286008642887564,alta
57642985000176,BOBIMAR COMERCIO E REPRESENTACAO LTDA,SP,C,family_mature_sweet_spot,24,6294786.6779341735,7113560.16,13.007168057592258,alta
01120965000180,ADD ELECTRONICS INDUSTRIA COMERCIO E SERVICOS LTDA,SP,C,standard,14,6292607.169112939,7467214.58,18.666466526825058,alta
49911812000188,TEKNOVATION EQUIPAMENTOS E SERVICOS LTDA,SP,C,standard,11,6291239.855555163,7187038.98,14.238832805807702,alta
24390515000103,MOROTO INDUSTRIA E COMERCIO DE ASPIRADORES INDUSTRIAIS LTDA,SP,C,standard,11,6291239.855555163,7187038.98,14.238832805807702,alta
65930687000100,SHEIKAN ANCOR-JET COMERCIAL E INDUSTRIAL LTDA.,SP,C,standard,11,6291239.855555163,7187038.98,14.238832805807702,alta
52206240000140,HDT INDUSTRIA E COMERCIO DE MAQUINAS E EQUIPAMENTOS INDUSTRIAIS LTDA,SP,C,standard,11,6291239.855555163,7187038.98,14.238832805807702,alta
32249538000120,STIGMA INDUSTRIA E COMERCIO DE ARTEFATOS EM COURO LTDA,SP,C,standard,41,6285951.618352682,5690903.319999999,9.466320049542846,alta
03700350000159,M.L. FUGA RAHMEH & CIA LTDA,SP,C,family_mature_sweet_spot,41,6285951.618352682,5690903.319999999,9.466320049542846,alta
00023779000160,POLYSISTEM INDUSTRIA E COMERCIO DE POLICARBONATO LTDA,SP,C,standard,18,6278942.034983723,6892910.82,9.778220305196184,alta
61425849000100,TRANSPORTADORA FLOTILHA LIMITADA,SP,H,family_mature_sweet_spot,26,6276494.332231743,5584396.22,11.02682605284299,alta
07718045000145,C & R - INVESTIMENTOS E PARTICIPACOES LTDA,SP,H,family_mature_sweet_spot,26,6263133.856167322,5584396.22,10.83702906172072,alta
54582153000113,MINERADORA SAO BENTO LTDA,SP,C,recent_startup,23,6257639.094152399,6848342.23,9.439712437228886,baixa
13425351000196,JULIANA C R TRANSPORTES LTDA,SP,H,standard,23,6256777.671403753,4940042.81,21.04493607662959,alta
01610420000152,VIACAO PARAISO VERDE LTDA,RJ,H,family_mature_sweet_spot,30,6251956.084837084,6443534.1,3.0642892010638323,baixa
03105115000139,LEISTNER & GIACON LTDA,SP,C,standard,12,6249339.43503475,6483091.5600000005,3.7404293268949425,alta
37971067000183,BJ GESTAO EMPRESARIAL LTDA,RJ,M,standard,21,6247569.151009999,4925434.71,21.162381864893153,alta
27036125000128,PORTES INDUSTRIA E COMERCIO LTDA,SP,C,standard,35,6240722.415713681,7199449.25,15.36243355212075,alta
05147191000132,LEGIX SOLUCOES EM AUTOMACAO LTDA,SP,J,standard,13,6239887.971946661,5507077.03,11.743975937408466,baixa
04910693000100,ATM INDUSTRIA E COMERCIO LTDA,SP,C,standard,37,6235576.505672594,4918447.37,21.122812533442293,alta
03142878000150,KIMIK INDUSTRIA E COMERCIO DE PECAS LTDA,SP,C,standard,16,6234102.976547606,6219220.0,0.2387348525296314,alta
01444683000139,EXTRAMINAS TRANSPORTES E LOCACAO LTDA,SP,H,family_mature_sweet_spot,25,6216152.673760858,5369611.75,13.618406242404749,baixa
62669395000177,MALHARIA SUSI LTDA,SP,C,family_mature_sweet_spot,39,6212605.106001883,7625783.49,22.746953329334772,alta
07451527000181,RP INDUSTRIA COMERCIO E DISTRIBUICAO DE BEBIDAS LTDA,RJ,C,standard,6,6189556.990895188,7661008.26,23.773127402644644,alta
30617294000166,MOTEL PARADISE LTDA,RJ,I,standard,34,6186892.340533579,4699407.58,24.042518903849118,alta
61467544000152,CONCAP RECUPERACAO COMERCIO E INDUSTRIA DE PNEUS CONCHAL LTDA,SP,C,standard,19,6175253.526262318,6934891.7,12.30132771888747,baixa
05083619000120,TECNOBRONZE LTDA,SP,C,standard,14,6174199.232629866,7244949.88,17.342340391468923,baixa
03369746000165,NETWORK BPO - GESTAO DE PROCESSOS E RECURSOS LTDA,SP,M,standard,26,6170409.093386039,6098157.26,1.1709407316847908,alta
12309671000118,UNIDADE INTEGRADA DE VETERINARIA LTDA,SP,M,family_mature_sweet_spot,21,6161055.54166974,4925434.71,20.055343168272564,alta
17033463000152,VIALOGIN SISTEMAS - INFORMATIZACAO EMPRESARIAL DE PROCESSOS LTDA,SP,J,partnership_heavy_services,15,6157876.159276519,6354319.65,3.190117593182668,baixa
00073562000165,HUMAR DE CABO FRIO COMERCIO E TRANSPORTE LTDA,RJ,H,standard,22,6156962.007183778,4725258.34,23.253410781377323,alta
10767526000155,ADMINISTRADORA DE CARTAO DE TODOS DE MARILIA LTDA,SP,N,family_mature_sweet_spot,36,6155838.908200267,4994291.16,18.86904068676903,alta
00001646000193,APECRIS IND E COM DE EMBALAGENS PLASTICAS LTDA,SP,C,standard,13,6155466.969957943,6692585.38,8.725875919138051,alta
30682995000189,START FLORESTAL E ENERGIA LTDA,SP,H,standard,23,6150636.376719013,4940042.81,19.682411584291877,alta
30682995000189,START FLORESTAL E ENERGIA LTDA,SP,H,standard,23,6150636.376719013,4940042.81,19.682411584291877,alta
43260009000144,RADIO VOX 90 LIMITADA,SP,J,partnership_heavy_services,12,6150079.878563856,5520661.08,10.234319081898418,baixa
02926696000107,DENGINE INFORMATICA LTDA,RJ,J,partnership_heavy_services,12,6148378.953557209,5083455.72,17.32039032729248,baixa
10357147000197,CRIPACK - DECORACAO & EMBALAGENS LTDA,SP,N,family_mature_sweet_spot,45,6145437.913752811,6242863.95,1.5853391998178104,alta
04668486000191,GPN - EQUIPAMENTOS INDUSTRIAIS LTDA,SP,C,standard,14,6135642.916593309,6591815.72,7.434800388611467,alta
06320280000100,ROMART INDUSTRIA E COMERCIO DE CALCADOS LTDA,SP,C,standard,40,6132635.725222128,5552100.8,9.46632004954283,alta
07463749000114,WEIDNER DO BRASIL INDUSTRIA DE PRODUTOS PLASTICOS LTDA,RJ,C,standard,18,6130776.924315963,6892910.82,12.431277554093551,baixa
21112993000163,CAMPOS & CAMPOS COMERCIO DE PECAS AUTOMOTIVAS LTDA,SP,G,standard,7,6117509.850130458,5009770.640000001,18.107681675524148,alta
25191054000102,NR LUGUI TRANSPORTES LTDA,SP,H,standard,32,6116259.660765701,6873103.04,12.374284631655893,alta
46926001000162,VEZTA COMPONENTES INDUSTRIA E COMERCIO LTDA,SP,C,standard,24,6110899.088916132,7473771.36,22.302320022856012,alta
71457725000151,RADIO EMISSORA VANGUARDA LTDA,SP,J,partnership_heavy_services,16,6109809.96922134,7360881.44,20.47643833574259,baixa
30621179000165,TOP LAGOS REPRESENTACAO E LOGISTICA LTDA,RJ,M,standard,30,6106992.58412247,7036335.300000001,15.217682076341852,alta
05963940000108,COMAG COMERCIO DE AGUA MINERAL LTDA,SP,C,family_mature_sweet_spot,24,6105478.357476712,7146096.24,17.04400247769214,baixa
46640241000104,ALIANCA MOTORS COMERCIO DE VEICULOS LTDA,SP,G,standard,7,6098514.8988662725,5009770.640000001,17.852612921691343,alta
43832625000122,TECNIMEX DO BRASIL MANUTENCAO E INSTALACAO DE MAQUINAS INDUSTRIAL LTDA,SP,C,family_mature_sweet_spot,43,6096862.8276072815,5716033.430000001,6.246317300806613,alta
09072339000178,ATO - INDUSTRIA E COMERCIO DE PRODUTOS PROMOCIONAIS LTDA,SP,C,standard,33,6095090.301570527,5836841.01,4.237005176182282,alta
10588725000104,WISE COMFORT & CARE LTDA.,SP,C,standard,19,6095058.033596736,6321122.16,3.7089741419551627,alta
57934457000190,MAX-CAR LAVA RAPIDO LTDA,SP,G,standard,7,6092748.776412346,5009770.640000001,17.774869375954257,alta
19438815000185,EXPRESSO TOTAL TRANSPORTES E LOGISTICA LTDA,SP,H,standard,28,6089729.2639202,6013965.16,1.244129264811151,alta
46275893000189,BEPI SHOPPING DE SERVICOS LTDA,RJ,N,standard,38,6079664.151192417,5271751.78,13.288766469673485,alta
16898901000182,CONFECCAO UNIKA BRASIL UNIFORMES LTDA,SP,C,family_mature_sweet_spot,32,6074368.341870518,6257053.12,3.0074695482366227,alta
05933453000194,STARNET TRANSPORTES LTDA,SP,H,family_mature_sweet_spot,22,6073249.79732333,4725258.34,22.195554312905625,alta
56129885000188,TRANSAFONSO TRANSPORTES LTDA,SP,H,family_mature_sweet_spot,22,6073249.79732333,4725258.34,22.195554312905625,alta
03411247000199,TRC - TRANSPORTES MATAO LTDA,SP,H,standard,26,6065289.1458974425,5584396.22,7.928606770919049,alta
28733490000154,CLOUDDOG TECNOLOGIA E SERVICOS LTDA,SP,J,partnership_heavy_services,17,6063344.002062523,7201562.27,18.77212092123253,baixa
22346636000122,HOUSEWHEY - INDUSTRIA E COMERCIO DE ALIMENTOS LTDA,SP,C,standard,7,6055911.884108412,4760024.71,21.398712512792788,alta
13769282000138,MG CENTRO DE SERVICOS E COMERCIO DE PRODUTOS SIDERURGICOS LTDA,SP,C,family_mature_sweet_spot,22,6051567.393327231,5387201.82,10.978404934559498,alta
30667027000101,C R LIMA & MARQUES LTDA,RJ,G,standard,12,6047675.27737249,4564893.12,24.5182171556127,alta
62376306000102,JKA TRANSPORTES LTDA,SP,H,standard,24,6045701.918887314,5154827.28,14.735669254617765,alta
28539049000136,FINARTE FABRICA DE BROWNIE LTDA,SP,C,standard,18,6035209.069564418,4526779.5,24.99382460785715,alta
17510128000106,VB AMBIENTAL CONSULTORIA E PROJETOS LTDA,SP,M,family_mature_sweet_spot,21,6025485.025447572,4925434.71,18.25662682425902,alta
07328813000154,3 M PECAS E SERVICOS LTDA,RJ,G,standard,7,6017594.029060893,5009770.640000001,16.747945843368456,alta
17348684000110,FASHION KIDS PRODUCOES LTDA,SP,M,partnership_heavy_services,20,6012460.897764699,4690890.2,21.980528775763506,alta
04699128000146,TRANSPORTE URBANO SAO MIGUEL DE RESENDE LTDA,RJ,H,standard,31,6007593.237246818,6658318.57,10.831714249871538,alta
28704260000167,"ROSA SAD ABRAHAO ARTIGOS DE CAMA, MESA E BANHO LTDA",RJ,G,standard,12,6000688.575233381,4564893.12,23.927178310158173,alta
18779372000123,ABB TRANSPORTES LTDA.,SP,H,family_mature_sweet_spot,23,5999464.990178634,4940042.81,17.658610924689977,alta
00531791000186,"MACKRON INDUSTRIA, COMERCIO, IMPORTACAO E EXPORTACAO DE PRODUTOS MEDICOS LTDA.",SP,C,standard,14,5994481.208164628,5494677.44,8.337731837141844,alta
01633014000105,TREOLIMOTO PECAS E ACESSORIOS LTDA,RJ,G,standard,7,5992827.695831629,5009770.640000001,16.40389321580869,alta
14277182000157,ITAPEVI EMBALAGENS LTDA,SP,C,standard,8,5991962.978858397,5067523.52,15.427990161490019,alta
14626910000199,TURISMO ANA PAULA LTDA,RJ,N,family_mature_sweet_spot,22,5988875.838017386,4666079.88,22.087550214687656,alta
11491607000138,TRITON CHEMICALS - INDUSTRIA DE PRODUTOS E SISTEMAS QUIMICOS AMBIENTAIS LTDA,SP,C,standard,5,5985665.519230669,5353467.7,10.561863458617127,alta
74167792000120,PEDRA BRANCA VICOSA MINERACAO LTDA,RJ,B,standard,12,5961934.995779224,6829562.64,14.552786047399316,baixa
25529117000198,SOFER MAQUINAS E EQUIPAMENTOS AGROINDUSTRIAIS LTDA,SP,C,standard,6,5947468.169696034,5947957.199999999,0.008222495522667359,alta
24765952000164,TEPLAST INDUSTRIA E COMERCIO LTDA,SP,C,standard,14,5941215.875951452,7207399.640000001,21.311862596572897,alta
45791576000152,HAI PLASTIC INDUSTRIA E COMERCIO DE PLASTICOS LTDA,SP,C,standard,14,5941215.875951452,7207399.640000001,21.311862596572897,alta
08686927000139,MARTTI PLAST INDUSTRIA E COMERCIO DE PLASTICOS LTDA,SP,C,standard,14,5941215.875951452,7207399.640000001,21.311862596572897,alta
05856426000165,DOURADOS EMBALAGENS INDUSTRIA E COMERCIO LTDA,SP,C,standard,14,5941215.875951452,7207399.640000001,21.311862596572897,alta
03383332000190,FERGAL EQUIPAMENTOS INDUSTRIAIS LTDA,SP,C,standard,19,5940342.295163595,7385323.75,24.32488538602994,alta
05658239000177,NAKOMBI TRANSPORTES LTDA,SP,H,standard,34,5936514.891388008,7302671.98,23.01277961239263,alta
05802057000128,OSSORGAN - COMERCIO E INDUSTRIA DE FARINHA DE OSSO LTDA,SP,C,standard,11,5936188.915662433,6480263.239999999,9.165380887761922,baixa
14692353000104,AM1 SERVICOS INDUSTRIAIS E NAVAIS LTDA,RJ,C,standard,22,5932388.608300655,4883817.4,17.675362784452183,alta
68901370000133,LUXTEL FIBRAS INDUSTRIA E COMERCIO LTDA,SP,C,standard,17,5930111.921929071,6509971.33,9.778220305196205,alta
65426728000125,ART PRISCE INDUSTRIA E COMERCIO LTDA,SP,C,standard,19,5927300.345001664,7275850.31,22.75150382982587,alta
10561644000102,OURO PRETO TECNOLOGIA EM BORRACHA LTDA,SP,C,standard,16,5925524.875408591,6831301.12,15.286008642887557,alta
08665395000153,S. C. LUCHETTI BEATTA VEICULOS LTDA,SP,G,standard,7,5921268.822107125,5009770.640000001,15.393629465090921,alta
03474409000138,AGUAS SANTA LUCIA LTDA,SP,C,standard,19,5916730.456052923,5657326.19,4.384250186478361,alta
14079352000199,CRISTAL ARTE E FESTA LTDA,RJ,G,standard,12,5913136.352313082,4564893.12,22.800814186970005,alta
61030110000190,OLEODINAMICA SISTEMAS HIDRAULICOS E PNEUMATICOS LTDA.,SP,C,standard,12,5903711.752321538,6036846.72,2.25510616479724,alta
19794499000184,JCM TRANSPORTE E RODOVIARIO DE CARGAS LTDA,RJ,H,standard,27,5889265.742373102,5799180.69,1.529648284079669,alta
38196311000140,SUPER 10 LOGISTICA LTDA,RJ,H,standard,27,5889265.742373102,5799180.69,1.529648284079669,alta
08861930000141,KUNIHIRA MATERIAL ELETRICO E HIDRAULICO LTDA,RJ,G,standard,12,5888574.4943265915,4564893.12,22.47880833641327,alta
61633996000167,''RETIFICA CONQUISTA LTDA,SP,C,family_mature_sweet_spot,32,5888078.050570233,5551859.52,5.710157502712996,alta
04716152000146,GLOBALDO TRANSPORTES LTDA,SP,H,family_mature_sweet_spot,21,5887184.177808116,4510473.87,23.384869000661794,alta
10260350000140,PIZZIRANI COMERCIO DE VEICULOS LTDA,SP,G,standard,7,5885482.238327194,5009770.640000001,14.879181736789903,alta
48839251000190,TEMPERVALE INDUSTRIA E COMERCIO DE ALUMINIO LTDA,SP,C,standard,34,5883790.038486848,6993750.699999999,18.864722470596583,alta
02776429000109,JOJA AUTO SERVICOS LTDA,RJ,N,standard,14,5878068.018596798,5308596.02,9.688081131336448,baixa
35779366000195,HARUHI COMERCIO DE PESCADOS LTDA,SP,C,standard,13,5873817.692122381,5226034.97,11.028308266890024,alta
21805757000122,NILOPOLIS ALUGUEL DE EQUIPAMENTOS LTDA.,RJ,N,standard,13,5873362.767918662,4929410.59,16.07174995344566,baixa
54914387000110,CAMPO VERDE CONFECCOES LTDA,SP,C,standard,33,5870593.29999228,6001158.899999999,2.224061408033342,alta
29796328000148,G & D TRANSPORTES LTDA,SP,H,standard,28,5867986.858534348,6013965.16,2.487706686891134,alta
29954578000169,MARQUES E MACHADO INJECAO DIESEL LTDA,SP,G,standard,7,5867051.839158817,5009770.640000001,14.611788384704786,alta
22794376000158,GM CALDEIRARIA LTDA,SP,C,family_mature_sweet_spot,32,5856493.84645468,6582353.6,12.394100849004225,alta
61193041000136,REMAE INDUSTRIA E COMERCIO LTDA,SP,C,family_mature_sweet_spot,29,5852823.885712748,5810123.9,0.7295621147422938,alta
53740262000159,SAG INDUSTRIA GRAFICA LTDA,SP,C,family_mature_sweet_spot,21,5844887.185460448,6948236.819999999,18.877175889454424,alta
32928432000153,E.H.T TRANSPORTE E LOGISTICA LTDA.,SP,H,standard,24,5842416.89276514,5154827.28,11.768924152204974,alta
13296548000172,STYROTECH INDUSTRIA E COMERCIO DE EPS LTDA,SP,C,standard,14,5840673.648105876,7207399.640000001,23.400143103995426,alta
55231328000100,DAMVER INDUSTRIA E COMERCIO DE PRODUTOS AUTO ADESIVOS LTDA,SP,J,standard,18,5836653.723613083,5825415.959999999,0.19253778183927933,baixa
05231847000109,NOVA PARCERIA SERVICOS LTDA,RJ,H,family_mature_sweet_spot,23,5833757.153991553,4940042.81,15.319704272915427,alta
13093739000137,TAINAOTI CAPAS E ACESSORIOS AUTOMOTIVOS LTDA,RJ,G,standard,7,5829777.939784587,5009770.640000001,14.065841070695848,alta
11955635000169,RIO ROTAS TRANSPORTES E TURISMO LTDA,RJ,H,family_mature_sweet_spot,22,5825950.951649147,4725258.34,18.892926164055247,alta
32326639000158,ORGANIZACOES DE CEREAIS BOHRER LTDA,RJ,G,standard,12,5823161.560315059,4564893.12,21.60799468265106,alta
03173065000127,VIACAO IRACEMAPOLENSE LIMITADA,SP,H,family_mature_sweet_spot,29,5819309.3129476,6228749.63,7.035891976757802,baixa
54564850000141,FORTE JABOTICABAL ALINHAMENTO DE VEICULOS LTDA,SP,G,recent_startup,7,5803662.945112155,5009770.640000001,13.679159396752535,baixa
03571044000160,MA AUTOMOTIVE BRASIL LTDA.,RJ,C,standard,11,5799215.4570441535,7084352.11,22.160526065552975,alta
09094995000171,RCX TRANSPORTES LTDA,SP,H,family_mature_sweet_spot,23,5797234.4008205375,4940042.81,14.786215832487496,alta
01946056000104,BRASIL WAY LOGISTICA LTDA,SP,H,family_mature_sweet_spot,23,5797234.4008205375,4940042.81,14.786215832487496,alta
48942763000188,"MAVI INDUSTRIA , COMERCIO E SERVICOS LTDA",SP,G,standard,7,5795768.855490502,5009770.640000001,13.561586652060878,alta
19850870000188,J.T. ALVES TRANSPORTE RODOVIARIO LTDA,SP,H,family_mature_sweet_spot,22,5793034.092886262,4725258.34,18.43206402319418,alta
59245100000120,VICLAUZER INDUSTRIA E COMERCIO DE PRODUTOS METALURGICOS LTDA,SP,C,family_mature_sweet_spot,27,5786893.148459036,6611565.87,14.250698956841157,alta
52716414000115,GEMA COMERCIO DE HORTIFRUTIGRANJEIROS LTDA,RJ,G,standard,12,5783364.374423544,4564893.12,21.068554141463633,alta
27113773000130,HORTIFRUT NOVA IGUACU LTDA,RJ,G,standard,12,5783364.374423544,4564893.12,21.068554141463633,alta
60054996000140,BB INDUSTRIA E COMERCIO DE BRINQUEDOS LTDA,SP,C,standard,27,5780529.91246263,6681235.859999999,15.581719343679495,alta
22092199000168,PONTE ALTA MOTO PECAS E SERVICOS LTDA,RJ,G,standard,7,5777274.62631932,5009770.640000001,13.284879739364117,baixa
21270587000129,L3 INFORMATICA LTDA,SP,J,partnership_heavy_services,11,5777006.076344163,4659834.41,19.338246343876754,baixa
59221705000181,PEREIRA TRANSPORTE DE PASSAGEIROS LTDA,SP,H,standard,29,5772516.499549369,6228749.63,7.903539651835493,alta
19702508000160,VISIO INDUSTRIA E COMERCIO DE EQUIPAMENTOS LTDA,SP,C,standard,10,5771199.618313137,5698469.399999999,1.2602270433057088,alta
38780763000175,CADARTEX - FITAS TEXTEIS LTDA,SP,C,family_mature_sweet_spot,33,5771127.906102052,6611520.3,14.562012964733745,alta
39666723000160,SINGULAR ENVIO LOGISTICA INTEGRADA LTDA,SP,H,standard,22,5765944.0846338775,4725258.34,18.04883518394297,alta
60103611000197,TRANSPORTADORA CASARIM LOUVEIRA LTDA,SP,H,family_mature_sweet_spot,22,5765944.0846338775,4725258.34,18.04883518394297,alta
14458864000166,"MYVIEW PRODUCOES, IMAGENS AEREAS E SOLUCOES LTDA",RJ,M,partnership_heavy_services,20,5764611.099988407,4690890.2,18.626076961038475,alta
62156427000130,GODKS INDUSTRIA DE PLASTICOS LTDA,SP,C,standard,16,5763676.672883532,6127031.84,6.3042253710370515,alta
15574008000139,MURILO AMARU GOMES LTDA,SP,J,standard,12,5759896.589489226,5083455.72,11.74397593740848,baixa
02074189000192,WAMOVALE COMERCIO E INDUSTRIA DE MOLDES E PLASTICOS LTDA,SP,C,standard,18,5751954.337791704,6892910.82,19.83597948112943,alta
08208773000170,COMERCIO DE PECAS PARA AUTOS IRMAOS MOURA LTDA,RJ,G,standard,7,5748792.912948845,5009770.640000001,12.85525995003641,alta
07099639000115,VORTICE SISTEMAS LTDA,SP,J,partnership_heavy_services,11,5746533.936100186,4659834.41,18.910521336582605,baixa
07337794000122,DOMINIO COMERCIO DE BEBIDAS LTDA,RJ,G,standard,12,5745581.6477553025,4564893.12,20.54950395172918,alta
05022327000188,KOS ACRILICOS INDUSTRIA E COMERCIO LTDA,SP,C,standard,13,5745430.434941842,4978213.37,13.35351761072377,alta
13682395000100,TRIPACK SOROCABA INDUSTRIA E COMERCIO LTDA,SP,C,standard,12,5738387.318213122,6177771.12,7.656921316417832,alta
24818504000181,OLIMPO INDUSTRIA E COMERCIO DE ACO LTDA,SP,C,standard,10,5730885.588278702,6592473.5,15.03411468348785,alta
03364186000156,LUCA RIO TRANPORTES LTDA,RJ,C,family_mature_sweet_spot,34,5729632.133360992,4519654.34,21.117896667673524,alta
29883084000130,BIOQUIM INDUSTRIA E COMERCIO DE TINTAS LTDA,SP,C,standard,6,5729172.048317079,6619275.12,15.536329929983248,alta
32697016000191,RUMON TRANSPORTES DE CARGAS LTDA,SP,H,standard,29,5728226.632042639,6228749.63,8.737835112136242,alta
03590479000151,EQUIPAMENTOS GULIN LTDA.,SP,C,standard,10,5719308.959595602,6533671.800000001,14.23883280580772,alta
13352187000134,HOFFMANN EQUIPAMENTOS INDUSTRIAIS LTDA,SP,C,standard,11,5714645.593784567,5883027.37,2.9464955166873446,alta
18712931000188,AGRV TRANSPORTES LTDA,SP,H,family_mature_sweet_spot,27,5712785.311773237,5799180.69,1.512316208500169,alta
06140667000176,VEDASERVICE INDUSTRIA E COMERCIO DE VEDACAO LTDA,SP,C,standard,10,5711505.204326491,6592473.5,15.424450545999182,alta
09183730000140,ATUAL MOTOS - COMERCIO DE MOTOS E AUTOS LTDA,SP,G,standard,7,5710321.639924348,5009770.640000001,12.268153076113395,baixa
01683837000145,TRANS INA TRANSPORTES LTDA,SP,H,family_mature_sweet_spot,21,5705632.560516591,4510473.87,20.946997161842837,alta
73041261000123,SUPERGELADOS JUNDIAI LTDA,SP,C,standard,12,5704851.188297171,4756433.5200000005,16.62475736865385,alta
44762994000159,LONDON CLIP SERVICOS E INDUSTRIALIZACAO PARA TERCEIROS LTDA,SP,C,standard,15,5704735.909140722,5744092.35,0.689890671296751,alta
06215083000112,MERCEARIA NASA LTDA,RJ,G,standard,12,5703823.848631707,4564893.12,19.967845411371275,alta
29377746000109,RFM CONSULTORIA E SERVICOS LTDA,SP,M,standard,19,5680267.909812233,4456345.69,21.54691009728608,baixa
02729781000185,TRANSPORTADORA NAVEGANTES DE SANTOS E ARMAZENS GERAIS LTDA,SP,H,family_mature_sweet_spot,23,5676356.287707261,4940042.81,12.971586707864418,alta
51082788000163,H. KUDSE SOLUCOES EM SERVICOS LTDA,SP,G,standard,8,5669846.735779015,5725452.16,0.9807218221630611,alta
60402179000135,IND DE FERRAMENTAS EDGE LTDA,SP,C,standard,9,5666631.34944985,5933226.149999999,4.704643448810772,alta
44743946000113,NEWPEN DO BRASIL INDUSTRIA E COMERCIO LTDA,SP,C,standard,16,5665959.245557501,6287524.16,10.970162112088055,alta
44995926000130,TEXTIL EVEREST LTDA,SP,C,family_mature_sweet_spot,36,5664743.276775852,7078550.76,24.958015114655492,alta
02300997000120,ART TECNICA PECAS EM ESPUMA LTDA,SP,C,standard,18,5660100.145022716,6892910.82,21.780721955270916,alta
60694957000107,SAMBER INDUSTRIA E COMERCIO LTDA,SP,C,standard,16,5655713.122963543,6737638.88,19.129784936290005,alta
32926342000123,STARVED INDUSTRIA E COMERCIO DE VEDANTES LTDA,SP,C,standard,16,5654365.709867242,6831301.12,20.81463192377048,alta
12603778000174,AUTO CENTER BARCI COMERCIO DE PECAS DE MOTOS E RETIFICA LTDA,RJ,G,standard,7,5652636.245859456,5009770.640000001,11.372845835080106,baixa
31543411000157,MPM RODRIGUES AUTO MECANICA E BORRACHARIA LTDA,RJ,G,standard,8,5651876.27356476,5725452.16,1.3017957731908136,baixa
00202466000170,RESITRAN COMERCIO E TRANSPORTES DE RESIDUOS LTDA,SP,H,standard,24,5651698.069078861,5154827.28,8.791531023168101,alta
34676923000180,MEGAUP INTERNET BANDA LARGA LTDA,RJ,J,partnership_heavy_services,7,5647214.532830077,4901102.359999999,13.212038758091364,baixa
23700715000152,ISA DE MARICA MERCEARIA LTDA,RJ,G,standard,12,5646681.405058559,4564893.12,19.15794796018495,alta
47686844000100,PROINTER - TELEATENDIMENTO PROGRESSO INTERMEDIACOES DE SUCESSO LTDA,SP,N,standard,38,5638091.620968777,5271751.78,6.497585807337934,alta
14151225000153,CESTA FARTA ENGENHO PEQUENO LTDA,RJ,G,standard,12,5637569.911981697,4564893.12,19.027290281614153,alta
02095013000117,OSCAR GUINDASTE LTDA,SP,H,family_mature_sweet_spot,25,5636887.6782538295,5369611.75,4.741551428901721,alta
21523044000176,BRAINWALK SERVICOS E COMERCIO DE INFORMATICA LTDA,RJ,J,standard,11,5636014.040760773,4659834.41,17.320390327292444,baixa
03716153000128,PURGUINHA BORRACHARIA LTDA,SP,G,standard,7,5627090.098224633,5009770.640000001,10.970491807469001,baixa
06057650000150,SYNERGY LOGISTICA LTDA,SP,H,family_mature_sweet_spot,23,5623650.657090769,4940042.81,12.155944399370178,alta
11723952000150,K D PRESTACAO DE SERVICOS LTDA,SP,J,partnership_heavy_services,17,5622944.641794417,5501781.739999999,2.154794498488105,baixa
19364142000166,CORTEMETAL SP- COMERCIO DE CHAPAS DE ACO LTDA,SP,C,standard,8,5619688.144500758,5273978.8,6.15175318650124,alta
38091803000171,CARDE SOLUCOES AUTOMOTIVAS LTDA,RJ,G,standard,6,5610660.396230975,4294089.12,23.465531385848923,alta
23090870000102,CEZARETTE FITNESS LTDA,SP,C,standard,20,5605451.312520488,6727350.2,20.014425689036102,alta
30424383000196,USIROLOS INDUSTRIAL LTDA,SP,C,standard,12,5602702.79810326,6036846.72,7.748830118986769,alta
37092753000184,CBCRIL SERVICOS E INDUSTRIALIZACAO PARA TERCEIROS LTDA,SP,C,standard,18,5600862.125851592,6892910.82,23.06874665214075,alta
56996275000181,ARALPLAS LTDA,SP,C,standard,18,5600862.125851592,6892910.82,23.06874665214075,alta
14534482000174,BRANCO TRANSPORTES E LOGISTICA LTDA,RJ,H,standard,20,5597238.188348889,4295689.4,23.253410781377315,alta
13620215000157,ARGUS TRANSPORTES E SERVICOS LTDA,SP,H,family_mature_sweet_spot,31,5597134.570486223,6658318.57,18.959415503593867,alta
55007165000187,SISTEMA REGIONAL DE RADIO DIFUSAO LTDA,SP,J,partnership_heavy_services,13,5597099.997126475,5980716.17,6.853838113853097,baixa
07366665000162,CONSTRUMAR MATERIAIS DE CONSTRUCAO DE JACONE LTDA,RJ,G,standard,12,5595560.235211738,4564893.12,18.41937307235041,alta
04859102000118,GENESIS PECAS E SERVICOS AUTOMOTIVOS E NAUTICOS LTDA,RJ,G,standard,6,5595311.370015665,4294089.12,23.255582468362647,alta
74297854000118,TEXTIL WALFRAN MENEGHEL LTDA,SP,C,family_mature_sweet_spot,24,5590606.0200708145,4808378.4,13.991821588975178,alta
35789382000169,MB BARCELOS SERVICOS LTDA,RJ,H,standard,22,5580115.538600616,4725258.34,15.319704272915427,alta
31259053000155,ROTOPRIME INDUSTRIA E COMERCIO DE TERMOPLASTICOS LTDA.,SP,C,standard,15,5576835.034754129,5744092.35,2.999144034269332,alta
67763441000116,NATIVIO TRANSPORTADORA TURISTICA LTDA,SP,H,family_mature_sweet_spot,25,5573338.94057495,5369611.75,3.65538849775989,alta
18322695000193,LFT TRANSPORTES E LOGISTICA LTDA,SP,H,standard,25,5571927.411461747,5369611.75,3.630981642825664,alta
09374301000150,VIALES TRANSPORTES LTDA,RJ,H,standard,27,5568010.048129631,5799180.69,4.1517640929549415,alta
50416720000100,MILLENNIUM INDUSTRIA E COMERCIO DE INSTRUMENTAL ODONTOLOGICO LTDA,SP,C,standard,13,5566303.979010011,5102200.48,8.337731837141838,alta
01919403000100,CSB INDUSTRIAL LTDA,SP,C,standard,18,5563799.680712292,6621489.18,19.010200941531735,alta
11636868000107,IBISOFT TEXTIL LTDA,SP,C,family_mature_sweet_spot,22,5557958.51866115,6473693.16,16.476097082484895,alta
20981568000148,ML DOS SANTOS COMERCIO E SERVICOS LTDA,RJ,G,standard,6,5557409.988657653,4294089.12,22.732187678001385,alta
02312273000105,TROPICOS DISTRIBUIDORA DE ALIMENTOS LTDA,RJ,H,family_mature_sweet_spot,26,5552569.485667673,5584396.22,0.5731893029790652,alta
66005547000198,H. R. TRANSPORTES E TURISMO LTDA,SP,H,family_mature_sweet_spot,20,5551916.164738366,4295689.4,22.62690443196859,alta
03155403000106,RJ TRUCK COMERCIO E SERVICOS LTDA,RJ,G,standard,6,5551713.952734268,4294089.12,22.652911216992308,alta
07882647000133,R.M. LOCADORA DE VEICULOS E TURISMO LTDA,RJ,H,standard,31,5550154.696789532,6658318.57,19.96636010616933,alta
05689301000198,ANDREYARA TRANSPORTES LTDA,RJ,H,standard,25,5549687.280527843,5369611.75,3.244786983938233,alta
29738313000123,CBTC SERVICOS DIGITAIS LTDA,SP,M,partnership_heavy_services,19,5548210.910700239,4456345.69,19.67959110196181,baixa
44189660000138,ZAMOT USINAGEM E MOLDES LTDA,SP,C,standard,8,5546125.976371083,5273978.8,4.906977907291492,alta
23238136000130,L M MARICA COMERCIO DE ROUPAS INTIMAS E ACESSORIOS LTDA,RJ,G,standard,11,5540957.186473176,4184485.3600000003,24.480821288145904,alta
05413121000189,G L C DE TERESOPOLIS AUTOPECAS LTDA,RJ,G,standard,7,5536778.338515422,5009770.640000001,9.518309498673707,alta
27848826000161,TRESUNO SERVICOS E COMERCIO DE MATERIAIS CIMENTICIOS LTDA,SP,C,standard,12,5531605.896122166,6195114.0,11.994854954200092,alta
43667952000176,THOMAZ PROMOCOES DE VENDAS E CONSULTORIA LTDA,SP,M,standard,19,5530591.983604658,4456345.69,19.423712629484186,baixa
00595046000109,SATY INDUSTRIA E COMERCIO LTDA,SP,C,standard,19,5530513.010354161,6321122.16,14.295403485457312,alta
31434041000110,FOX CABOS LTDA,SP,C,standard,5,5528833.686495929,5586761.1,1.0477329720652877,alta
17808788000160,SM ITU MONITORAMENTO E PORTARIA LTDA,SP,N,labor_intensive_midcap,53,5521976.756277028,4485395.83,18.77191759452281,alta
20071968000116,LOGISTEG LOGISTICA E TRANSPORTE DO BRASIL LTDA,SP,H,family_mature_sweet_spot,20,5521136.179384845,4295689.4,22.195554312905607,alta
71869648000147,MR E R INDUSTRIA BIO MECANICA LTDA,SP,C,standard,17,5520522.326016582,6672108.32,20.86009123731528,alta
05555591000187,THERMOSET TECNOLOGIA LTDA,SP,C,standard,15,5512896.190208638,5517907.65,0.09090430181259453,alta
12152244000179,BIMBATTI & OLIVEIRA TRANSPORTES RODOVIARIOS LTDA,SP,H,family_mature_sweet_spot,21,5511032.6473643305,4510473.87,18.155558883194985,alta
29093471000173,W.I. PRESTACAO DE SERVICOS INDUSTRIAIS LTDA.,SP,C,standard,23,5510194.05808624,5632074.63,2.21191069913227,alta
22336043000185,KM LIVRE COMERCIO E SERVICOS LTDA.,RJ,G,standard,7,5504921.115246171,5009770.640000001,8.994687932490532,alta
45914394000121,MONTI FER FABRICACAO E SERVICOS LTDA,SP,C,standard,13,5501396.979623434,6539917.28,18.87739249181854,alta
04079093000142,E-LOG CARGO TRANSPORTES E LOGISTICA LTDA,SP,H,standard,26,5501200.670596451,5584396.22,1.5123162085001518,alta
42861303000149,ZEBINI E FERREIRA VETERINARIA LTDA,SP,M,partnership_heavy_services,19,5496265.471951721,4456345.69,18.92047950119203,baixa
23436614000116,PET ONCO CENTER COMERCIO E SERVICOS LTDA.,SP,M,partnership_heavy_services,19,5496265.471951721,4456345.69,18.92047950119203,baixa
12964111000105,VEMOM COMERCIAL E MONTAGENS ELETRICA LTDA,SP,C,standard,8,5495173.837968963,4832153.52,12.06550215732608,alta
13392182000135,H.E ARTEFATOS PLASTICOS LTDA,SP,C,standard,16,5490457.597524202,6127031.84,11.594192854942477,alta
22163194000189,ALC & PEREIRA FILHO TRANSPORTES LTDA,SP,H,family_mature_sweet_spot,21,5487653.4936345555,4510473.87,17.80687546631802,alta
61407680000157,GP METALIZACAO INDUSTRIAL LTDA,SP,C,family_mature_sweet_spot,21,5485903.438642596,5142329.01,6.26285957245373,alta
26352998000187,K. A. MULTIMARCAS MOTOS LTDA,SP,G,standard,6,5484618.292268405,4294089.12,21.70669149294634,alta
10525484000146,TEM - TRANSPORTADORA E LOCACAO LTDA,SP,H,family_mature_sweet_spot,26,5484485.504904606,5584396.22,1.821697131044403,alta
01296468000138,TNG TRANSPORTES LTDA,SP,H,family_mature_sweet_spot,24,5484110.069030034,5154827.28,6.004306713126818,alta
11690134000106,ADMINISTRADORA DE CARTAO DE TODOS ITAQUAQUECETUBA SP LTDA,SP,N,family_mature_sweet_spot,33,5475403.031944785,4578100.2299999995,16.38788590921455,alta
01831591000101,USITEC USINAGEM E CALDEIRARIA LTDA,SP,C,family_mature_sweet_spot,23,5472278.678408302,5632074.63,2.9200989383489633,alta
03009573000174,A S PRESTACAO DE SERVICOS LTDA,SP,N,standard,32,5471856.807289125,4439369.92,18.869040686769022,alta
10504294000142,TRANSUNIDAS COMERCIO DE AREIA E PEDRA LTDA,SP,H,standard,20,5467579.853097026,4295689.4,21.43344010665389,alta
06199934000180,FENICE MULTIMARCAS COMERCIO DE VEICULOS LTDA,SP,G,standard,6,5462820.510775791,4294089.12,21.39428503042315,alta
43853563000135,CELOFORM INDUSTRIA E COMERCIO DE EMBALAGENS LTDA,SP,C,standard,13,5462231.5569491,5100844.19,6.616112172859823,alta
58532763000163,RETIFICA RIO PRETO LTDA,SP,C,family_mature_sweet_spot,32,5449829.6932811085,5551859.52,1.8721654154565563,alta
41662226000135,MIRASTEEL SUPORTES DE ACO LTDA,SP,C,standard,30,5449496.74633616,6170956.5,13.239016137570797,alta
30057049000141,FIMACOM INDUSTRIA E COMERCIO TEXTIL LTDA,SP,C,standard,27,5449180.859111869,5409425.7,0.7295621147422892,alta
30110260000180,BZK TEXTIL LTDA,SP,C,standard,27,5449180.859111869,5409425.7,0.7295621147422892,alta
72009418000170,FEMATEL SERVICOS EM TELECOMUNICACOES LTDA,SP,C,family_mature_sweet_spot,45,5448415.236213056,4106883.1500000004,24.622427404147217,alta
29601135000194,TRANSPORTADORA DOIS IRMAOS UNIDOS LTDA,RJ,G,standard,6,5442177.1884010695,4294089.12,21.096117025516797,alta
07643978000110,DIGITI TECNOLOGIA DA INFORMACAO LTDA,SP,J,partnership_heavy_services,12,5438985.286056936,5083455.72,6.536689241803077,baixa
34259528000100,AQS INDUSTRIA E COMERCIO DE COSMETICOS LTDA,SP,C,standard,6,5438122.498902001,6765297.720000001,24.40502620832771,alta
11681724000164,UNEVIE COSMETICOS E SABOARIA NATURAL VEGETAL LTDA,SP,C,standard,6,5438122.498902001,6765297.720000001,24.40502620832771,alta
18748478000160,REITZ VENTILADORES BRASIL LTDA,SP,C,standard,35,5437847.646262086,4652585.350000001,14.440682184280499,alta
58258064000177,KMSV SERVICOS DE APOIO LTDA,RJ,N,recent_startup,31,5435970.938682795,4300639.61,20.88552976991999,baixa
47195482000146,PRINTEK PLASTICOS LTDA,SP,C,standard,8,5434136.62887833,6002268.24,10.454864312805094,alta
40631331000144,BROBOT TECNOLOGIA LTDA,SP,J,partnership_heavy_services,14,5427258.584413786,5930698.34,9.27613357196599,baixa
23707901000113,"NKL INDUSTRIA, COMERCIO DE MAQUINAS E SERVICOS LTDA",SP,C,standard,11,5425441.401709893,5533776.16,1.9967916021720253,alta
33811208000140,PUBLI CAR AUTO PECAS LTDA,RJ,G,standard,6,5424759.7332601035,4294089.12,20.842777723919713,alta
07419597000152,MEGA AUTOMACAO LTDA,SP,C,family_mature_sweet_spot,31,5420059.439269729,6065495.649999999,11.908286578075485,alta
30548614000173,PADARIA E CONFEITARIA NOVA FLOR DE OLARIA LTDA,RJ,G,standard,12,5417256.874982493,4564893.12,15.734231819775898,alta
71630800000134,ITAMAMBUCA ABC TRANSPORTE LTDA,SP,H,family_mature_sweet_spot,23,5415366.045167479,4940042.81,8.777305748180114,alta
60426715000132,TECELAGEM OYAPOC LIMITADA,SP,C,family_mature_sweet_spot,20,5415144.095168808,5885175.600000001,8.679944551254653,alta
05691581000179,CFB - EQUIPAMENTOS INDUSTRIAIS LTDA,SP,C,standard,11,5411735.77296141,5533776.16,2.2551061647972412,alta
15101906000170,UNIVERSO PERSONALIZADO EVENTOS LTDA,SP,C,standard,27,5409680.685190548,6380602.2,17.9478525870747,baixa
42241689000196,JUCIMAR COMERCIO DE VEICULOS LTDA,SP,G,standard,6,5409010.399773447,4294089.12,20.612296841214146,alta
45592608000190,PERSIANAS MAGUGA LTDA,SP,C,standard,25,5407895.170149533,6646322.500000001,22.900357549205676,alta
40523316000182,MACHADO'S VEICULOS MULTIMARCAS LTDA,SP,G,standard,6,5406562.339353782,4294089.12,20.576350544526413,baixa
25210043000122,BATATAIS VEICULOS LTDA,SP,G,standard,6,5406562.339353782,4294089.12,20.576350544526413,baixa
11330253000140,INTERAG RECICLAGEM DE PNEUS E COMERCIO DE PECAS EM GERAL LTDA.,SP,H,standard,21,5404771.059608316,4510473.87,16.54643979819426,alta
48588401000130,AKYD TECNOLOGIA LTDA,SP,J,standard,12,5403391.930106807,5083455.72,5.921025427087293,baixa
49776584000180,F. NUNES BENEFICIAMENTO DE METAIS LTDA,SP,C,standard,10,5402865.221703052,5831868.5,7.940292061583596,alta
37037417000139,PROVISAO LOGISTICA E TRANSPORTES LTDA,SP,H,standard,20,5402386.847429612,4295689.4,20.485342473321104,alta
42579730000139,HIDROVEG INDUSTRIAS QUIMICAS LTDA,RJ,C,standard,5,5400907.954481374,5353467.7,0.878375541320049,alta
02323946000114,OXICLIMA TERMODINAMICA LTDA,SP,C,standard,12,5393663.28781109,6400469.64,18.666466526825065,alta
17690589000108,CANTONEIRAS BRASILFIX INDUSTRIA DE EMBALAGENS LTDA,SP,C,standard,17,5388553.920944223,6670334.71,23.78710147213621,alta
23229577000175,LACASEMA PNEUS LTDA,RJ,G,standard,7,5386701.720135247,5009770.640000001,6.997437387822967,baixa
35776409000189,VAW LOG TRANSPORTES LTDA,SP,H,standard,19,5384470.108225976,4080904.93,24.20972077149226,alta
26769660000125,DISCAPEL RECREIO COMERCIO VAREJISTA E ATACADISTA LTDA,RJ,G,standard,11,5381744.432287025,4184485.3600000003,22.246672753619368,alta
69017812000146,TRANSPORTADORA RODODOCE LTDA,SP,H,family_mature_sweet_spot,22,5375314.770569192,4725258.34,12.093364915639311,alta
44285239000120,MAMS COMERCIO DE ALIMENTOS LTDA,SP,C,standard,6,5374778.766230661,4080021.18,24.08950475069835,alta
07191880000170,TFF ALIMENTOS LTDA,SP,C,standard,6,5374778.766230661,4080021.18,24.08950475069835,alta
08819733000164,PORTO AUTO MECANICA LTDA,RJ,G,standard,8,5371407.209990077,5725452.16,6.591288579861319,alta
00018122000105,PIETANZA INDUSTRIA E COMERCIO DE ALIMENTOS LTDA,SP,C,standard,11,5371134.991873693,4831397.67,10.048850432735227,alta
35172572000132,SOCIEDADE COMERCIAL DE LACTEOS LTDA,RJ,H,standard,30,5371117.448505999,6443534.1,19.96636010616932,alta
03597643000152,FRIGORIFICO REY CHARQUES LTDA,SP,C,standard,11,5368314.846353124,6480263.239999999,20.713173974925468,baixa
15026134000159,B R FELIX TRANSPORTE EXECUTIVO LTDA,RJ,N,standard,12,5368111.653853132,4550225.16,15.236018670849894,alta
53880294000150,ALMEBRANDS INDUSTRIA E COMERCIO LTDA,SP,C,recent_startup,35,5366056.259569364,4858088.199999999,9.466320049542862,baixa
23961491000132,TRACKAGE TECNOLOGIA LTDA,SP,J,standard,11,5365861.209800213,4659834.41,13.157753661438814,baixa
57437279000192,TRANSPORTO TRANSPORTES COLETIVOS PORTO FERREIRA LTDA,SP,H,family_mature_sweet_spot,28,5361924.3620300535,6013965.16,12.160574337588761,baixa
07367178000114,DATDORIA INDUSTRIA E COMERCIO DE METAIS LTDA,SP,C,standard,12,5360476.496673953,6209957.04,15.847108813052898,alta
66705369000108,EQUISERT EQUIPAMENTOS INDUSTRIAIS  LTDA,SP,C,standard,42,5359786.920226872,5253094.98,1.990600406598914,alta
65391450000106,BEM TE VI PLANTAS NATIVAS LTDA,SP,G,standard,11,5358716.728017913,4184485.3600000003,21.912547865769323,baixa
51396513000102,GRAFICA BARTOLO LTDA,SP,J,partnership_heavy_services,14,5358347.430686894,4530879.08,15.442603552506476,baixa
10194885000160,TRANSLAV TRANSPORTE E COMERCIO DE CEREAIS LTDA,SP,H,standard,24,5355363.721884891,5154827.28,3.744590513346303,alta
03962663000185,VIACAO PORTO FELIZ LTDA,SP,H,standard,19,5354681.626406889,4080904.93,23.78809395735488,alta
33873956000157,VALEGIO COMERCIO DE VEICULOS LTDA,SP,G,standard,6,5350140.583716203,4294089.12,19.738761013690425,baixa
09398708000117,SALUTE COMERCIO DE MOTOCICLOS LTDA,RJ,G,standard,6,5349603.6299738325,4294089.12,19.73070498269786,alta
30527049000168,VIA MOTORS 99 VEICULOS LTDA,SP,G,standard,6,5348823.720334329,4294089.12,19.719000952014966,alta
50150018000148,HUMMER MOTORS LTDA,SP,G,standard,6,5348823.720334329,4294089.12,19.719000952014966,alta
55850531000165,TRANSPORTADORA STIVALETTI LTDA,SP,H,standard,19,5340649.973732759,4080904.93,23.58786009060019,baixa
02868761000195,NADCOR COMERCIO LTDA,RJ,G,standard,11,5335301.184015787,4184485.3600000003,21.56983803395309,alta
34037308000123,BALBINO ACABAMENTOS SERVICOS DE USINAGEM E TRANSPORTES LTDA,SP,C,standard,24,5328114.795522787,5876947.4399999995,10.300691061281125,alta
05417726000148,LEANDRO EMPORIO SUPERMERCADO LTDA,SP,G,standard,12,5321536.260483473,4564893.12,14.2185095327102,baixa
20863756000171,ENTREPOSTO DE CARNES MORAIS LTDA,SP,C,standard,9,5313813.417321553,5302033.56,0.22168368356997267,alta
10290695000147,TRANSPORTER LOGISTIC LTDA,SP,H,standard,20,5310921.95179181,4295689.4,19.1159380801913,alta
02608838000198,CANTOPLEX INDUSTRIAL LTDA,SP,C,family_mature_sweet_spot,22,5306976.083647317,6520763.48,22.871544495796662,alta
29233359000190,FLY SP DISTRIBUICAO E ARMAZENAMENTO LTDA.,SP,H,standard,20,5306470.743966561,4295689.4,19.04809039257995,alta
14712890000179,RP CONTROLS MONTAGENS E AUTOMACAO INDUSTRIAL LTDA,SP,C,standard,43,5302162.745556719,5716033.430000001,7.805695605818795,alta
03085836000124,L S ALMEIDA TRANSPORTES LTDA,SP,H,family_mature_sweet_spot,22,5299574.801372349,4725258.34,10.837029061720717,alta
08564027000119,FOCUS DESENVOLVIMENTO DE SISTEMAS LTDA,SP,J,standard,14,5299390.02445439,5930698.34,11.912848698291608,baixa
13443485000130,SANTA MARIA POLIMEROS LTDA,SP,C,standard,16,5299188.191644444,6127031.84,15.622084334745228,alta
57488538000104,AMANCIO GALLINUCCI CIA LTDA,SP,C,standard,13,5299106.34521722,6539917.28,23.415475250891905,alta
27017501000137,UM SEGUNDO EXPRESS LTDA,SP,H,standard,25,5298387.8926013,5369611.75,1.344255249755447,alta
50691811000154,PADARIA E DELICATESSEN PAO & CIA LTDA,RJ,G,standard,11,5292974.247656635,4184485.3600000003,20.942646530868675,alta
11898813000167,POSTO DE MOLAS VIDOTTI LTDA,SP,G,standard,6,5292890.296939959,4294089.12,18.87061928182051,alta
19309792000109,VEIKON EQUIPAMENTOS E SERVICOS LTDA,SP,C,standard,12,5290646.379352988,5650127.76,6.794659005181411,baixa
08630590000148,AD THERMOFILME INDUSTRIA E COMERCIO DE TERMOPLASTICOS LTDA,SP,C,standard,17,5289703.118859836,6509971.33,23.068746652140767,alta
62696398000108,SCHUNCK INDUSTRIA E COMERCIO LTDA,SP,C,standard,17,5289703.118859836,6509971.33,23.068746652140767,alta
43904568000140,GT2 TECNOLOGIA E ASSESSORIA LTDA,SP,J,standard,11,5287317.154620869,4659834.41,11.867696343361551,baixa
02741820000160,MANCINI & TRINDADE MATAO LTDA,SP,C,standard,18,5287032.650813861,5335170.12,0.91048178374176,baixa
24662600000183,PRELOG TRANSPORTES LTDA,SP,H,standard,25,5276660.542723783,5369611.75,1.7615536668242031,alta
42463655000146,B. G. DE ALMEIDA SERVICOS DE SELECAO VISUAL E DIMENSIONAL LTDA,SP,N,standard,31,5265792.501563351,4300639.61,18.32873003022447,alta
46857209000177,IDEALIZE COMERCIO E SERVICOS DE COSTURAVEIS LTDA,SP,C,standard,41,5263419.143958652,5612767.16,6.63728284763962,alta
45669992000182,MAISSABOR COMERCIO E PANIFICACAO LTDA,SP,C,standard,19,5262590.065104121,4778267.25,9.20312639047516,alta
05799339000113,RAAL PLASTIC INDUSTRIA E COMERCIO DE PLASTICOS LTDA.,SP,C,standard,11,5260188.375028695,5662956.86,7.65692131641784,alta
00591089000108,UNIAO TRANSPORTES E LOCACAO LTDA,SP,H,standard,25,5259448.849544793,5369611.75,2.094571191898582,alta
06344845000180,H.G.R. INDUSTRIA E COMERCIO DE MAQUINAS LTDA.,SP,C,standard,13,5257306.98249347,6050838.82,15.093884381280095,baixa
04353533000108,MZ FLUID PROJETOS E EQUIPAMENTOS DE CONTROLE AMBIENTAL LTDA,SP,C,standard,10,5250902.171856794,5333724.699999999,1.5773009176805601,alta
01437739000128,GIB DO BRASIL INDUSTRIA DE ISOLANTES LTDA,SP,C,family_mature_sweet_spot,26,5247359.345811429,5209076.600000001,0.7295621147422865,alta
61434049000147,ARTENAFEX FELTROS E TECIDOS TECNICOS LTDA,SP,C,family_mature_sweet_spot,26,5247359.345811429,5209076.600000001,0.7295621147422865,alta
45900516000120,JAM SERVICOS FINANCEIROS LTDA,SP,N,standard,29,5246323.084852094,4023178.9899999998,23.31431128181419,alta
00622156000104,TRANSPORTADORA GASPAR LTDA,SP,H,family_mature_sweet_spot,28,5245578.845843194,6013965.16,14.64826545817162,alta
49236911000101,TRANS LINHARES FRETES E MUDANCAS LTDA,SP,H,standard,19,5245079.370415604,4080904.93,22.19555431290562,alta
40632024000188,"RIVAS, LOGISTICA E TRANSPORTADORA LTDA",SP,H,standard,19,5245079.370415604,4080904.93,22.19555431290562,alta
51729351000179,TRANSPORTADORA RODOVIA PAULISTA LTDA,SP,H,standard,19,5245079.370415604,4080904.93,22.19555431290562,alta
23529970000184,RGC INTERNACIONAL TRANSPORTES LTDA,SP,H,standard,19,5245079.370415604,4080904.93,22.19555431290562,alta
49475973000176,CISNE BRANCO TRANSPORTES LTDA,SP,H,standard,19,5245079.370415604,4080904.93,22.19555431290562,alta
17158442000163,"TRANSRECARI TRANSPORTE, REMOCOES DE CARGAS INDUSTRIAIS E ENGENHARIA LTDA",SP,H,standard,19,5245079.370415604,4080904.93,22.19555431290562,alta
27602498000119,SAMORA TRANSPORTES INTERNACIONAL LTDA,SP,H,standard,19,5245079.370415604,4080904.93,22.19555431290562,alta
05901455000100,MODELACAO BROGGIO LTDA,SP,C,standard,19,5237410.517940433,4490053.4,14.269592108168833,alta
58439209000136,INDUSTRIA E COMERCIO DE CALCADOS VIBER LTDA,SP,C,family_mature_sweet_spot,41,5236316.345492248,5690903.319999999,8.68142687557615,alta
11420430000189,MABELA MERCEARIA LTDA,RJ,G,standard,11,5228505.194579065,4184485.3600000003,19.967845411371275,alta
23268241000111,CASTRO PECAS E MAQUINAS AGRICOLAS LTDA,SP,G,standard,6,5228312.000488072,4294089.12,17.868537309955112,baixa
04396013000182,MARQUES TAVARES VEICULOS LTDA,SP,G,standard,6,5227298.484742519,4294089.12,17.852612921691353,alta
39749154000116,TRANSMEC REDUTORES E SERVICOS LTDA,SP,C,standard,29,5226549.263866009,6437759.300000001,23.17418195036921,baixa
04255807000126,KAMETAL COMERCIAL E INDUSTRIAL DE METAIS EM GERAL LTDA,SP,C,standard,8,5225551.182595557,5273978.8,0.9267465902111589,alta
11836085000169,CASA DO QUEIJO DA RETA LTDA,RJ,G,standard,11,5220782.566925454,4184485.3600000003,19.849461141909504,baixa
05063449000112,BLINK SYSTEMS ASSESSORIA E INFORMATICA LTDA,SP,J,partnership_heavy_services,11,5217252.210361851,4659834.41,10.684126008989521,baixa
00679133000136,VIACAO BASTOS & BASTOS LTDA,SP,H,standard,24,5216658.335161506,5154827.28,1.1852617363255336,baixa
59763029000178,RESSOLAGEM BOA VISTA LTDA,SP,C,standard,17,5209566.566733654,6204903.1,19.10593751929754,alta
24312876000131,GRAULOG JPG LTDA,SP,H,standard,19,5209293.830066012,4080904.93,21.661072246556557,alta
50066297000166,CLINICA VETERINARIA PET DE TODOS ITAIM PAULISTA CENTRO LTDA,SP,M,partnership_heavy_services,18,5206988.341848999,4221801.18,18.920479501192048,baixa
05391213000105,DI MARMORE INDUSTRIA E COMERCIO LTDA,SP,C,standard,16,5203527.4962581685,6311500.0,21.29271930509773,alta
49588536000169,USICAL USINAGEM E CALDERARIA JUNDIAI LTDA,SP,C,family_mature_sweet_spot,21,5201563.762673916,5142329.01,1.1387873988776462,alta
42546652000176,R & L TRANSPORTES LTDA,SP,H,standard,27,5200594.811462822,5799180.69,11.50995030833421,baixa
39742212000180,MOONDOG LTDA,SP,C,standard,5,5198332.133525113,4843935.25,6.817511355989246,alta
19879755000136,UNISCIENTIFIC GROUP LABORATORIO LTDA,SP,M,partnership_heavy_services,19,5198035.9601741675,4456345.69,14.268663700227957,baixa
42750930000102,FERROTEC USINAGEM INDUSTRIAL LTDA,SP,C,standard,26,5197260.207947957,6366693.06,22.500948677991463,alta
00557294000157,TRANSNEL TRANSPORTES 2000 LTDA,RJ,H,family_mature_sweet_spot,26,5194100.770737348,5584396.22,7.514206336956489,alta
51217629000129,SUPERMERCADO COMPRE BEM LTDA,RJ,G,standard,12,5188959.475650152,4564893.12,12.02681112810116,alta
00334083000155,HELIO E CARLOS TRANSPORTADORA LTDA,SP,H,family_mature_sweet_spot,28,5178040.049974158,6013965.16,16.143658642231117,alta
61080602000190,NORUEGA IND E COM DE MALHAS LTDA,SP,C,family_mature_sweet_spot,44,5175529.006809815,4569740.12,11.704868932484676,alta
09308542000109,BURAN E GOVEIA TRANSPORTES RODOVIARIOS DE CARGAS LTDA,SP,H,standard,19,5174616.665275827,4080904.93,21.136091927642873,alta
28925396000105,UNIMASTER TURISMO LTDA,SP,H,standard,28,5174305.557931144,6013965.16,16.227483913891234,alta
35871847000126,MARISMAR RESTAURANTE LTDA,RJ,I,family_mature_sweet_spot,30,5169602.025504543,4146536.0999999996,19.790032587754077,alta
01437603000118,GALTRON QUIMICA INDUSTRIA E COMERCIO LTDA,SP,C,standard,5,5168477.722269523,5353467.7,3.5791965772321555,alta
17473233000104,INDUFORJAS INDUSTRIA E COMERCIO LTDA,SP,C,standard,16,5164092.1643626075,6343744.32,22.843359841216053,alta
03716136000190,CENTRAL DAS ARTES LTDA,SP,C,standard,5,5163231.1894617705,6384173.55,23.646865997985724,alta
21261994000170,"MM SERVICE AMBIENTAL, IMPORTACAO E EXPORTACAO LTDA",SP,H,standard,21,5160451.649331015,4510473.87,12.595366132638325,alta
36687569000114,CLINICA VETERINARIA FERNANDES LTDA,SP,M,standard,18,5159437.582033938,4221801.18,18.173228905781354,baixa
02825402000150,MARTEC INDUSTRIA COMERCIO E IMPORTACAO DE MATERIAIS PLASTICOS LTDA.,SP,C,standard,14,5153394.931411925,5361152.859999999,4.031476945842248,alta
28401965000105,SPPETRO TRANSPORTES E LOGISTICA LTDA,SP,H,standard,18,5149768.759467095,3866120.46,24.9263289173382,alta
27035245000100,JORUCE EMPREENDIMENTOS IMOBILIARIOS LTDA,RJ,M,partnership_heavy_services,18,5148870.573448132,4221801.18,18.00529611734415,baixa
10729274000170,RHELLUY INDUSTRIA E COMERCIO LTDA,SP,C,standard,9,5147378.063636042,5880304.62,14.2388328058077,alta
19832459000180,"ALBRAMAQ USINAGEM, FABRICACAO E RECUPERACAO DE PECAS LTDA",SP,C,standard,9,5147378.063636042,5880304.62,14.2388328058077,alta
62670161000140,METALURGICA V R LTDA,SP,C,standard,9,5147378.063636042,5880304.62,14.2388328058077,alta
43248582000132,BERSELLI & PORTELLA TEXTIL LTDA,SP,C,standard,19,5144386.8904103665,5590916.82,8.679944551254664,alta
44684868000123,M. GARCIA SERRALHERIA E CALDEIRARIA LTDA,SP,C,family_mature_sweet_spot,28,5141308.204081634,5759559.399999999,12.025172803831168,alta
46725559000180,STARKY PLASTICOS LTDA,SP,C,standard,14,5140591.0178084215,5361152.859999999,4.290593074366177,alta
01903816000198,PAUL WESTERN LTDA,SP,C,standard,37,5130693.772004821,5065180.12,1.2768965546587618,alta
19004631000107,VIEW INFORMATICA E AUTOMACAO LTDA,RJ,J,partnership_heavy_services,15,5125076.639136254,6354319.65,23.984870811042445,baixa
03408664000182,WRAL DO BRASIL LTDA,SP,C,standard,6,5124211.454865312,4418792.88,13.766383005048215,alta
17576287000103,LAUREN COMERCIO DE VEICULOS LTDA,SP,G,standard,6,5123903.215179062,4294089.12,16.19496037163269,baixa
49486381000150,MODA AGUAVIVA STORE COMERCIO DE ROUPAS LTDA,SP,C,standard,24,5121562.43191307,4641939.12,9.364785029749513,alta
22128969000185,JRA SERVICOS AUTOMOTIVOS LTDA,RJ,G,standard,7,5121285.873268483,5009770.640000001,2.1774850306747644,alta
33655810000135,SEGINTEC SERVICOS DE SEGURANCA PRIVADA LTDA,SP,N,standard,48,5112782.71811023,4062245.2800000003,20.547273295793918,alta
54842299000150,CENTRO AUTOMOTIVO PEDROSO LTDA,SP,G,standard,6,5112346.242141064,4294089.12,16.00551064785424,alta
34412084000192,GARAGE STUDIO ESTETICA AUTOMOTIVA LTDA,SP,G,standard,6,5112346.242141064,4294089.12,16.00551064785424,alta
24979603000145,DL CENTRO DE ESTETICA AUTOMOTIVA E CONVENIENCIA LTDA,SP,G,standard,6,5112346.242141064,4294089.12,16.00551064785424,alta
22439521000182,GI POLIMEROS LTDA,SP,C,family_mature_sweet_spot,23,5108763.690654386,6114616.7,19.688775411273205,baixa
07152384000107,WDF CONSULTORIA E SERVICOS EM AVIACAO LTDA,SP,C,standard,5,5101330.512955923,5028730.5,1.4231583852788863,baixa
43257591000190,SORVETES SKIMIL & SKIMONI LTDA,SP,C,standard,17,5099313.947683732,6278130.6,23.117161728230577,alta
06072009000194,VIRAPLASTIK INDUSTRIA  E COMERCIO DE EMBALAGENS LTDA,SP,C,standard,12,5092470.75081553,6177771.12,21.311862596572894,alta
65464372000114,STILO PLAST INDUSTRIA COMERCIO IMP E EXP DE PLAST LTDA,SP,C,standard,12,5092470.75081553,6177771.12,21.311862596572894,alta
44156008000117,LORD INDUSTRIA E COMERCIO DE EMBALAGENS PLASTICAS LTDA,SP,C,standard,12,5092470.75081553,6177771.12,21.311862596572894,alta
13346592000140,EXPRESSO TRANSPORTES AGUAI LTDA,SP,H,standard,19,5091640.17107418,4080904.93,19.850877263798193,alta
31503824000108,TV PLANICIE LTDA,RJ,J,partnership_heavy_services,10,5080076.790476293,4600550.9,9.439343345661001,baixa
00447333000163,VALERINI & VALERINI TRANSPORTES LTDA,SP,H,family_mature_sweet_spot,25,5076353.045205467,5369611.75,5.776956452457748,alta
33829594000105,RT&R TRANSPORTES E SERVICOS LTDA,SP,H,standard,18,5075761.002917136,3866120.46,23.831708037906687,alta
08335939000119,360 LOG LTDA,SP,H,standard,18,5073429.184912512,3866120.46,23.796700040730563,alta
10975214000137,SKILL COMERCIO E PRESTACOES DE SERVICOS LOGISTICOS LTDA,SP,H,standard,18,5073429.184912512,3866120.46,23.796700040730563,alta
05138977000193,NETO TIME COMPUTER LTDA,RJ,N,standard,12,5065228.152985574,4550225.16,10.167419461293521,baixa
33484216000129,ANTONIO BORGES DIAS LTDA,SP,H,standard,28,5060944.924313691,6013965.16,18.830875457818713,baixa
46725909000108,RUCOLLI INDUSTRIA E COMERCIO DE CALCADOS LTDA,SP,C,family_mature_sweet_spot,33,5059424.473308256,4580483.159999999,9.46632004954284,alta
74510835000128,INJE-TEC INDUSTRIA COMERCIO E SERVICOS LTDA,SP,C,standard,12,5058914.346559038,4595273.88,9.164821437911803,alta
65699894000103,FERREIRA TOPOGRAFIA LTDA,SP,M,partnership_heavy_services,18,5056226.332021108,4221801.18,16.502923271782542,baixa
46760864000102,OTA INDUSTRIA E COMERCIO DE MAQUINAS AGRICOLAS LTDA,SP,C,standard,11,5054744.191451004,6079644.34,20.27600427895819,alta
48669802000115,MIRANDA & CAVALHEIRO LTDA,SP,G,standard,10,5049149.913665516,3804077.6,24.659048254751358,baixa
10424655000140,FOCCUS EDITORA E SERVICOS EDUCACIONAIS LTDA,SP,J,partnership_heavy_services,14,5041872.159073103,4530879.08,10.134986825351081,baixa
30313805000156,TRANSR SOROCABA LTDA,SP,H,standard,20,5041073.392017858,4295689.4,14.786215832487471,alta
17317343000187,BUSCHINELLI TRANSPORTES RODOVIARIOS LTDA,SP,H,family_mature_sweet_spot,20,5038084.932406095,4295689.4,14.735669254617752,alta
41933619000136,EMBAIXADOR VEICULOS LTDA,RJ,G,standard,6,5034217.948874382,4294089.12,14.701962378086353,alta
27983289000162,W2 COMERCIO DE VEICULOS LTDA,RJ,G,standard,6,5034217.948874382,4294089.12,14.701962378086353,alta
49304124000150,DAIBASE COMERCIO E INDUSTRIA LTDA,SP,C,standard,12,5033843.948648547,4757808.24,5.483596858870741,alta
00788235000190,I-NET CONSULTORIA E SERVICOS DE INTERNET LTDA,SP,J,partnership_heavy_services,6,5033737.656329202,4200944.88,16.54422286552984,baixa
12320476000199,DECOR TEXTIL CONFECCOES LTDA,SP,C,family_mature_sweet_spot,21,5031281.0906022955,5582910.9,10.96400299375182,alta
04271450000170,LOBO COMERCIO E INDUSTRIA DE ARTEFATOS DE ARAME LTDA,SP,C,standard,9,5029919.4345394075,5933226.149999999,17.958671649048156,alta
42899987000178,MACAMP LOG TRANSPORTES E LOGISTICA LTDA,SP,H,standard,22,5024880.469214966,4725258.34,5.962771274871251,alta
08152494000131,KRS INDUSTRIA E COMERCIO DE EQUIPAMENTOS INDUSTRIAIS LTDA,SP,C,standard,9,5024551.762686491,4237595.82,15.662211871924805,alta
66975749000162,PROINOX EQUIPAMENTOS INDUSTRIAIS LTDA,SP,C,standard,9,5024551.762686491,4237595.82,15.662211871924805,alta
13537122000163,SOLUCX SOFTWARE PARA GESTAO DE EXPERIENCIAS LTDA,SP,J,partnership_heavy_services,10,5021997.724652357,4236213.1,15.646853458237139,baixa
11850205000182,SEGREDO MINEIRO INDUSTRIA E COMERCIO DE ALIMENTOS LTDA,SP,C,family_mature_sweet_spot,24,5019681.20600392,6035706.0,20.240823118026636,alta
23086584000165,TRACOS RAROS EMBALAGENS LTDA,SP,C,standard,11,5018107.378015415,5662956.86,12.850452041136148,alta
15083502000109,ALELUIA VEICULOS LTDA,SP,G,standard,7,5017542.707347265,5009770.640000001,0.15489788130520724,alta
29637250000119,ECCOCERTO COMERCIAL E INDUSTRIAL LTDA,SP,C,standard,11,5016426.477072168,5662956.86,12.888265897702919,alta
01590206000181,VALE CAIXA TRANSPORTES LTDA,SP,H,family_mature_sweet_spot,21,5013943.275463954,4510473.87,10.0413861466625,alta
00186382000190,JORNAL O DIARIO DE BARRETOS LTDA,SP,J,partnership_heavy_services,16,5012514.86286841,5178147.52,3.304382364201245,baixa
03797971000100,MASTER GRAFICA E EDITORA LTDA,SP,C,standard,18,5009903.301823241,5955631.56,18.877175889454445,alta
61241147000168,GRAFICA RUBAIYAT LTDA,SP,C,standard,16,5002768.551946911,5293894.72,5.8193011535541075,alta
01989158000107,DISTRIBUIDORA E TRANSPORTADORA NOVADIS LTDA,RJ,H,family_mature_sweet_spot,26,5000793.256609972,5584396.22,11.670207773909283,alta
11594212000160,ADMINISTRADORA DE CARTAO DESCONTO CABO FRIO LTDA,RJ,N,family_mature_sweet_spot,33,5000239.94203051,4578100.2299999995,8.442389103813424,alta
31496548000106,ELEVADORES ALPHA RIO LTDA,RJ,C,standard,10,5000171.439940653,5812021.2,16.236438486376844,alta
08985177000104,3A ALUMINIO INDUSTRIA E COMERCIO LTDA,SP,C,standard,28,4999162.8978378195,5759559.399999999,15.210476587811488,alta
27870450000191,DANIELE DESSIN PRESENTES LTDA,RJ,C,standard,10,4988671.187441998,4955204.0,0.6708637668131996,alta
61532727000104,PLANET COLOR INDUSTRIA DE TERMOPLASTICOS LTDA,SP,C,standard,15,4983799.672265129,5744092.35,15.255281667236808,alta
39666723000160,SINGULAR ENVIO LOGISTICA INTEGRADA LTDA,SP,H,standard,19,4979678.982183803,4080904.93,18.048835183942955,alta
31260029000136,MAV COMERCIO E CONFECCOES LTDA,RJ,C,family_mature_sweet_spot,30,4979374.329190592,5455599.0,9.563945976458031,alta
29508864000109,A M O PAZIAN INDUSTRIA E COMERCIO DE CONFECCOES LTDA,SP,C,standard,23,4975263.55653757,6114616.7,22.900357549205665,alta
13618375000161,IGAS - INDUSTRIA DE CARRETAS E REQUALIFICADORA DE CILINDROS LTDA,SP,C,standard,11,4974312.585243824,6079644.34,22.22079404569619,alta
07675194000174,OTTECH SERVICOS E TECNOLOGIA LTDA,SP,J,partnership_heavy_services,9,4972479.823092436,3812591.79,23.32614860910768,baixa
67749630000134,COATING INDUSTRIA E COMERCIO LTDA,SP,C,family_mature_sweet_spot,22,4972240.728531942,5387201.82,8.345555135472617,alta
34928058000111,FOAM CANADA INDUSTRIA E COMERCIO DE PECAS TECNICAS LTDA,SP,C,standard,13,4970074.642801205,5550432.16,11.677038252119644,alta
02354295000120,TOPOTRANS TRANSPORTES LTDA,SP,H,standard,18,4969022.561446361,3866120.46,22.19555431290562,alta
07137971000127,BRISTAR INDUSTRIA DE METAIS LTDA,SP,C,standard,10,4968703.8732569935,4955204.0,0.27169808467865664,alta
05280456000176,MARCENARIA LOVATO LTDA,SP,C,family_mature_sweet_spot,21,4967132.205489972,5243628.600000001,5.566519735561468,alta
59065201000110,INDAIA CAIXAS IND E COM DE EMBAL DE PAPELAO LTDA,SP,C,standard,8,4958075.206621256,5067523.52,2.207475861450855,alta
00865547000150,G.Z.SISTEMAS IMPORTACAO E COMERCIO LTDA,SP,J,partnership_heavy_services,10,4955047.746312241,4236213.1,14.507118460104223,baixa
54554779000116,LEMOR INDUSTRIA MECANICA LTDA,SP,C,standard,18,4951282.41272228,4407710.58,10.978404934559514,alta
10966886000186,NEXNETT BRASIL TELECOMUNICACOES LTDA,SP,J,partnership_heavy_services,6,4950689.598583437,4200944.88,15.144248162881482,baixa
72867815000183,KITFRIGOR INDUSTRIA E COMERCIO LTDA,SP,C,standard,11,4944191.347160167,5867097.17,18.666466526825047,alta
20611482000123,VESTTI INDUSTRIA DE ARTIGOS DO VESTUARIO LTDA,RJ,C,family_mature_sweet_spot,31,4944125.259158738,6061520.21,22.60045796314212,alta
52959526000105,V. L. VERDURAS LTDA,RJ,G,standard,10,4942429.248087113,3804077.6,23.03222951603593,alta
61152856000177,FAMARA BRASIL INDUSTRIA E COMERCIO LTDA,SP,C,family_mature_sweet_spot,28,4942292.392972008,5474921.48,10.776964304770722,baixa
48848360000174,SETHA INDUSTRIA E COMERCIO DE EMBALAGENS LTDA,SP,C,standard,7,4937329.939044514,4434083.08,10.192692513109696,alta
29130030000102,MABASA EQUIPAMENTOS INDUSTRIAIS LTDA,SP,C,standard,8,4935069.306990542,4649616.96,5.78416085436122,alta
07248472000107,PETREL OIL & GAS LTDA,RJ,C,family_mature_sweet_spot,25,4934238.440311615,6121820.25,24.068188516917,alta
04219326000165,CARIN ALIMENTOS LTDA,SP,H,standard,19,4932334.506347048,4080904.93,17.262202619295337,alta
19778803000108,TURBO 1000 HORTIFRUTIGRANJEIROS LTDA,RJ,G,standard,10,4931653.942956528,3804077.6,22.864060536261903,alta
71764708000167,EQUIPAMENTOS CORONA TRATA LTDA,SP,C,standard,10,4919759.793601282,5030705.6,2.255106164797224,alta
52491578000191,ACOESPECIAL COMERCIAL LTDA,SP,C,standard,10,4919759.793601282,5030705.6,2.255106164797224,alta
72025844000106,MAQUIMASA DO BRASIL INDUSTRIA E COMERCIO LTDA,SP,C,standard,10,4919759.793601282,5030705.6,2.255106164797224,alta
13857484000131,ESQUADRICAMP ESQUADRIAS DE METAIS LTDA,SP,C,family_mature_sweet_spot,29,4917339.516120526,5965257.949999999,21.310678883247327,alta
05899183000142,MARIA APARECIDA TEIXEIRA LEITE LTDA,RJ,H,standard,23,4911888.391167556,4940042.81,0.5731893029790799,alta
34286376000126,HATA - CALDEIRARIA E MONTAGEM INDUSTRIAL LTDA,SP,C,standard,30,4910473.995531592,3987930.3000000003,18.787263640354944,alta
49314438000133,ECO EQUIPAMENTOS LTDA,SP,C,family_mature_sweet_spot,30,4910473.995531592,3987930.3000000003,18.787263640354944,alta
13584496000130,PEREZ & SILVA ENTREPOSTO DE CARNES LTDA,SP,C,standard,10,4908925.281198888,5891148.399999999,20.008923797699907,alta
21942425000190,RESILOG TRANSPORTES LTDA,SP,H,family_mature_sweet_spot,25,4907743.05370966,5369611.75,9.411020325141584,alta
40401636000160,GS ENGENHARIA E CONSTRUCAO LTDA,SP,M,standard,18,4906152.239852959,4221801.18,13.948834573332972,baixa
73064990000103,PAULO CESAR MARSARA CALCADOS FRANCA LTDA,SP,C,standard,32,4906108.580177703,4441680.64,9.466320049542837,alta
26916447000107,INDUSTRIA E COMERCIO DE BEBIDAS LAO COLLETTA LTDA,SP,C,standard,7,4902868.665127604,6127072.489999999,24.969133551949497,baixa
71898985000162,GRAFICA MASTER PRINT LTDA,SP,J,standard,13,4902260.535216505,4207244.859999999,14.177452834742299,baixa
28763334000136,VM MANUTENCAO E MONTAGEM INDUSTRIAL LTDA,SP,C,standard,25,4901191.442602106,5549792.5,13.23353851800457,alta
30078593000170,FERREIRA TRANSPORTES RODOVIARIOS LTDA,SP,H,standard,20,4886649.7914265385,4295689.4,12.0933649156393,alta
32282243000156,DOMINGA E ARANTES LOGISTICA LTDA,RJ,H,standard,21,4885021.409639894,4510473.87,7.6672650584658175,alta
41919966000104,VIACAO ROSA RIO LTDA,RJ,H,standard,22,4882592.8213378405,4725258.34,3.2223551521695537,alta
07264699000146,VR CONTROLLER TECNOLOGIA DA INFORMACAO LTDA,SP,J,partnership_heavy_services,12,4881320.934939825,5083455.72,4.140985355282045,baixa
09363967000102,G. F. DO COUTO LTDA,SP,H,standard,24,4873298.923397249,5154827.28,5.776956452457755,alta
10755327000127,LONG WAY PNEUS LTDA,SP,C,standard,15,4870926.420113627,5474914.5,12.399860474022178,alta
13192884000175,TRANSPORTADORA FRANK GUINDASTES LTDA,SP,H,standard,22,4870106.921820073,4725258.34,2.9742382281401785,alta
14019598000175,METAL LESTE INSTALACOES INDUSTRIAIS LTDA,SP,C,family_mature_sweet_spot,33,4869616.437225794,4386723.33,9.916450575743847,alta
08705661000124,PAI & FILHO RP TRANSPORTES RODOVIARIOS LTDA,SP,H,standard,17,4863670.495052258,3651335.99,24.926328917338207,alta
10156129000147,"VARALLO CONFECCOES, COMERCIO E REPRESENTACOES LTDA",SP,C,family_mature_sweet_spot,29,4858946.2761289785,5670454.39,16.701318922948307,alta
13390177000193,A. A. M. T. MERCADO PESSEGUEIROS LTDA,RJ,G,standard,10,4855829.598295355,3804077.6,21.65957385869912,alta
05510127000174,MERCADO QUALITY DO CALEME LTDA,RJ,G,standard,10,4855829.598295355,3804077.6,21.65957385869912,alta
10757993000102,HORTIFRUTI DA LILIAN DO VILAR NOVO LTDA,RJ,G,standard,10,4848272.189083732,3804077.6,21.53745805433157,alta
05989848000109,GEOMETRUS-SISTEMAS DE INFORMATICA E SERVICOS DE CADASTRAMENTO LTDA,SP,J,partnership_heavy_services,12,4845809.6248788815,5083455.72,4.9041566532250656,baixa
59230870000108,MN INDUSTRIA DE PELES LTDA,SP,C,family_mature_sweet_spot,24,4843716.319210551,4808378.4,0.7295621147422997,alta
18772215000196,ARTEFAPI - INDUSTRIA DE ARTEFATOS DE ARAME LTDA,SP,C,standard,12,4835274.632915407,5371055.4,11.080668788435421,baixa
35064623000102,ENGEFEM ENGENHARIA E CONSTRUCAO LTDA,SP,M,partnership_heavy_services,18,4831507.333958546,4221801.18,12.61937759409344,baixa
59179762000140,COBRETEC-INDUSTRIA E COMERCIO LTDA,SP,C,family_mature_sweet_spot,23,4830480.992797758,5632074.63,16.594489004250647,alta
01597059000171,ACR INDUSTRIAL E COMERCIAL DE MAQUINAS E EQUIPAMENTOS LTDA,SP,C,standard,11,4828544.043241127,5533776.16,14.605481703041285,alta
09316527000102,LC ASSESSORIA ADMINISTRACAO DE CONDOMINIOS E CONTABILIDADE LTDA,SP,M,standard,17,4826985.755113932,3987256.67,17.396551962563482,baixa
05879746000130,METALURGICA TUBOCAT LTDA,SP,C,standard,8,4826564.508469826,5152256.08,6.74789637554081,alta
03670693000118,ACM DE TERESOPOLIS CHOCOLATES LTDA,RJ,G,standard,10,4825579.057720768,3804077.6,21.16847419764887,alta
21616435000135,FIOBRAS INDUSTRIA E COMERCIO DE FIOS E CABOS LTDA,SP,C,standard,5,4823836.77372911,5586761.1,15.815716038026387,alta
10602152000118,UNICHARQUE - INDUSTRIA E COMERCIO DE PRODUTOS ALIMENTICIOS LTDA,SP,C,standard,9,4822159.717541875,5302033.56,9.951429868912404,alta
41904258000108,FLAI INFORMATICA E ADMINISTRACAO LTDA,SP,J,partnership_heavy_services,11,4821519.757573127,4659834.41,3.3534104536058083,baixa
07681841000150,AGM - INDUSTRIA E SERVICOS ESPECIAIS LTDA,SP,C,standard,11,4820862.291609029,5179283.779999999,7.43480038861143,alta
53558539000127,BIAL DISTRIBUIDORA LTDA,RJ,G,recent_startup,10,4819470.312019619,3804077.6,21.06855414146362,baixa
16584707000122,SANDRO F DA SILVA LTDA,RJ,H,standard,19,4819190.692427806,4080904.93,15.319704272915436,alta
16584707000122,SANDRO F DA SILVA LTDA,RJ,H,standard,19,4819190.692427806,4080904.93,15.319704272915436,alta
09247413000140,TRANSBRITA DA SERRA LOCACAO E TRANSPORTE LTDA,RJ,H,family_mature_sweet_spot,25,4808455.054432665,5369611.75,11.670207773909288,alta
68418342000160,CELEIRO COMERCIAL E INDUSTRIAL LTDA,SP,C,standard,9,4808443.786830386,5248681.649999999,9.155516476564818,baixa
54235802000100,FABRICO SP INDUSTRIA E SERVICOS PARA MOVELARIA LTDA,SP,C,recent_startup,24,4800665.35043721,5992718.4,24.830996592050035,baixa
07830506000177,ADMAR COMERCIO E SERVICOS LTDA,RJ,C,standard,21,4795718.6868804395,5173965.51,7.887177038851825,alta
10860444000150,TRANSFORMS SERVICOS AUTOMOTIVOS LTDA,SP,G,standard,6,4794810.052176035,4294089.12,10.442977442845564,alta
12048464000157,HORTIFRUTI TURBO 1000 LTDA,RJ,G,standard,10,4794678.160621089,3804077.6,20.660418226961227,baixa
28887800000195,PADARIA VILA AMERICANA LTDA M E,RJ,G,standard,10,4793982.090543099,3804077.6,20.648898386496782,alta
01805923000183,IMPORTE TRANSPORTE E COMERCIO DE AMERICANA LTDA,SP,H,standard,17,4793774.28053285,3651335.99,23.83170803790667,alta
72979305000106,ALERGOSHOP PRODUTOS PARA ALERGICOS LTDA,SP,C,family_mature_sweet_spot,20,4791696.276764092,5317058.0,10.964002993751787,alta
22449450000107,EXACTALOG TRANSPORTES E LOGISTICA LTDA,SP,H,standard,19,4789019.722416967,4080904.93,14.786215832487509,alta
64041684000152,DPN SANTOS SERVICOS DE DIVULGACOES E PROMOCOES LTDA,SP,J,partnership_heavy_services,10,4783283.400332202,4600550.9,3.8202315238003868,baixa
10863906000193,MULT TRANSPORTES RIBEIRAO PRETO LTDA,SP,H,standard,18,4779829.756612629,3866120.46,19.115938080191302,alta
03892176000193,TRANSPORTES CONTARINI & CONTARINI LTDA,SP,H,standard,21,4771151.329855468,4510473.87,5.46361751773161,alta
04458419000142,MASTER PNEUS LTDA.,RJ,G,standard,5,4764624.698889051,3578407.6,24.89633861751244,alta
10376914000105,BELLA SHOP COMERCIO DE EQUIPAMENTOS LTDA,SP,C,standard,15,4763667.285371807,3745449.0,21.374672586780687,alta
17189177000180,JPW ASSESSORIA CONTABIL LTDA,SP,M,standard,17,4760379.061734916,3987256.67,16.24077372219077,baixa
00014425000150,GRC INDUSTRIA E COMERCIO DE EQUIPAMENTOS ELETRO-ELETRONICOS LTDA,SP,C,standard,9,4755967.340786047,4539548.609999999,4.550467134836949,alta
15320562000190,BACK SHOES INDUSTRIA DE CALCADOS LTDA,SP,C,standard,31,4752792.68704715,4302878.12,9.466320049542833,alta
58911454000102,MASTERBOAT ESTALEIRO INDUSTRIA E COMERCIO LTDA,SP,C,standard,11,4751152.691951485,5430995.46,14.309006932153057,baixa
23046325000100,JCP ANDRADE TRANSPORTES LTDA,SP,H,standard,19,4749906.623612366,4080904.93,14.0845230574992,alta
09472761000110,BTMAQ TRANSPORTES LTDA,SP,H,standard,19,4745493.765463703,4080904.93,14.004629830100793,alta
43077163000185,INDUSTRIA DE EMBALAGENS EM PLASTICOS INDIANOPOLIS LTDA,SP,C,standard,10,4734974.592275341,5148142.6,8.72587591913804,alta
02512567000172,INCAM INDUSTRIA E COMERCIO DE ARTEFATOS DE METAIS LTDA,SP,C,standard,16,4732594.439075449,5323050.24,12.476365945270015,alta
56024839000114,TRANS CECCATO TRANSPORTE E LOGISTICA LTDA,SP,H,standard,18,4728810.400816425,3866120.46,18.243276166612265,alta
23750850000102,PRODSTEEL EQUIPAMENTOS INDUSTRIAIS LTDA,SP,C,standard,14,4728647.484099658,5895434.02,24.674847085212555,alta
37210852000113,LS INDUSTRIA E COMERCIO DE MARAVALHA LTDA,SP,C,standard,21,4724919.148907586,4962690.600000001,5.032286132290496,baixa
06888289000103,A.M. - TRANSPORTES E ARMAZENAGEM LTDA,SP,H,family_mature_sweet_spot,20,4709013.952319547,4295689.4,8.777305748180094,alta
31823645000158,SANDRO ARAUJO VEICULOS MULTIMARCAS LTDA,SP,G,standard,6,4706815.863799,4294089.12,8.768703848675248,baixa
27423553000103,MERCADINHO ITAPEBA LTDA,RJ,G,standard,10,4705567.8375488,3804077.6,19.157947960184956,alta
39515200000112,"MAVILI - MERCADO, LANCHONETE E BAR LTDA",RJ,G,standard,10,4705567.8375488,3804077.6,19.157947960184956,alta
27274379000184,AVEPLAN TRANSPORTE LTDA,SP,H,standard,22,4705485.022528098,4725258.34,0.42021847646384286,baixa
05654550000148,ALERTA - SEGURANCA CONTRA INCENDIO LTDA,SP,C,standard,27,4701307.474065756,5553860.85,18.13438879795163,alta
51265445000134,ARTEAL ARTEFATOS DE ALUMINIO LTDA,SP,C,family_mature_sweet_spot,27,4701307.474065756,5553860.85,18.13438879795163,alta
60635026000138,PIANOFATURA PAULISTA LTDA,SP,C,family_mature_sweet_spot,21,4699749.506596904,5523684.390000001,17.53146379922084,alta
06332765000105,ACSN DESENVOLVIMENTO DE SOFTWARE DO BRASIL LTDA,SP,J,standard,11,4698361.81292062,4659834.41,0.8200177945995603,baixa
14514231000128,FOXX LOGISTICS DO BRASIL LTDA,RJ,H,family_mature_sweet_spot,22,4698328.026334185,4725258.34,0.573189302979059,alta
18743645000180,CASSEL FRUTAS E LEGUMES LTDA,RJ,G,standard,10,4697974.926651414,3804077.6,19.02729028161414,alta
47807409000188,SOROCABA AMBIENTAL LTDA,SP,H,standard,17,4696716.383332077,3651335.99,22.257686179262837,alta
28629590000135,FRISOLDAS FRIBURGO LTDA,RJ,G,standard,5,4695714.237356851,3578407.6,23.79417871019695,alta
20981012000151,MEGG'S TRANSPORTES LTDA,SP,H,standard,18,4695233.470574584,3866120.46,17.65861092468998,alta
01885986000197,TUDO TORTAS COMERCIO DE SOBREMESAS LTDA,SP,C,standard,14,4694051.498550102,3520828.5,24.99382460785714,alta
03480216000190,TRANSPORTADORA DANDIER LTDA,SP,H,standard,17,4692965.752477119,3651335.99,22.195554312905614,alta
01652671000108,EXPRESSO LOG TRANSPORTES DE VEICULOS LTDA,SP,H,standard,17,4692965.752477119,3651335.99,22.195554312905614,alta
03427203000157,IMPETO SERVICOS DE INFORMATICA LTDA,RJ,J,partnership_heavy_services,10,4692149.523525889,4236213.1,9.717005420221106,baixa
02131733000190,SECIA MODAS LTDA,SP,C,standard,28,4691396.404538325,5474921.48,16.7013189229483,alta
10590447000111,A.C. MORGADO CONFECCOES LTDA,SP,C,standard,28,4691396.404538325,5474921.48,16.7013189229483,alta
00155122000157,IMPEC IMPORTACAO E EXPORTACAO LTDA,SP,C,family_mature_sweet_spot,30,4689173.050991905,4782871.2,1.998180659770601,alta
00839598000107,O M INDUSTRIA E COM DE ARTEFATOS DE BORRACHA LTDA,SP,C,family_mature_sweet_spot,30,4689173.050991905,4782871.2,1.998180659770601,alta
03131738000186,RIBERJATO LOCACOES E SERVICOS LTDA,SP,C,standard,36,4684177.208527938,4502652.84,3.8752668920692885,alta
27916519000170,SANTA EUGENIA TRANSPORTES LTDA,RJ,H,family_mature_sweet_spot,22,4674899.279489581,4725258.34,1.0772223635140576,alta
05078954000130,"COMAST STRADIOTTO, SERRALHERIA, COMERCIO E PRESTACAO DE SERVICOS EM MAQUINAS INDUSTRIAIS LTDA",SP,C,standard,31,4668793.613218377,4120861.3100000005,11.736057504599486,alta
45603497000170,MODERNA EMBALAGENS PLASTICAS  LTDA,SP,C,standard,11,4668098.18824757,5662956.86,21.31186259657289,alta
38936605000161,PERI PLASTICOS IND COM EMB PLAST PRODS LIMPEZA LTDA,SP,C,standard,11,4668098.18824757,5662956.86,21.31186259657289,alta
71792865000186,SHALOMPLAST INDUSTRIA E COMERCIO DE PLASTICOS LTDA.,SP,C,standard,15,4667385.1048763255,5744092.35,23.068746652140767,alta
41940336000111,CONVEM MARICA RESTAURANTE LTDA,RJ,I,standard,27,4667224.082023818,3513402.54,24.721794405969337,alta
38911822000105,FANTIM INDUSTRIA E COMERCIO LTDA,SP,C,standard,19,4662880.198487353,5590916.82,19.902647762936407,baixa
49729937000191,HST INSTALACOES LTDA,SP,J,partnership_heavy_services,9,4662141.304715996,3812591.79,18.222302997479563,baixa
09652527000175,ITRAVEL TECNOLOGIA LTDA,SP,J,partnership_heavy_services,13,4661590.5245740535,5507077.03,18.13729672241433,baixa
20762369000149,SANTOS DE BRITO - TRANSPORTES LTDA,SP,H,family_mature_sweet_spot,21,4660435.559759017,4510473.87,3.2177612550611308,alta
43352332000148,POWERLOG TRANSPORTES E SERVICOS LTDA,SP,H,standard,20,4657279.23134709,4295689.4,7.763971481746471,alta
14144332000154,MAGO AUTOMACAO INDUSTRIA E COMERCIO LTDA,SP,C,standard,11,4655028.213527522,5533776.16,18.87739249181852,alta
00256815000136,FABRIMOLD INDUSTRIA E COMERCIO DE MOLDES E PECAS INJETADAS LTDA,SP,C,standard,11,4655028.213527522,5533776.16,18.87739249181852,alta
18296667000149,SJC CAP INTERMEDIACAO DE SERVICOS E NEGOCIOS MOBILIARIOS LTDA.,SP,M,partnership_heavy_services,17,4654969.1248628,3987256.67,14.344079132479326,baixa
31785807000100,LACUS EXPRESS LOGISTICA EM CARGAS E ARMAZEM GERAL LTDA,RJ,H,standard,26,4654968.455371865,5584396.22,19.96636010616933,alta
04869536000107,SAT SERVICE TERCEIRIZACAO DE MAO DE OBRA LTDA,SP,N,standard,26,4653300.8553006835,3606988.06,22.48538892792208,alta
11406226000103,AREATEC - TECNOLOGIA E SERVICOS LTDA,SP,J,partnership_heavy_services,12,4651935.929497532,5083455.72,9.276133571965978,baixa
73016222000176,MP MATERIAIS ISOLANTES ESPECIAIS LTDA,SP,C,standard,19,4647186.140721376,4490053.4,3.381244821344389,alta
60037025000191,GEAN TRANSPORTES E LOGISTICA LTDA.,SP,H,family_mature_sweet_spot,22,4643461.277596929,4725258.34,1.7615536668242042,alta
10878059000130,MERCADO GLORIA LTDA,RJ,G,standard,10,4638427.251067928,3804077.6,17.98777055036988,alta
28876423000199,LEAO DAS BATERIAS LTDA,RJ,G,standard,5,4631174.9905480435,3578407.6,22.73218767800137,alta
08418920000136,F.M. SOARES COMERCIO DE PECAS PARA VEICULOS LTDA,RJ,G,standard,5,4631174.9905480435,3578407.6,22.73218767800137,alta
09554837000157,"NEW PROVET - DIAGNOSTICOS, ESPECIALIDADES E EVENTOS VETERINARIOS LTDA.",SP,M,partnership_heavy_services,16,4628434.081643554,3752712.16,18.920479501192027,baixa
49183886000145,4 CATS BRASIL HOSPITAL VETERINARIO LTDA,SP,M,partnership_heavy_services,16,4628434.081643554,3752712.16,18.920479501192027,baixa
05661490000190,AUTO MECANICA KADES LTDA,RJ,G,standard,5,4626428.293945223,3578407.6,22.6529112169923,alta
04559430000107,RETESTA INDUSTRIA E COMERCIO LTDA,RJ,G,standard,5,4626428.293945223,3578407.6,22.6529112169923,alta
20327992000173,FOCAR AUTO PECAS E ACESSORIOS LTDA,RJ,G,standard,5,4626428.293945223,3578407.6,22.6529112169923,alta
15781216000109,LSI COMERCIO DE VEICULOS LTDA,RJ,G,standard,5,4624719.839835083,3578407.6,22.62433782091316,alta
09314706000100,FOUR DRIVE CAR VEICULOS E CORRETORA DE SEGUROS LTDA,RJ,G,standard,5,4624719.839835083,3578407.6,22.62433782091316,alta
34365253000180,ARS MOTORS COMERCIO DE VEICULOS LTDA,RJ,G,standard,5,4624719.839835083,3578407.6,22.62433782091316,alta
30334246000160,AJN EXPRESS  LTDA,SP,H,standard,20,4621739.445061467,4295689.4,7.054704163599383,alta
18634407000136,AGUERO INOX MONTAGENS E MANUTENCAO INDUSTRIAL LTDA,SP,C,family_mature_sweet_spot,39,4619266.275139978,5184309.390000001,12.232313125159685,alta
08651254000181,CLEMAN ESQUADRIAS DE ALUMINIO LTDA,SP,C,standard,28,4614528.950294675,5759559.399999999,24.813593370829423,alta
01651189000145,PASSADORI TRANSPORTES LTDA,SP,H,standard,18,4610595.628513685,3866120.46,16.147049719770838,alta
19974392000118,VIDA OCUPACIONAL SERVICOS MEDICOS LTDA,SP,M,standard,16,4600379.923898533,3752712.16,18.426038238602423,baixa
39893983000178,E. A. P. CALCADOS LTDA,SP,C,standard,30,4599476.793916597,4164075.5999999996,9.466320049542848,alta
58573106000164,PEREIRA E DOMENICE INDUSTRIA CALCADOS LTDA,SP,C,family_mature_sweet_spot,30,4599476.793916597,4164075.5999999996,9.466320049542848,alta
23510417000108,MATRICER - MATRIZES CERAMICAS LTDA,SP,C,family_mature_sweet_spot,23,4597576.337800116,5632074.63,22.500948677991463,alta
14010271000132,TRANSLEITE PLANCKE LTDA,SP,H,family_mature_sweet_spot,23,4597302.733619881,4940042.81,7.455242698586609,alta
15271840000166,RIOPOOL COMERCIO DE VEICULOS PECAS E TRANSPORTES DE CARGAS LTDA,RJ,G,standard,5,4593892.053130201,3578407.6,22.105100454815148,alta
18301827000109,HEAT ALLIANCE PRESTACAO DE SERVICOS LTDA,SP,C,standard,15,4590338.889697625,5517907.65,20.20697779817899,baixa
07348604000172,AGENFLEX INDUSTRIA E COMERCIO DE EMBALAGENS LTDA,SP,C,standard,11,4589100.72351176,5662956.86,23.4001431039954,alta
07903998000183,A J P COMERCIO DE PECAS E ACESSORIOS CAXIAS LTDA,RJ,G,standard,5,4583044.3009763,3578407.6,21.92072855944874,alta
03623799000160,GIOPROT INDUSTRIA E COMERCIO LTDA,SP,C,standard,7,4572357.284771112,4614731.45,0.9267465902111718,alta
62713094000101,METTA VENDAS - COMERCIO E REPRESENTACAO LTDA,SP,C,standard,16,4571663.598148671,4253646.4,6.95626857316129,baixa
09240171000162,METALURGICA WASEK LTDA,SP,C,standard,8,4569204.163461193,5273978.8,15.42445054599916,alta
11801971000157,NORSEL TRANSPORTES RODOVIARIOS LTDA,SP,H,family_mature_sweet_spot,23,4565320.429548472,4940042.81,8.20801926686642,alta
11584085000119,FORTE PAN DISTRIBUIDORA E REPRESENTACAO LTDA,RJ,G,standard,9,4564753.083374445,3423669.84,24.997699164286708,baixa
52330982000183,AMURA VEICULOS LIMITADA,SP,G,standard,5,4564134.671182284,3578407.6,21.59723895541722,alta
36586117000146,HYDRA SERVICE MANUTENCAO DE EMBARCACOES LTDA,RJ,C,standard,17,4563078.990491709,4188448.27,8.21004241373738,alta
01045035000100,BOLONHA TRANSPORTES E TURISMO LTDA,SP,N,standard,18,4559546.376282933,3817701.72,16.270141699659714,baixa
64678352000183,BERNARDI DUARTE & CIA LTDA,SP,C,standard,9,4557293.486625048,5286228.84,15.994917937900293,alta
25307808000147,TIRRENO EMPREENDIMENTOS LTDA.,RJ,M,partnership_heavy_services,16,4545280.58799255,3752712.16,17.437172747625514,baixa
03493975000197,CID COLOR ARTES GRAFICAS LTDA,SP,C,standard,14,4538922.887225038,4632157.88,2.0541215414206477,alta
29719420000104,LUCIANO MODESTO DA SILVA TRANSPORTES & CIA LTDA,SP,H,standard,17,4532356.617726787,3651335.99,19.43846660876091,alta
62212832000129,DISBRAGAS LOGISTICA COMERCIAL LTDA,SP,H,standard,18,4531380.907769218,3866120.46,14.681185742487568,baixa
49594604000100,SORIS SERVICOS ADMINISTRATIVOS LTDA,RJ,N,standard,25,4531001.176220718,3468257.75,23.454936003948383,alta
49043904000193,M.H. INDUSTRIA DE MAQUINAS E EQUIPAMENTOS ESPECIAIS LTDA,SP,C,standard,12,4530277.409919742,4757808.24,5.022448064263014,alta
12302569000190,MARIZAL CONFECCOES DE ROUPAS LTDA,SP,C,standard,27,4523846.53294767,5279388.57,16.701318922948317,alta
14842780000121,PRO CORPS INDUSTRIA E COMERCIO DE PRODUTOS ALIMENTICIOS LTDA,SP,C,standard,8,4521163.166699641,5440028.24,20.323643262163262,alta
52418879000190,AUTO CENTER PAULO CESAR VARAO LTDA,RJ,G,standard,5,4520633.111050086,3578407.6,20.84277772391971,alta
02690555000138,UNIVERSO DOS CARROS AUTO PECAS LTDA,RJ,G,standard,5,4520633.111050086,3578407.6,20.84277772391971,alta
07412210000136,SO BUZINAS COMERCIO DE PECAS E ACESSORIOS PARA AUTOMOVEIS LTDA,RJ,G,standard,5,4520633.111050086,3578407.6,20.84277772391971,alta
06040293000117,"HDSR-5 REFRIGERACAO, IMPORTACAO E EXPORTACAO LTDA",RJ,G,standard,5,4520633.111050086,3578407.6,20.84277772391971,alta
30075998000154,AUTO MECANICA 1313 LTDA,RJ,G,standard,5,4520633.111050086,3578407.6,20.84277772391971,alta
47284005000157,TRATEME TRATAMENTO TERMICO DE METAIS LTDA,SP,C,family_mature_sweet_spot,20,4520218.844119947,4897456.2,8.345555135472607,alta
17889398000161,EXTINTORES PARAISO LTDA,RJ,G,standard,5,4520144.473339025,3578407.6,20.834220651433405,alta
19588368000140,ALMEIDA & ALMEIDA DOS LAGOS FABRICACAO DE ETIQUETAS LTDA,RJ,G,standard,9,4518723.482979774,3423669.84,24.23369447376905,baixa
07577162000136,ALPINO COMERCIO DE PRODUTOS DE BELEZA LTDA,RJ,G,standard,9,4513404.664389236,3423669.84,24.144407723669097,alta
17597456000183,TGP MANUTENCAO INDUSTRIAL LTDA,SP,C,standard,24,4510913.428556643,5327800.800000001,18.1091343112904,baixa
01248782000145,PESSINI TRANSPORTES LTDA,SP,H,standard,16,4509714.831033344,3436551.52,23.79670004073057,alta
09040061000157,BRH VEICULOS LTDA,SP,G,standard,5,4507508.666477871,3578407.6,20.61229684121412,alta
31070656000104,AVP & CIA LOJA DE UTILIDADES LTDA,RJ,G,standard,9,4501846.324617662,3423669.84,23.949651029219226,alta
48924069000138,DJE MANUTENCOES  SERVICOS E COMERCIO AUTOMOTIVOS LTDA,RJ,G,standard,5,4501374.952236302,3578407.6,20.504120674901078,alta
05584302000178,USIMECA USINAGEM INDUSTRIAL LTDA,SP,C,standard,21,4500916.893245917,5142329.01,14.250698956841152,alta
37282270000142,CASA SABIA ARMARINHO LTDA,RJ,G,standard,9,4500516.431425035,3423669.84,23.927178310158162,alta
09438346000140,GASPARZINHO TRANSPORTADORA TURISTICA LTDA,SP,H,family_mature_sweet_spot,23,4499113.242965878,4940042.81,9.800366054877399,alta
74536111000153,VETROTEXTIL INDUSTRIA E COMERCIO LTDA,SP,C,standard,17,4495947.745331307,5399807.58,20.103877666444887,baixa
28515319000179,M M ARTEFATOS METALICOS LTDA,SP,C,standard,10,4494719.406509243,5333724.699999999,18.666466526825026,alta
00695133000120,HELMO EQUIPAMENTOS INDUSTRIAIS LTDA,SP,C,standard,10,4494719.406509243,5333724.699999999,18.666466526825026,alta
14691754000140,SUPERPIXX - SERVICOS EM EMBALAGENS PLASTICAS LTDA,SP,N,standard,32,4494133.5774012115,4439369.92,1.218558737919831,baixa
42296067000165,T & J CAR ACESSORIOS PARA VEICULOS LTDA,SP,G,standard,5,4492179.926573765,3578407.6,20.341400867945854,alta
20587377000104,MINIMERCADO FELIPAO LTDA,RJ,G,standard,9,4488667.422827545,3423669.84,23.72636425259306,alta
51625814000152,SUPERMERCADO PRECO JUSTO DESCONTO LTDA,RJ,G,standard,9,4488667.422827545,3423669.84,23.72636425259306,alta
29223336000103,JAC TRANSPORTES E SERVICOS LTDA,RJ,H,standard,21,4484767.6615008125,4510473.87,0.573189302979078,alta
36669748000129,CONAD CONSULTORIA E ADMINISTRACAO LTDA,RJ,N,standard,26,4483516.487192705,3606988.06,19.5500212767486,alta
33236902000180,EMPRESA DE TRANSPORTES 3W LTDA,RJ,H,standard,16,4477790.550679111,3436551.52,23.253410781377312,alta
07923000000102,SR INDUSTRIA E COMERCIO LTDA,SP,C,standard,7,4477045.830031082,4082307.9499999997,8.816927389558169,alta
22923211000139,CONEXAO GLOBAL TRANSPORTES E LOGISTICA LTDA,SP,H,standard,17,4476435.435412112,3651335.99,18.43206402319418,alta
05367368000106,FM MODEL TRANSPORTES LTDA,SP,H,standard,17,4476435.435412112,3651335.99,18.43206402319418,alta
28750399000147,RIO MAR TRANSPORTES DE CARGAS LTDA,RJ,H,standard,25,4475931.207088332,5369611.75,19.966360106169336,alta
09112519000136,F. FRAMESCHI ETIQUETAS LTDA,SP,C,standard,30,4475175.828447136,4782871.2,6.875604073407611,alta
41631371000159,NETWE TELECOMUNICACOES LTDA,SP,J,partnership_heavy_services,7,4470410.69883377,4901102.359999999,9.634275018145136,baixa
04678687000170,BERFRAN CONSULTORIA E PROJETOS LTDA,RJ,M,standard,15,4468894.468972928,3518167.6500000004,21.27431796775971,baixa
01832315000168,ELO INDUSTRIA E COMERCIO DE CORREIAS LTDA,SP,C,standard,8,4465392.544350698,4592865.36,2.8546833090983763,alta
17839471000190,GIM MOTOS PECAS E ACESSORIOS LTDA,SP,G,standard,6,4462822.381005358,4294089.12,3.780864363401947,baixa
06043650000109,J. B. TRANSPORTES E SERVICOS DE JAGUARIUNA LTDA,SP,H,standard,17,4461312.143104458,3651335.99,18.155558883194985,alta
09097137000180,TEIXEIRA & TEIXEIRA SERVICOS FERROVIARIOS LTDA,SP,C,family_mature_sweet_spot,21,4461286.313910152,5475104.46,22.724794482003873,baixa
13579055000140,IN10 - INOVACAO E INTELIGENCIA EM ANALISE DE DADOS LTDA.,SP,J,partnership_heavy_services,9,4459542.9716810165,3812591.79,14.507118460104207,baixa
06867219000179,DUZZI AUTOMOVEIS LTDA,SP,G,standard,5,4458450.48643017,3578407.6,19.738761013690436,baixa
33090585000137,WJL VEICULOS LTDA,SP,G,standard,5,4457353.100278608,3578407.6,19.719000952014973,alta
05773519000126,VIACAO JAVARY LTDA,RJ,H,family_mature_sweet_spot,23,4457197.999191436,4940042.81,10.832922632024754,baixa
26593702000110,"FAZ COMUNICACAO VISUAL, EXPORTACAO E IMPORTACAO LTDA",SP,C,standard,16,4453247.379398436,5293894.72,18.877175889454442,alta
10840277000186,VIAPACK INDUSTRIA E COMERCIO DE EMBALAGENS LTDA,SP,C,standard,8,4452259.828080253,5067523.52,13.819132657966174,alta
12399400000109,ANGELO JATO TRANSPORTES LTDA,SP,H,standard,17,4449273.529146871,3651335.99,17.934108431851605,alta
09016078000179,J. R. PAQUY COMERCIO DE ALIMENTOS LTDA,RJ,G,standard,9,4448186.323278402,3423669.84,23.032229516035944,alta
00679735000193,QUIMILUX QUIMICA LTDA,RJ,C,standard,5,4447414.452131785,5353467.7,20.37258406249759,alta
22228339000182,MOIS VETERINARIA LTDA,SP,M,partnership_heavy_services,16,4445017.656418422,3752712.16,15.574864937122612,baixa
15516097000167,MPIT TRANSPORTES LTDA,SP,H,family_mature_sweet_spot,21,4443277.464712518,4510473.87,1.5123162085001478,alta
33834935000122,HANDELT INDUSTRIA E COMERCIO DE FERRAMENTAS LTDA,SP,C,standard,36,4440828.55434652,4886602.2,10.038073755789847,alta
24292616000141,IT ASFALTOS COMERCIO LTDA,SP,H,standard,16,4439255.1916977465,3436551.52,22.58720502423455,alta
19416582000110,PVG TRANSPORTES E COMERCIO LTDA,SP,H,family_mature_sweet_spot,20,4438510.05691335,4295689.4,3.217761255061128,alta
14206405000195,MANUAL DO MUNDO COMUNICACAO LTDA,SP,J,partnership_heavy_services,8,4436773.530083965,3680440.72,17.046910439660216,baixa
36556884000102,METROL ENGENHARIA LTDA,RJ,C,standard,10,4434017.298294281,5402576.3,21.84382550961886,baixa
46242939000163,FREMHI FABRICACAO E REFORMA DE EQUIPAMENTOS MECANICOS E HIDRAULICOS IMPORTACAO E EXPORTACAO LTDA,SP,C,standard,20,4433824.770355715,4897456.2,10.456692667335355,alta
04423674000150,D. R. MARDEGAN & CIA LTDA,SP,G,standard,6,4431419.681532549,4294089.12,3.099019533285429,baixa
09301376000100,SIRIUS ESPECIALIDADES LTDA,SP,C,standard,5,4428559.376997069,5353467.7,20.88508348351638,alta
49357884000125,PLIS SERVICOS AVANCADOS LTDA,SP,N,standard,28,4428074.510766964,3884448.6799999997,12.276799530927631,baixa
02668680000141,TRANSGUARA TRANSPORTE E LOCACAO LTDA,SP,H,family_mature_sweet_spot,25,4426008.907815864,5369611.75,21.31949713245793,baixa
71845754000190,B C FERNANDES INDUSTRIA DE REFRIGERACAO LTDA,SP,C,standard,10,4422307.703859428,5333724.699999999,20.609533690863735,baixa
07707403000114,MRB EXPRESS LTDA,SP,H,standard,16,4416908.943507876,3436551.52,22.195554312905614,alta
20588287000120,ASTROLOG SERVICOS DE TRANSPORTE LTDA,SP,H,standard,16,4416908.943507876,3436551.52,22.195554312905614,alta
45510053000190,DEDICADO SUPERMERCADOS LTDA,RJ,G,standard,9,4416515.099103283,3423669.84,22.480286760592485,alta
32002382000189,MAX TATUI ALUGUEL DE EQUIPAMENTOS LTDA,SP,N,standard,10,4414333.438855887,3791854.3,14.10131671016729,baixa
20047359000121,ADONWEB BRASIL - MARKETING DE REDE LTDA,RJ,M,partnership_heavy_services,15,4412084.807440183,3518167.6500000004,20.260652196275856,baixa
24614395000180,C.J.M SOLUCOES LTDA,SP,N,standard,64,4410584.998265515,5416327.04,22.80291712165162,alta
01177170000109,DIGIROTAS INFORMATICA LTDA,RJ,J,partnership_heavy_services,9,4410308.042264568,3812591.79,13.552709845583877,baixa
06027810000118,"SST - CONSULTORIA, SERVICOS E COMERCIO DE PECAS E EQUIPAMENTOS INDUSTRIAIS LTDA",SP,M,partnership_heavy_services,18,4408468.934995416,4221801.18,4.2342989765359444,baixa
16670270000140,SAO GONCALO ALUGUEL DE EQUIPAMENTOS LTDA,RJ,N,standard,9,4407781.675387796,3412668.87,22.57627257140058,alta
14460499000124,LUMIBRISE INDUSTRIA E COMERCIO LTDA,SP,C,standard,7,4407379.938460993,4614731.45,4.704643448810822,alta
07474619000187,MUNIZ SERVICOS DE CARGA E DESCARGA LTDA,RJ,H,standard,21,4406202.529363384,4510473.87,2.3664672683958967,alta
29601298000177,SUPERMERCADO E ACOUGUE ADONAI LTDA,RJ,G,standard,9,4403245.4445984755,3423669.84,22.246672753619382,alta
62859236000135,PLASTIMAR INDUSTRIA E COMERCIO DE PLASTICOS LTDA,SP,C,standard,14,4402300.112795446,5361152.859999999,21.780721955270902,alta
03252117000150,BENEFICIADORA AMERICANA DE TECIDOS LTDA,SP,C,standard,17,4401619.347542016,5002399.260000001,13.649065605672527,alta
11539615000107,DROGARIA POPFARMA LTDA,RJ,G,standard,9,4400726.640355205,3423669.84,22.202169782496238,baixa
55561134000173,ELLO CRIATIVO PRODUCOES E VIDEOS LTDA,RJ,J,recent_startup,18,4399532.59410273,3398171.4,22.760626786695155,baixa
03876716000145,ALCANTARA MESQUITA TECNOLOGIA EM INFORMATICA LTDA,SP,J,partnership_heavy_services,9,4398406.236888895,3812591.79,13.318789018980118,baixa
21891131000186,LUCIANA DE MORAIS MARCHINI MARKETING LTDA,SP,M,standard,20,4396468.981961654,4690890.2,6.6967655008219635,baixa
05080488000128,PROCEL PLASTICOS LTDA,SP,C,standard,10,4392216.787077721,5148142.6,17.210576106950757,alta
05080488000128,PROCEL PLASTICOS LTDA,SP,C,standard,10,4392216.787077721,5148142.6,17.210576106950757,alta
18540661000175,REAL GRAVEL DISTRIBUICAO E LOGISTICA LTDA,SP,H,standard,19,4389332.867269417,4080904.93,7.026761163850592,alta
55765309000164,FERO TRANSPORTES GERAIS LTDA,SP,H,standard,18,4381812.6695738565,3866120.46,11.768924152205006,alta
09548347000148,CARBONE INDUSTRIA DE VIDROS DE SEGURANCA E ESPELHOS LTDA,SP,C,standard,7,4381300.209101591,3841626.5300000003,12.317660359828524,alta
06288878000150,FUTURA ECOSERVICE LTDA,SP,H,standard,23,4380627.255623022,4940042.81,12.77021581005107,baixa
06986846000129,AGROMAGNY RACOES LTDA,SP,G,standard,9,4380530.217069561,3423669.84,21.84348308661299,alta
21878266000101,LCS CONSTRUTORA E PROJETOS INDUSTRIAIS LTDA,SP,M,standard,16,4380328.566887631,3752712.16,14.32806688594078,baixa
04661052000160,GLOBAL SERVICE CONTROLE TERMICO E MANUTENCAO REFRATARIA LTDA.,SP,C,family_mature_sweet_spot,25,4375819.795715191,3323275.25,24.053653826097783,alta
15204208000108,TRANSPORTADORA PERECIN LTDA,SP,H,standard,19,4364617.1604992775,4080904.93,6.500277574558748,alta
59334482000169,CORTI - INDUSTRIA MECANICA LTDA,SP,C,standard,8,4364098.558128937,5273978.8,20.849213869751935,alta
18011639000138,R. A. TRANSPORTES LTDA,RJ,H,standard,20,4362419.06842452,4295689.4,1.5296482840796635,alta
08835989000165,RESILOG TRANSPORTE E LOGISTICA LTDA,RJ,H,family_mature_sweet_spot,20,4362419.06842452,4295689.4,1.5296482840796635,alta
05814781000171,REINA INDUSTRIA E COMERCIO DE PAES LTDA,SP,C,standard,13,4358762.105796524,3269340.75,24.993824607857153,alta
01309669000122,CONFIANCE DO VALE COMERCIO DE VEICULOS LTDA,SP,G,standard,5,4356082.070618765,3578407.6,17.85261292169134,alta
04059452000108,CALCADOS SAMES INDUSTRIA E COMERCIO LTDA,SP,C,family_mature_sweet_spot,39,4352633.432712743,5413298.279999999,24.36834766088275,alta
23108158000266,ELSA TECNOLOGIA DE PROTECAO ELETRICA LTDA.,SP,C,standard,14,4352479.278225519,4062794.3999999994,6.655629118666873,baixa
18084407000100,AMERILUB CENTRO AUTOMOTIVO LTDA,SP,G,standard,5,4351963.411723105,3578407.6,17.774869375954278,alta
22074217000189,PROCICS SOLUCOES EM SISTEMAS LTDA,SP,J,partnership_heavy_services,12,4351067.2991173575,5083455.72,16.832385493812335,baixa
72731094000180,ADAL-TECNO INDUSTRIA DE EQUIPAMENTOS DE PINTURA LTDA,SP,C,standard,5,4347021.845890737,3682327.4,15.290800678148797,alta
15841472000144,C R RIBEIRO SERVICOS DE TOPOGRAFIA LTDA,SP,M,standard,16,4341062.926628803,3752712.16,13.553149921411208,baixa
05243727000113,ARAUJO SOARES ENGENHARIA LTDA,SP,M,partnership_heavy_services,16,4339515.654088024,3752712.16,13.522326933772618,baixa
19236339000110,PATRICIA ALBERTINA MARQUES LTDA,SP,H,standard,22,4329659.418875025,4725258.34,9.136952421716432,alta
20328452000104,FABRIPET INDUSTRIA E COMERCIO LTDA,SP,C,standard,8,4329650.496531043,4118514.08,4.876523329081818,alta
04773163000168,PERUS PETRO TRANSPORTES LTDA,SP,H,standard,18,4326663.486701445,3866120.46,10.64429965762262,baixa
03617317000160,CSW INDUSTRIA E COMERCIO DE ARTEFATOS PLASTICOS LTDA,SP,C,standard,12,4322757.504662649,4595273.88,6.304225371037058,alta
73749335000180,YRUAMA RIO TRANSPORTES FRETAMENTO E TURISMO LTDA,RJ,H,standard,20,4317041.81069641,4295689.4,0.49460745651117854,alta
16632078000169,PREVENT SAFETY MEDICINA MEIO AMBIENTE LTDA,SP,M,partnership_heavy_services,16,4314985.714524795,3752712.16,13.030716477973733,baixa
30068239000164,ATIBAIA MOTOS LTDA,SP,G,standard,5,4312787.97463899,3578407.6,17.0279730642326,alta
05644964000196,ZENALETI INDUSTRIA E COMERCIO TEXTIL LTDA,SP,C,standard,18,4312526.649087683,4785352.2,10.96400299375178,alta
16525926000130,3 D TRANSPORTES MACAE LTDA,RJ,H,standard,17,4311907.461645931,3651335.99,15.319704272915427,alta
64716137000120,BM SANTOS REPAROS DE CONTAINERS LTDA,SP,C,standard,30,4309633.24006944,4072168.5000000005,5.510091621291026,alta
05699827000159,BOMAR TRANSPORTES E LOCACAO LTDA,SP,H,standard,16,4302877.3475213945,3436551.52,20.133639831040686,alta
32773158000190,SOBRINHO OLIVEIRA TRANSPORTES LTDA,RJ,H,standard,20,4302518.800421907,4295689.4,0.15873028657623922,alta
29307998000153,PADARIA E CONFEITARIA VILA RICA LTDA,RJ,G,standard,9,4299759.66452886,3423669.84,20.37532078260603,alta
35010507000100,PIER 86 - INDUSTRIA E COMERCIO DE PRODUTOS AUTOMOTIVOS LTDA,SP,G,standard,5,4297514.222744187,3578407.6,16.73308302130528,alta
31655896000170,CASSEL FRUTAS DE ITABORAI LTDA,RJ,G,standard,9,4291696.9127307655,3423669.84,20.225730995958155,alta
02817249000110,TRANSPORTADORA LEANDRINI LTDA,SP,H,standard,16,4289579.072216591,3436551.52,19.886043312305667,alta
12768590000186,WTXLOG TRANSPORTES LTDA,RJ,H,standard,23,4288551.911399983,4940042.81,15.191395885128504,alta
41643332000171,DOCE CANELA BOLERIA LTDA,RJ,G,standard,9,4287842.871238283,3423669.84,20.15402749561854,alta
09530639000153,SELFDECOR REVESTIMENTOS INDUSTRIA E COMERCIO LTDA,SP,C,standard,10,4285313.116632638,5162595.0,20.471826900171138,alta
13279531000107,PROTECNICA INDUSTRIA E COMERCIO DE PRODUTOS TECNICOS PARA CONSTRUCAO LTDA,SP,C,standard,10,4285313.116632638,5162595.0,20.471826900171138,alta
50416720000100,MILLENNIUM INDUSTRIA E COMERCIO DE INSTRUMENTAL ODONTOLOGICO LTDA,SP,C,standard,10,4281772.291546163,3924769.6,8.337731837141861,alta
49700772000125,"QUANTICO COMPANY INDUSTRIA, IMPORTACAO, EXPORTACAO, DISTRIBUICAO E COMERCIO LTDA",SP,C,standard,10,4281772.291546163,3924769.6,8.337731837141861,alta
45674231000119,MECASPE METALURGICA E CALDEIRARIA SAO PEDRO LTDA,SP,C,standard,11,4280438.835150434,4361324.220000001,1.889651691442153,alta
37676010000151,TRANSAZEVEDO TRANSPORTES DE CARGAS LTDA,RJ,H,standard,20,4271207.29666744,4295689.4,0.5731893029790989,alta
68662071000193,CRM TRANSPORTES LTDA,RJ,H,standard,20,4271207.29666744,4295689.4,0.5731893029790989,alta
45831267000169,STAL INSTALACOES COMERCIAIS LTDA,RJ,C,standard,7,4270754.7358789975,3521493.92,17.543990751432986,alta
30457311000145,NATEC EQUIPAMENTOS LTDA.,RJ,C,standard,7,4270754.7358789975,3521493.92,17.543990751432986,alta
13326658000130,TECD SISTEMAS LTDA,SP,J,standard,10,4268282.286716191,4236213.1,0.7513370616558714,baixa
50251583000100,HLP BACH TERESOPOLIS LTDA,RJ,G,standard,9,4263872.271776278,3423669.84,19.70515011291038,alta
13083768000118,POWER PLASTICOS INDUSTRIA E COMERCIO LTDA,SP,C,standard,9,4261477.133047806,4633328.34,8.725875919138065,alta
08597231000136,DARCI ANTONIO GENARI TRANSPORTES PONTAL LTDA,SP,H,standard,15,4250897.453862612,3221767.05,24.209720771492258,alta
13689189000113,"B&B TRANSPORTES, LOGISTICA E EMPREENDIMENTOS LTDA",SP,H,standard,16,4248737.561433448,3436551.52,19.115938080191313,alta
05051698000198,ALUGAVEL LOCACAO DE VEICULOS LTDA,SP,H,standard,19,4246532.08496464,4080904.93,3.900292088950964,alta
09177010000171,JCS TRANSPORTES E SERVICOS LTDA,SP,H,standard,17,4245968.105941209,3651335.99,14.004629830100807,alta
61891396000107,EXPOL IMPORTACAO E EXPORTACAO LTDA,SP,C,standard,11,4237710.556419432,4422029.59,4.349495585566947,baixa
33408055000194,TRANSPORTES SANTA MARIA LTDA,RJ,H,standard,16,4237055.237563016,3436551.52,18.892926164055236,alta
40969411000104,MB FORMAS LTDA,SP,C,standard,19,4228791.256465894,4693915.23,10.998981631522335,alta
00768099000176,WELDING ALLOYS BRASIL LTDA,SP,C,standard,19,4225114.26952809,4652583.39,10.117338684893234,alta
08195500000138,R.C.A. INFORMATICA COMERCIO E SERVICOS LTDA,RJ,G,standard,9,4220732.486433152,3423669.84,18.88446256651372,baixa
25174688000157,GOLDEN MOTO PARTS PECAS E ACESSORIOS LTDA,SP,G,standard,5,4217786.027041106,3578407.6,15.159100602589062,alta
08110043000131,NOTLED LOGISTICA E TRANSPORTES LTDA,SP,H,standard,19,4216584.554067682,4080904.93,3.2177612550611157,alta
02900453000108,BELENTANI & BELENTANI TAQUARITINGA LTDA,SP,C,standard,9,4216501.499903448,4471077.24,6.037605823272724,alta
09086486000105,R.A.CAMARGO & CIA.LTDA,SP,C,standard,10,4213523.169718208,4708439.8,11.745909784919755,alta
08371324000148,GAPIZA COMERCIO DE MANGUEIRAS E CONEXOES LTDA,SP,C,standard,11,4204008.944323541,4696519.5200000005,11.715259938765636,alta
03068759000102,K - RUBBER INDUSTRIAL LTDA,SP,C,standard,11,4204008.944323541,4696519.5200000005,11.715259938765636,alta
23506240000168,G.M. SOLUCOES EM MANUTENCAO LTDA,RJ,C,family_mature_sweet_spot,34,4199163.330590037,4519654.34,7.632258718665512,alta
45989987000157,ROYALE MOTORS COMERCIO DE VEICULOS LTDA,RJ,G,standard,5,4195181.624061985,3578407.6,14.701962378086348,alta
15322652000110,RESENDE ALUGUEL DE EQUIPAMENTOS E MAQUINAS LTDA,RJ,N,standard,9,4188201.916630977,3412668.87,18.51708828916304,alta
22520690000142,TRANSFRIO ARMAZENAMENTO LOGISTICA E TRANSPORTE LTDA,SP,H,standard,16,4187551.556844113,3436551.52,17.934108431851598,alta
32599342000166,D F FERNANDES CONFECCOES LTDA,RJ,C,family_mature_sweet_spot,39,4187521.904049229,4840950.66,15.604187176165505,alta
01129943000181,BRUNO NICOLETTI TECIDOS LTDA,SP,C,family_mature_sweet_spot,23,4185093.8081888924,4608029.3,10.10575894340905,alta
09269554000163,VILA NOGUEIRA MULTIMARCAS LTDA,SP,G,standard,5,4184690.569519859,3578407.6,14.48811947855495,baixa
31454655000163,PANIFICADORA LUSO BRASILEIRA LTDA,RJ,G,standard,9,4183108.6956521743,3423669.84,18.15489175410425,alta
08927398000118,DKS - COMERCIO E INDUSTRIA DE ARTEFATOS METALICOS LTDA,SP,C,standard,24,4178939.976947339,4936765.199999999,18.134388797951626,alta
04835749000100,R3F USINAGEM INDUSTRIAL LTDA.,SP,C,standard,20,4176541.0079895905,4897456.2,17.261058627972808,alta
40188517000170,SODRE SL LABORATORIO DE ANALISES DE ALIMENTOS E AMBIENTAIS LTDA,SP,M,partnership_heavy_services,15,4171239.818337003,3518167.6500000004,15.656548095510134,baixa
08208859000100,UNICAR B.M.VEICULOS LTDA,RJ,G,standard,6,4168507.4126044777,4294089.12,3.0126300607214014,alta
59307991000100,INDUSTRIA E COMERCIO DE POLIDORES PEROLA LTDA,SP,C,standard,7,4164770.1976347924,4795427.07,15.142657156050607,baixa
39971611000112,LEGACY TECNOLOGIA DA INFORMACAO E COMUNICACAO LTDA,SP,J,partnership_heavy_services,8,4161994.001753333,3388970.48,18.573393460626797,baixa
20347684000100,RW LOG TRANSPORTES NACIONAIS LTDA,SP,H,standard,16,4157602.143429883,3436551.52,17.34294428747432,alta
02983455000108,CRISTOVAO TADEU DE AZEVEDO AUTO PECAS LTDA,RJ,G,standard,5,4156921.9975314774,3578407.6,13.91689326561862,alta
39317648000121,RAPIDO XAVIER TRANSPORTES LTDA,SP,H,standard,17,4156611.3552410034,3651335.99,12.155944399370169,alta
39317648000121,RAPIDO XAVIER TRANSPORTES LTDA,SP,H,standard,17,4156611.3552410034,3651335.99,12.155944399370169,alta
08935675000134,MODA PRESTACAO DE SERVICOS EM EQUIPAMENTOS INDUSTRIAIS LTDA,SP,C,family_mature_sweet_spot,28,4153313.915026286,3722068.2800000003,10.383169773565179,baixa
52611006000107,MRS COMERCIO ALIMENTICIO LTDA,SP,C,standard,6,4152950.20854275,4080021.18,1.756077604608231,alta
55850473000170,FREI-HALL INDUSTRIA METALURGICA LTDA,SP,C,standard,11,4152754.29242643,4361324.220000001,5.022448064263015,alta
48154470000136,UINCO FLEX INDUSTRIA E COMERCIO LTDA,SP,C,standard,11,4152754.29242643,4361324.220000001,5.022448064263015,alta
04708807000134,3GSM CONSULTING LTDA.,RJ,J,partnership_heavy_services,6,4149344.870784849,4200944.88,1.2435700290535459,baixa
30745534000108,BSS PLANEJAMENTO DE SEGURANCA LTDA,RJ,N,standard,40,4148989.403046076,3385204.4,18.408940800989416,alta
10251322000167,TORATA INDUSTRIA E SERVICOS DE CROMAGEM LTDA,SP,C,standard,15,4144204.8246256127,3673092.15,11.367987214970078,baixa
14516006000120,VECTOR MOVEIS CORPORATIVOS LTDA,SP,C,standard,14,4141020.134191017,4657668.96,12.476365945270016,alta
40632024000188,"RIVAS, LOGISTICA E TRANSPORTADORA LTDA",SP,H,standard,15,4140852.1345386337,3221767.05,22.195554312905617,alta
37802478000145,ERIKO DOS SANTOS LOCACAO E TRANSPORTES LTDA,SP,H,standard,15,4140852.1345386337,3221767.05,22.195554312905617,alta
74522061000155,LC DO BRASIL TRANSPORTES LTDA,SP,H,standard,15,4140852.1345386337,3221767.05,22.195554312905617,alta
10920701000100,LSP LOGISTICA SAO PAULO LTDA,SP,H,standard,15,4140852.1345386337,3221767.05,22.195554312905617,alta
50220915000180,INOVA INDUSTRIA E COMERCIO DE MOVEIS LTDA,SP,C,standard,20,4139772.6467726184,4993932.0,20.633001522276526,alta
20001760000120,ITAIPU ALUGUEL DE EQUIPAMENTOS LTDA,RJ,N,standard,10,4129538.991538616,3791854.3,8.177297568337014,alta
41053586000130,BATU RAMOS LTDA,RJ,C,standard,25,4122619.4748927187,4888322.75,18.573222189690618,alta
02101029000195,M & F FERRAMENTARIA E ESTAMPARIA LTDA,SP,C,standard,6,4121380.3784767226,3624115.1399999997,12.065502157326085,alta
27903716000155,UTILOG TRANSPORTES LTDA,RJ,H,standard,23,4117856.7105212654,4940042.81,19.96636010616932,alta
08139984000106,RAPIDO LUXO RIO CLARO LOCADORA DE VEICULOS LTDA,SP,H,standard,21,4117489.5578551274,4510473.87,9.544269794082615,baixa
05117165000161,CLASSE A TRANSPORTES EXECUTIVOS E SERVICOS LTDA,SP,N,standard,10,4113999.366864676,3791854.3,7.830459806564982,baixa
12271778000114,IDEAL MOTORES LTDA,RJ,C,standard,7,4108113.8215668267,4945614.73,20.386506918003374,alta
47035050000178,EMPRESA PIONEIRA DE RADIO LTDA.,SP,J,partnership_heavy_services,9,4104602.0612763567,4140495.81,0.8744757271910042,baixa
02435682000190,WORLD STREET COMERCIO E REPRESENTACOES LTDA,RJ,J,partnership_heavy_services,8,4098919.302371472,3388970.48,17.32039032729246,baixa
28253060000135,INVESTPAR CONSULTORIA E SERVICOS DE INFORMATICA LTDA,RJ,J,partnership_heavy_services,8,4098919.302371472,3388970.48,17.32039032729246,baixa
69170066000126,KILL CONFECCOES LTDA,SP,C,family_mature_sweet_spot,26,4098803.8864508104,5083855.66,24.03266418296862,alta
19758738000140,STILL SAT RASTREAMENTO E SISTEMAS DE SEGURANCA LTDA,RJ,N,family_mature_sweet_spot,38,4093644.1668670564,3215944.18,21.44055396829414,alta
02843069000102,VITAL TECH INDUSTRIA E COMERCIO LTDA,SP,C,standard,12,4092387.7249167194,4715643.12,15.22962722443324,baixa
30078372000100,TRANSPORTES PEIXOTO LTDA,RJ,H,standard,18,4091414.8073599124,3866120.46,5.5065144447010805,alta
07463749000114,WEIDNER DO BRASIL INDUSTRIA DE PRODUTOS PLASTICOS LTDA,RJ,C,standard,12,4087184.6162106423,4595273.88,12.431277554093537,baixa
00280306000149,VIACAO TRANSFLEX LTDA,SP,H,standard,20,4085983.4844540255,4295689.4,5.132324111045595,alta
04220354000100,IVANTUR TRANSPORTES LTDA,SP,H,standard,22,4080866.792097837,4725258.34,15.790555799320824,baixa
50708204000150,SYSTEMS MODULOS DE TRANSPORTE LTDA,SP,C,standard,14,4075114.849734646,4657668.96,14.295403485457289,alta
05419725000132,COMERCIO DE PLASTICOS AMEUROPA LTDA,RJ,C,standard,13,4073546.845237344,4978213.37,22.208325057568988,alta
33099745000109,RPS SPOOL SERVICE - FABRICACAO E REFORMA INDUSTRIAL LTDA,SP,C,standard,19,4072258.1415082105,4652583.39,14.250698956841145,alta
51085884000165,SAMEKA MODAS LTDA,SP,C,standard,25,4071247.220289443,3596062.9999999995,11.67171126138738,alta
02270984000156,A C N TRANSPORTES TURISTICOS LTDA,SP,H,family_mature_sweet_spot,21,4063565.5520396824,4510473.87,10.997935488846606,baixa
37450441000103,SHEKINAH INDUSTRIA E COMERCIO DE CALCADOS LTDA,SP,C,standard,45,4063429.0334860543,3611133.45,11.130884279232149,alta
25257677000130,SIMPLESMENTE PAO LTDA,RJ,G,standard,9,4062942.6562368697,3423669.84,15.734231819775903,alta
02312273000105,TROPICOS DISTRIBUIDORA DE ALIMENTOS LTDA,RJ,H,standard,19,4057646.931834068,4080904.93,0.5731893029790873,alta
30697666000101,MARIC BOLSAS E ACESSORIOS LTDA.,SP,C,standard,29,4053424.478784507,4025273.0799999996,0.6945090239586562,alta
08466354000138,ESCRITURAR CONTABILIDADE LTDA,RJ,M,standard,16,4052526.1471853782,3752712.16,7.398199944832175,baixa
12471811000150,ESPLENDOR TRANSPORTES E LOGISTICA LTDA,SP,H,standard,19,4050482.5516447863,4080904.93,0.751080345793867,alta
06018138000102,MANOEL CERVELIN & CIA LTDA,SP,H,standard,19,4050482.5516447863,4080904.93,0.751080345793867,alta
39609873000131,HOSPITAL VETERINARIO DA POMPEIA LTDA.,SP,M,standard,14,4049879.8214381104,3283623.14,18.920479501192037,baixa
04399543000184,CJT REFRIGERACAO INDUSTRIA E COMERCIO LTDA,SP,C,standard,9,4045247.4658583184,4800352.2299999995,18.66646652682504,alta
31104928000140,JORMANIA ROUPAS LTDA,RJ,G,standard,9,4042593.611248151,3423669.84,15.310066525758407,alta
03633601000120,DINIZ SAMPAIO MATERIAL DE CONSTRUCAO LTDA,RJ,G,standard,8,4037364.4853303926,3043262.08,24.622557833022636,alta
61333944000175,INDUSTRIA DE FITAS BERA LTDA,SP,C,family_mature_sweet_spot,20,4036430.266008792,4006982.0,0.7295621147422998,alta
07000430000152,QUALIFERR QUALIDADE EM FERRAMENTAS LTDA,SP,C,standard,19,4035667.1480258848,4652583.39,15.286598704650109,alta
27499917000139,ORTHOTRAUMA INDUSTRIA COMERCIO IMPORTACAO E EXPORTACAO LTDA,SP,C,standard,11,4031506.5274920575,4317246.5600000005,7.087673815220083,alta
66826918000100,SALES INDUSTRIA E COMERCIO DE MAQUINAS LTDA,SP,C,standard,9,4027512.0572672863,4275618.4799999995,6.160290005464471,alta
14168269000196,ELEMAG EQUIPAMENTOS ELETRICOS E SERVICOS LTDA,SP,C,standard,5,4023507.6891289894,3532581.95,12.20143658369061,alta
55293204000150,3R LOCACOES E MONTAGENS LTDA,SP,C,recent_startup,31,4022425.1882311124,3877284.39,3.6082908056504817,baixa
01125619000195,TOM PASTEL CONFECCOES LTDA,SP,C,family_mature_sweet_spot,24,4021196.918175707,4692789.84,16.70131892294829,alta
32947353000190,BLOCK TRANSPORTES E LOGISTICA LTDA,SP,H,standard,19,4020108.182358945,4080904.93,1.5123162085001574,alta
30734951000155,DELICIA DE SONO COMERCIO DE COLCHOES LTDA,RJ,G,standard,10,4013713.862851505,3804077.6,5.22299969591183,baixa
10273166000135,PIRES SUPERMERCADO DE CAJOBI LTDA,SP,G,standard,8,4012388.532587842,3043262.08,24.153355157826436,baixa
11011258000100,JOY'S INDUSTRIA E COMERCIO DE CALCADOS LTDA,SP,C,standard,27,4010820.656225237,4986730.9799999995,24.331936215099564,alta
23414581000103,QUALICONSUL QUALIDADE & CONSULTORIA EM MONTAGENS INDUSTRIAIS LTDA,RJ,C,family_mature_sweet_spot,31,4007990.368682746,3877284.39,3.2611350492267563,baixa
59233700000179,VIACAO ARAUJO LTDA,SP,H,standard,19,4005703.666011004,4080904.93,1.8773546487497412,baixa
08756450000110,XBRASIX COMERCIO DE ALIMENTOS LTDA,RJ,C,standard,19,4002959.5942981504,4778267.25,19.368360770021372,alta
08775921000138,TRANSGENIVAS TRANSPORTES LTDA,SP,H,standard,17,4002661.8594716145,3651335.99,8.777305748180094,alta
54238071000156,TR BELON TRANSPORTES LTDA,SP,H,recent_startup,15,3999138.192111871,3221767.05,19.438466608760923,baixa
35322681000199,MEU PUXADOR COMERCIO DE ACESSORIOS PARA MOVEIS LTDA,SP,G,standard,8,3996487.2224963005,3043262.08,23.85157488132524,baixa
26428000000180,BALCAO CAXIAS COMERCIO DE BEBIDAS LTDA,RJ,G,standard,8,3993390.3215679256,3043262.08,23.79252126786536,alta
03701238000132,INFRAFORT TUBOS E CONEXOES DE PVC LTDA,SP,C,standard,13,3989117.016153823,4978213.37,24.794869386905866,alta
08332794000100,IMPERIUM LOGISTICA LTDA,SP,H,standard,18,3987880.0610490185,3866120.46,3.0532413007674433,alta
00969061000161,CARBOGEL INDUSTRIA E COMERCIO LTDA,SP,C,standard,11,3987637.109915413,4317246.5600000005,8.265783495318594,alta
24843289000179,P2 TECHNOLOGY INFORMATICA LTDA.,SP,J,partnership_heavy_services,8,3985862.847123809,3388970.48,14.975235978190407,baixa
14090647000166,JOSE MARIA E FILHO OFICINA MECANICA DIESEL LTDA,RJ,G,standard,5,3985762.2323226156,3578407.6,10.220244173602861,alta
13689189000113,"B&B TRANSPORTES, LOGISTICA E EMPREENDIMENTOS LTDA",SP,H,standard,15,3983191.4638438574,3221767.05,19.11593808019131,alta
05072682000161,USIDUR INDUSTRIA E COMERCIO LTDA,SP,C,standard,6,3981512.7288951124,4239098.34,6.469541318692923,alta
16825289000118,BARBARA TRANSPORTES E SERVICOS LTDA,SP,H,standard,17,3978274.8302640812,3651335.99,8.218105943233152,alta
39938146000118,NOBRE MULTIMARCAS LTDA,SP,G,standard,5,3977274.1138429623,3578407.6,10.028640280404645,baixa
21812035000103,INDI EMPILHADEIRAS LTDA,SP,C,family_mature_sweet_spot,22,3976672.66661673,4883817.4,22.811652087901173,alta
52368860000186,SANTA CATARINA EMBALAGENS DE MADEIRA LTDA,SP,C,standard,16,3971769.1954449103,4742373.44,19.402039913066208,alta
44118068000145,G.A.D.U AUTOMOVEIS LTDA,RJ,G,standard,5,3970013.6507839663,3578407.6,9.864098344010355,baixa
51820469000108,RAVEN ELETRONICA LTDA,SP,C,standard,8,3968122.7514656237,4278565.36,7.823412428955602,alta
20783921000185,SERLIDER TRANSPORTES E LOGISTICA LTDA,SP,H,standard,14,3967504.2902717725,3006982.58,24.209720771492275,alta
61684536000168,CARUSI TRANSPORTES TURISTICOS LTDA,SP,H,standard,16,3965665.0254731164,3436551.52,13.342365078099139,baixa
55317846000141,KARONY PAINEIS LTDA,SP,M,partnership_heavy_services,13,3964259.48725514,3049078.63,23.085795977720245,baixa
56698152000164,KROW INDUSTRIA E COMERCIO LTDA,SP,C,standard,11,3962527.712607429,4212334.39,6.304225371037028,alta
26887298000197,NAKED NUTS INDUSTRIA & COMERCIO LTDA,SP,C,standard,11,3961800.166246887,4360064.0600000005,10.052599248851037,alta
18582153000150,A.R.INJETADOS LTDA,SP,C,family_mature_sweet_spot,30,3960394.09790862,4782871.2,20.7675570096852,alta
12350368000169,DONATO TRANSPORTES DE CARGAS LTDA,SP,H,standard,17,3958687.346645027,3651335.99,7.7639714817464895,alta
05805667000185,TRANSPORTADORA CONTELLI & CONTELLI LTDA,SP,H,standard,18,3954064.157948775,3866120.46,2.2241343194187637,alta
11011752000174,TRIMAQ SERVICOS DE USINAGEM LTDA,SP,C,standard,17,3946094.6761434884,4162837.77,5.492597406921171,alta
28895401000176,LB LOG TRANSPORTES E LOGISTICA LTDA,SP,H,standard,14,3946000.4771541758,3006982.58,23.796700040730556,alta
00775265000161,ACOUGUE E AVIARIO LARGO DE SAO JORGE LTDA,RJ,G,standard,8,3943769.13378788,3043262.08,22.833665542763864,alta
21889329000125,GRUPO BELOV - SERVICO PATRIMONIAL LTDA,SP,N,family_mature_sweet_spot,35,3938868.6686318177,2962053.85,24.799375171122886,alta
35073833000167,TRIUNTEC INDUSTRIA DE BALANCAS ELETRONICAS LTDA,SP,C,standard,8,3935807.8348810254,4024564.48,2.255106164797236,alta
11471595000180,WALSANT INDUSTRIA E COMERCIO LTDA,SP,C,standard,8,3935807.8348810254,4024564.48,2.255106164797236,alta
43134047000150,BC7 INVESTIMENTOS LTDA,SP,J,standard,16,3927849.1994430902,3020596.8,23.097943769626518,baixa
55243406000197,TERMOGAL TRATAMENTO DE SUPERFICIES LTDA,SP,C,standard,19,3927207.114615309,4652583.39,18.470537820253085,alta
05818639000100,N. U. TRANSPORTES LTDA,SP,H,family_mature_sweet_spot,21,3926463.52518601,4510473.87,14.87369845836842,baixa
72109382000105,RIRROFER MATERIAIS DE CONSTRUCAO LTDA,RJ,G,standard,9,3926256.624281871,3423669.84,12.800660587839097,alta
17245072000100,J.S TRANSPORTE E SERVICO LTDA,RJ,H,standard,18,3926177.161582069,3866120.46,1.5296482840796963,alta
29849395000183,RIMIL MATERIAIS DE CONSTRUCAO LTDA,RJ,G,standard,8,3921987.3680620273,3043262.08,22.405102454377154,alta
13384597000167,COUTI TRANSPORTADORA LTDA,RJ,H,standard,14,3918066.731844222,3006982.58,23.253410781377312,alta
10416885000168,DA CRUZ ALUGUEL DE MAQUINAS LTDA,RJ,N,standard,8,3918028.1559002637,3033483.44,22.576272571400594,alta
42621522000150,RIO'S ALIMENTACAO EM GERAIS LTDA,RJ,G,standard,8,3916663.7066271994,3043262.08,22.299632852045946,alta
19371091000108,MARCELA GARCIA & DIDONI LTDA,SP,H,family_mature_sweet_spot,21,3915678.05524673,4510473.87,15.190110278762223,alta
05511905000140,POTENCIAL EXPRESS TRANSPORTES LTDA,SP,H,standard,16,3912104.8049327093,3436551.52,12.155944399370178,alta
10437649000128,REXMON TRANSPORTES E LOGISTICA DE CARGAS LTDA,SP,H,standard,16,3912104.8049327093,3436551.52,12.155944399370178,alta
03431790000158,RAQUEL NOGUEIRA SOROCABA LTDA,SP,C,standard,11,3911909.7806103383,4317246.5600000005,10.361608577957064,alta
25170805000104,FLORA PURA ARARUAMA LTDA,RJ,G,standard,8,3911416.8382015205,3043262.08,22.195403714647306,alta
30714951000193,INTCOM TECNOLOGIA LTDA,RJ,J,partnership_heavy_services,5,3910090.965056159,3500787.4,10.467878336182915,baixa
09327623000148,SS TRANSPORTES RIO PRETO LTDA,SP,H,standard,16,3909319.8331412305,3436551.52,12.093364915639302,alta
03013383000120,D.F & B USINAGENS E COMERCIO LTDA,SP,C,standard,7,3907984.7043117145,3295907.86,15.6622118719248,alta
62940572000108,PEJOTEC USINAGEM DE PRECISAO LTDA,SP,C,standard,8,3906396.8789452463,4698870.08,20.2865511521893,alta
10637354000103,DA VINCI ALIMENTOS LTDA,SP,C,standard,8,3906279.9940899583,3513743.76,10.04885043273523,alta
28952063000167,VOLTA REDONDA ALUGUEL DE EQUIPAMENTOS E MAQUINAS LTDA,RJ,N,standard,9,3904776.2455315604,3412668.87,12.602703576029601,alta
42746598000102,M A SERVICE E TRANSPORTE LTDA,SP,H,standard,16,3901262.0403756527,3436551.52,11.911799709073264,alta
10392705000155,"CAVALCATTA TRANSPORTES, TURISMO E LOCADORA DE VEICULOS LTDA EPP",SP,H,standard,16,3900239.8312707,3436551.52,11.888712779994096,alta
71524052000105,PLAYBUS TRANSPORTADORA TURISTICA LTDA,SP,H,standard,16,3900239.8312707,3436551.52,11.888712779994096,alta
55530136000103,VIWA TRANSPORTES E LOCACOES LTDA,SP,H,recent_startup,20,3897346.2144628656,4295689.4,10.220882713958083,baixa
48446665000150,BEM DISTRIBUIDORA DE EMBALAGENS E DESCARTAVEIS LTDA,RJ,G,standard,8,3896306.9670558576,3043262.08,21.893677635477438,baixa
26844771000159,MEGA SV BRASIL TRANSPORTES LTDA.,SP,H,standard,21,3894920.4953130037,4510473.87,15.804003584353762,alta
37610778000122,RENATO QUINTANA VEICULOS LTDA,SP,G,standard,5,3881780.6696676067,3578407.6,7.815306826533922,baixa
39495589000181,ADMINISTRACAO DE CARTAO DE DESCONTO DE ASSIS LTDA,SP,N,standard,22,3879744.7961482713,3052066.82,21.333309782900482,alta
96577085000144,JC CONFECCOES E ESTAMPARIA LTDA,SP,C,standard,24,3878584.663596868,4692789.84,20.99232702189013,alta
58354903000150,VIACAO SANTA RITA DE ITATIBA LTDA,SP,H,standard,15,3877060.381379773,3221767.05,16.9018087653968,alta
03565070000185,ZINCAGEM E FERRAMENTAS TANIZAN LTDA,SP,C,standard,18,3871555.126882494,4407710.58,13.848581139776678,baixa
08096956000140,SOUTEXTIL INDUSTRIA E COMERCIO DE PRODUTOS TEXTEIS LTDA,SP,C,standard,12,3870314.988001013,4144946.4000000004,7.095841368219803,alta
08298040000173,BERGON TEXTIL LTDA,SP,C,standard,12,3870314.988001013,4144946.4000000004,7.095841368219803,alta
21892236000150,PROSPECT CONSULTORIA E VENDA DE PLANOS DE SAUDE LTDA,SP,M,standard,17,3865868.82447472,3987256.67,3.139988733109014,baixa
48650487000184,D'ANGELO STORE MODAS LTDA,RJ,G,standard,8,3865469.8904648577,3043262.08,21.27057857811899,alta
01252809000173,"CACTO 112 CONFECCAO, IMPORTACAO E EXPORTACAO LTDA",RJ,C,family_mature_sweet_spot,36,3865404.83450698,4468569.84,15.604187176165507,alta
23655531000118,TERCEIRIZAR SERVICOS QUALIFICADOS DE LOCACAO E TERCEIRIZACAO DE MAO DE OBRA LTDA,RJ,N,standard,21,3863896.7380790864,2913336.51,24.601077422986517,alta
04009279000125,OZ PLASTICOS LTDA,SP,C,standard,12,3863097.2627240364,4595273.88,18.953098187325324,alta
06145683000151,MONTMAN ANTICORROSIVOS TECNICOS LTDA,SP,C,standard,18,3857928.7656393573,4407710.58,14.250698956841157,alta
64525819000155,LUDILI CONFECCOES LTDA,SP,C,standard,23,3853647.0465850527,4497256.93,16.70131892294828,alta
07054617000139,TURMA LEGAL CONFECCOES LTDA,SP,C,family_mature_sweet_spot,23,3853647.0465850527,4497256.93,16.70131892294828,alta
26664189000100,ARMY FITNESS WEAR CONFECCAO LTDA,SP,C,family_mature_sweet_spot,23,3853647.0465850527,4497256.93,16.70131892294828,alta
08075660000143,B 3 - ENGENHARIA E CONSTRUCAO LTDA,SP,M,partnership_heavy_services,15,3845969.2100188616,3518167.6500000004,8.52324972246082,baixa
72907256000198,REPLAN COMERCIAL E RECUPERADORA DE EMBALAGENS LTDA,SP,C,family_mature_sweet_spot,34,3845188.4692138694,4615124.300000001,20.023357423193904,alta
14514231000128,FOXX LOGISTICS DO BRASIL LTDA,RJ,H,standard,18,3844086.5670006955,3866120.46,0.5731893029790989,alta
00836435000170,METEORA INDUSTRIA E COMERCIO LTDA,SP,C,standard,6,3841937.3658217764,4501701.18,17.17268532401236,alta
27765432000140,"COM BRINDES INDUSTRIA, COMERCIO IMPORTACAO E EXPORTACAO DE ARTEFATOS DE COURO LTDA",SP,C,standard,18,3841171.823934803,3481454.34,9.364785029749518,alta
07576321000188,COMPANHIA BRASILEIRA DE CRIACAO E DESENVOLVIMENTO DE SOFTWARES LTDA,SP,J,partnership_heavy_services,8,3839931.059659484,3388970.48,11.74397593740847,baixa
38351429000104,DF SOLUCOES DIGITAIS LTDA,SP,J,partnership_heavy_services,16,3839260.6481396696,3020596.8,21.323476657839237,baixa
33611059000175,ISIS LOIOLA MELO LTDA,SP,C,standard,46,3838352.814291828,4198147.220000001,9.373666859609791,baixa
09155364000115,BLUETEC EQUIPAMENTOS PARA MINERACAO EXPORTACAO E IMPORTACAO LTDA,SP,C,standard,5,3836635.1100880774,3606048.55,6.010124848249747,alta
40652160000130,BELCHIOR PERSIANAS LTDA,SP,C,standard,16,3833357.0214112736,4253646.4,10.964002993751796,alta
18626706000129,PRODEM CONSTRUCOES E SERVICOS LTDA,SP,M,standard,14,3832787.4960266775,3283623.14,14.328066885940785,baixa
03948621000190,G.V 100 SERVICOS DE MANUTENCAO LTDA,RJ,G,standard,5,3832037.5293061505,3578407.6,6.618670286146024,alta
09569777000146,M2 COMUNICACAO VISUAL LTDA,RJ,G,standard,8,3831987.825374395,3043262.08,20.58267879014815,alta
04585148000196,"ILTAMAR MERCEARIA, FRIOS, PADARIA E DESCARTAVEIS LTDA",RJ,G,standard,8,3831987.825374395,3043262.08,20.58267879014815,alta
29931904000112,PLANSEG EMPREENDIMENTOS LTDA,RJ,N,standard,10,3823048.3603657293,3791854.3,0.8159473128596612,baixa
15780552000137,ECO EMBALAGEM - INDUSTRIA E COMERCIO DE PLASTICOS LTDA,SP,C,standard,9,3819353.0631116475,4633328.34,21.311862596572894,alta
21310522000160,"RDX - LOGISTICA, TRANSPORTE E ARMAZENAGEM LTDA",SP,H,standard,14,3812875.437571661,3006982.58,21.136091927642852,alta
48141775000103,R4A TRANSPORTES LTDA,SP,H,standard,18,3808523.5411821576,3866120.46,1.5123162085001691,alta
51833490000148,ECOTHERRA TRANSPORTES SERVICOS E LOCACOES LTDA,SP,H,standard,18,3808523.5411821576,3866120.46,1.5123162085001691,alta
02413064000140,TRELOG - TRANSPORTES RE LOGISTICA LTDA,SP,H,standard,16,3807224.08772188,3436551.52,9.736032321220119,alta
56555501000199,TECPOLIMER TECNOLOGIA EM POLIMEROS LTDA,SP,C,standard,12,3806540.013856981,4595273.88,20.72049323721238,baixa
13234170000182,MIETEN LOCADORA LTDA,RJ,N,standard,8,3806003.383406409,3033483.44,20.297405587564047,alta
25153124000138,META EQUIPAMENTOS INDUSTRIAIS SOROCABA LTDA,SP,C,standard,19,3805006.5421720645,4217842.3,10.849804152827303,alta
21482563000133,TEC SERVICE LOCADORA DE MAQUINAS E EQUIPAMENTOS LTDA,SP,N,standard,9,3804362.3954861183,3412668.87,10.295904668568461,alta
02040504000160,EUROMETALL - INDUSTRIA DE CABOS E FUNDIDOS LTDA.,SP,C,standard,8,3803308.665690183,4139971.36,8.851837279126617,alta
52267671000117,RADIO TUIUTI LTDA,SP,J,partnership_heavy_services,10,3803261.7718803086,4600550.9,20.96329876671931,baixa
30924847000123,AEK FOTOS E FILMAGENS LTDA,SP,M,standard,19,3801131.517622007,4456345.69,17.23734549410951,baixa
57616658000140,BRUMA COMERCIO DE PNEUS LTDA,SP,C,standard,12,3800909.985864921,4379931.6,15.233762869638667,alta
36226780000130,FABENE CIA DE ALIMENTOS LTDA.,SP,C,standard,8,3798634.537980388,4712918.72,24.068758731017788,alta
14273888000140,C TROIA SERVICOS E EVENTOS LTDA,RJ,M,partnership_heavy_services,15,3797535.4911282724,3518167.6500000004,7.356556424052537,baixa
04716427000141,TELECONTROL NETWORKING LTDA,SP,J,partnership_heavy_services,8,3794365.243899528,3388970.48,10.684126008989518,baixa
28805976000150,GABRIEL G COSTA ALIMENTOS LTDA,RJ,G,standard,8,3788204.1818170752,3043262.08,19.664782204526034,alta
05372556000122,TERMOSOPRO INDUSTRIA E COMERCIO DE EMBALAGENS LTDA,SP,C,standard,8,3787979.6738202726,4118514.08,8.725875919138058,alta
38969507000120,MIL PLAST INDUSTRIA E COMERCIO DE PLASTICOS LTDA,SP,C,standard,8,3787979.6738202726,4118514.08,8.725875919138058,alta
07742432000117,BHERLIM INDUSTRIA E COMERCIO DE EMBALAGEM PLASTICA LTDA,SP,C,standard,8,3787979.6738202726,4118514.08,8.725875919138058,alta
46549751000162,GHL INDUSTRIA E COMERCIO DE DIVISORIAS LTDA,SP,C,standard,21,3785427.8945380286,4319669.55,14.11311139310896,alta
01218845000110,FAST WAY - TECNOLOGIA LTDA.,SP,J,partnership_heavy_services,9,3784614.7088712165,3812591.79,0.739231950433545,baixa
31738736000195,PROVULC INDUSTRIA E COMERCIO DE ARTEFATOS DE BORRACHA LTDA,SP,C,standard,9,3781239.779803579,3842606.88,1.6229359620142487,alta
65829780000122,M TRANSPORTES RIO CLARO LTDA,SP,H,standard,15,3778563.699304572,3221767.05,14.73566925461778,alta
33727274000136,"LBR  IMPORTACAO, EXPORTACAO, COMERCIO E INDUSTRIA  DE AUTO PECAS LTDA",SP,C,standard,6,3777970.227581623,3864192.06,2.282226360305912,alta
01465136000130,SOROCARD INDUSTRIA E COMERCIO LTDA,SP,C,standard,6,3777970.227581623,3864192.06,2.282226360305912,alta
52188513000171,J. J. C. TRANSPORTES DE CARGAS LTDA.,SP,H,standard,14,3777910.763363952,3006982.58,20.406204160245885,alta
25245017000130,"VEGA PRODUCOES, SERVICOS E REPRESENTACOES ARTISTICAS LTDA",RJ,N,family_mature_sweet_spot,27,3773711.5482019247,3745718.37,0.7417943275304804,baixa
03770113000164,SEUNI PRODUCOES EM ARTES GRAFICAS LTDA,RJ,J,partnership_heavy_services,13,3772184.801416443,4207244.859999999,11.533370751618333,baixa
61636221000145,USIMABE USINAGEM E FERRAMENTARIA LTDA,SP,C,standard,15,3771624.476605049,3673092.15,2.6124638658019537,baixa
51219966000155,G & L - SERVICOS DE ALINHAMENTO E BALANCEAMENTO LTDA,SP,G,standard,5,3765794.2076226505,3578407.6,4.976018265771028,baixa
05801395000145,BAZAR LUZ DIVINA DE SAQUAREMA LTDA,RJ,G,standard,8,3765733.5964479526,3043262.08,19.185412296011258,baixa
06124781000102,MAGALHAES LIMEIRA ALUGUEL DE EQUIPAMENTOS LTDA,SP,N,standard,8,3764373.0507811788,3033483.44,19.41597182111123,alta
22436021000197,CSI NTF NAOTECIDOS E FILTROS LTDA,SP,C,standard,18,3763282.4649286973,3606283.8000000003,4.171854395512979,alta
00930432000100,ALLTEC COMERCIO E SERVICOS DE EQUIPAMENTOS ELETRO ELETRONICOS LTDA,SP,C,standard,8,3762993.89673826,4278565.36,13.701097514631485,alta
43441855000160,CLINICA VETERINARIA PET DE TODOS SAO MIGUEL PAULISTA LTDA,SP,M,partnership_heavy_services,13,3760602.6913353885,3049078.63,18.920479501192048,baixa
40155561000184,POWER TECHNOLOGIES COMERCIAL E TECNICA LTDA,RJ,C,standard,14,3757829.7568755248,3449310.34,8.210042413737382,alta
10866703000150,MARCOS ROBERTO GIL TRANSPORTES LTDA,SP,H,standard,15,3757039.2311040275,3221767.05,14.247181042789773,alta
34133258000188,NOCLAF INOVACOES TECNOLOGICAS LTDA,RJ,J,partnership_heavy_services,8,3753719.618820711,3388970.48,9.717005420221094,baixa
04859573000126,FACTUAL PESQUISAS LTDA,SP,M,partnership_heavy_services,16,3742208.895585926,3752712.16,0.2806701792212443,baixa
46155892000109,DINA DISTRIBUIDORA DE BEBIDAS E MERCADO LTDA,RJ,G,standard,8,3740379.096483191,3043262.08,18.637603261622328,baixa
27374330000101,J & ALVES GESTAO E OBRAS LTDA,SP,M,partnership_heavy_services,12,3735251.924185654,2814534.12,24.649416501843728,baixa
53522835000178,MEGAFLON INDUSTRIA E COMERCIO DE PLASTICOS LTDA,SP,C,standard,12,3733908.08390106,4595273.88,23.06874665214079,alta
14008160000191,POTENCIAL FACILITES PROJETOS DE SEGURANCA DO TRABALHO LTDA,SP,M,standard,12,3726992.3376992852,2814534.12,24.482428055179632,baixa
33576324000121,ALI TRANSPORTES EXPRESS LTDA,SP,H,standard,15,3723181.7136735735,3221767.05,13.467370175140871,alta
29131529000126,RF ITAPETININGA ALUGUEL DE EQUIPAMENTOS LTDA,SP,N,standard,9,3718378.2983557098,3412668.87,8.221579511985004,alta
20981234000174,ARAUJO & SPAOLONZI TRANSPORTES LTDA,SP,H,standard,14,3717127.802521447,3006982.58,19.104675982346713,alta
10978561000113,MORAES IMPLEMENTOS RODOVIARIOS LTDA,SP,C,standard,7,3711914.2095131776,3868864.5799999996,4.228286582825044,alta
44755718000163,INDUSTRIA E COMERCIO DE TANQUES MORAES LTDA,SP,C,standard,7,3711914.2095131776,3868864.5799999996,4.228286582825044,alta
17781083000104,ROTHA ALIMENTOS BARRETOS LTDA,SP,C,standard,7,3707169.4663105803,4123803.88,11.238612571549345,alta
12985988000174,LX COMERCIO E SERVICOS INDUSTRIAIS LTDA,RJ,C,family_mature_sweet_spot,33,3706463.844395498,4386723.33,18.3533285137292,alta
01733263000172,NALTEC - FERRAMENTARIA E USINAGEM LTDA,SP,C,standard,13,3698789.292223364,3183346.53,13.935445398500345,alta
10984386000177,SIMAOTUR TRANSPORTE E FRETAMENTO LTDA,SP,H,standard,20,3695932.541379388,4295689.4,16.227483913891255,alta
14893211000105,INTELUP SOFTWARE E SERVICOS LTDA,SP,J,partnership_heavy_services,10,3690505.790615051,4236213.1,14.78678913802767,baixa
03571044000160,MA AUTOMOTIVE BRASIL LTDA.,RJ,C,standard,7,3690409.836300825,4508224.07,22.160526065552986,alta
03571044000160,MA AUTOMOTIVE BRASIL LTDA.,RJ,C,standard,7,3690409.836300825,4508224.07,22.160526065552986,alta
20369309000160,VISUAL SYSTEMS REPRESENTACOES E LOCACOES LTDA,SP,J,partnership_heavy_services,9,3687417.2930329363,3812591.79,3.394638767995431,baixa
14530767000137,TRANSLUZ TRANSPORTES LTDA,SP,H,standard,14,3686476.240927621,3006982.58,18.432064023194165,alta
44785478000140,BARRA MANSA ALUGUEL DE MAQUINAS E EQUIPAMENTOS LTDA,RJ,N,standard,9,3685350.147534074,3412668.87,7.399060241712149,baixa
10542254000195,G M D'AURIOL ADMINISTRADORA LTDA,RJ,N,standard,21,3682431.9262044737,2913336.51,20.88552976992,alta
73152530000129,ORION MONTAGEM INDUSTRIAL E LOCACAO LTDA,SP,C,standard,28,3680725.756419603,3722068.2800000003,1.123216624012029,alta
08170527000176,NARESSI & NARESSI TRANSPORTE LTDA,SP,H,standard,15,3678228.5598221156,3221767.05,12.409819085418414,alta
13835628000159,RAPIDO BRASIL LOCADORA LTDA,SP,H,standard,18,3677385.136008624,3866120.46,5.132324111045555,alta
17211696000106,PLACTEX INDUSTRIA E COMERCIO DE PLASTICOS LTDA.,SP,C,standard,10,3671850.7270060154,3829394.9,4.2905930743661855,alta
53183349000172,MODELACAO VENTORINI LTDA,SP,C,standard,14,3670491.6147374557,3308460.4,9.863289519143919,baixa
13110205000171,GIRASOL TRANSPORTES E SERVICOS LTDA,SP,H,standard,20,3668813.297604455,4295689.4,17.086617702919437,baixa
16938191000177,CENTERLOG EXPRESS TRANSPORTE E LOGISTICA LTDA,SP,H,standard,15,3668439.8991178134,3221767.05,12.176098325209841,alta
21804825000139,TRANSTRADING LOGISTICA LTDA,SP,H,standard,15,3667598.2546244147,3221767.05,12.155944399370178,alta
11028689000189,ROLLOG SOLUCOES EM LOGISTICA LTDA.,SP,H,standard,15,3667598.2546244147,3221767.05,12.155944399370178,alta
23299674000134,DIRECTRANS TRANSPORTES E LOGISTICA LTDA,SP,H,standard,15,3667598.2546244147,3221767.05,12.155944399370178,alta
28249446000173,DRP EXPRESS TRANSPORTES LTDA,SP,H,standard,15,3667598.2546244147,3221767.05,12.155944399370178,alta
58056724000137,CF CONSTRUCAO ARQUITETURA E ENGENHARIA LTDA,SP,M,recent_startup,13,3667198.1791551197,3049078.63,16.855362567220936,baixa
55698682000140,HALLEY TRANSPORTES E TURISMO LTDA,SP,H,standard,17,3664935.116858683,3651335.99,0.3710605078962223,baixa
05641768000168,PUBLICACOES BRASIL CULTURAL LTDA,SP,J,partnership_heavy_services,9,3663689.0840839976,2912707.9799999995,20.49794856628124,baixa
32183776000180,BETHANEA CITROS & PINUS LTDA,SP,N,standard,24,3663524.3144159582,3329527.44,9.116818826660477,baixa
27502127000165,INTEGRAL MONITORAMENTO E INSPECAO LTDA,RJ,C,standard,6,3660646.916467712,3018423.36,17.54399075143298,alta
52522075000136,CALIBRATEC COM E ASS TECN INSTRUMENTOS DE MEDICAO LTDA,SP,C,standard,17,3659300.8426293093,3326239.55,9.101773998718173,alta
05802094000136,TRANSGUIVI TRANSPORTES LTDA,SP,H,standard,14,3658435.662423037,3006982.58,17.80687546631802,alta
11210818000155,LAVA JATO L. LEWIS LTDA,RJ,G,standard,5,3658061.338048917,3578407.6,2.177485030674779,alta
71211650000124,"FAM PROJETOS, CONSULTORIA, IMPORTACAO E EXPORTACAO LTDA",SP,M,partnership_heavy_services,12,3652784.5589463897,2814534.12,22.948258388065863,baixa
10665918000103,PAULISTA INDUSTRIA COMERCIO DE JOIAS LTDA,SP,C,standard,9,3652698.7472544615,4459683.600000001,22.09283898246759,alta
10653316000136,CAT TRANSPORTES E LOGISTICA LTDA,SP,H,standard,16,3652335.4876543977,3436551.52,5.90810916422627,baixa
08996551000169,RVT CONSTRUTORA LTDA,RJ,C,standard,8,3639683.3950155536,3773072.56,3.6648562665400863,alta
59900977000108,TRANS-CORTEZ TRANSPORTES RODOVIARIOS LTDA,SP,H,standard,15,3639096.0424367622,3221767.05,11.467930155460152,alta
14000190000151,MG RODRIGUES TRANSPORTES LTDA,RJ,H,standard,13,3638204.8224267773,2792198.11,23.25341078137731,alta
33764756000166,SOLIVACC INDUSTRIA E COMERCIO DE BOMBAS DE VACUO E SERVICOS DE INSTALACAO E REPARO LTDA,SP,C,standard,10,3638076.4670343995,3678605.1,1.1140126749077857,baixa
55591281000196,BISTRO DONA ROSA LTDA,RJ,I,recent_startup,21,3630063.174907414,2732646.42,24.721794405969337,baixa
46005922000192,RENOVADORA DE PNEUS PRESIDENTE GUARULHOS LTDA,SP,C,standard,11,3624690.4171578973,4014937.3,10.766350720459412,alta
49506610000150,S. T. SERVICOS E TRANSPORTES SALTENSE LTDA,SP,H,standard,17,3624115.9672611253,3651335.99,0.7510803457938472,alta
10500102000120,POLLUS LOGISTICA EM TRANSPORTES LTDA,SP,H,standard,16,3622165.8054526565,3436551.52,5.124400577500911,alta
10367911000105,UNYON EXPRESS TRANSPORTES ESPECIAIS LTDA,SP,H,standard,21,3616347.716582571,4510473.87,24.72456255568182,baixa
58268087000162,CARCHEL ANODIZACAO E COLORACAO LTDA,SP,C,standard,16,3616175.0752959577,3917964.96,8.345555135472607,alta
67323642000100,PLASUNIT-INDUSTRIA E COMERCIO DE PLASTICOS LTDA,SP,C,standard,11,3614508.081646927,4212334.39,16.539631254073083,alta
20428743000174,H. CALIL COMERCIAL LTDA,SP,N,standard,21,3606214.13304069,2913336.51,19.213435405636023,baixa
21736215000145,PLACITELI E MACHADO INDUSTRIA DE MASSAS ALIMENTICIAS LTDA,SP,C,standard,14,3603431.7723435727,3520828.5,2.2923501140650098,alta
08355135000181,DUMAVAN TRANSPORTES LIMITADA,SP,H,standard,17,3602903.766968885,3651335.99,1.3442552497554265,alta
16850978000182,TRANSJALEO TRANSPORTES LTDA,RJ,H,standard,18,3595915.918202779,3866120.46,7.514206336956512,alta
08783233000110,THEODOR EQUIPAMENTOS INDUSTRIAIS LTDA,SP,C,standard,15,3593604.8204910266,3673092.15,2.2119106991322495,alta
08270870000192,LLP TRANSPORTES E LOGISTICAS LTDA,SP,H,standard,13,3588738.51660015,2792198.11,22.19555431290563,alta
29996304000132,BASILICATA TRANSPORTES LTDA,SP,H,standard,13,3588738.51660015,2792198.11,22.19555431290563,alta
13568998000177,FOCAR TRANSPORTE E SERVICOS LTDA,SP,H,standard,13,3588738.51660015,2792198.11,22.19555431290563,alta
52234956000151,DMSC LOGISTICA E TRANSPORTES LTDA,SP,H,standard,13,3588738.51660015,2792198.11,22.19555431290563,alta
12855910000135,M. S. FELINTO TRANSPORTE E LOJISTICA LTDA,SP,H,standard,13,3588738.51660015,2792198.11,22.19555431290563,alta
51599467000130,24K TRANSPORTES LTDA,SP,H,standard,13,3588738.51660015,2792198.11,22.19555431290563,alta
04110195000183,TRANSPORTADORA RAMOS MACHADO LTDA,SP,H,standard,13,3588738.51660015,2792198.11,22.19555431290563,alta
13557873000141,R.E. VEICULOS ITARARE LTDA,SP,G,standard,5,3583959.076676618,3578407.6,0.15489788130520724,alta
10781429000117,TRANS-SOUZACRUZ TRANSPORTADORA LTDA,SP,H,standard,18,3578658.0928760804,3866120.46,8.032685986296418,alta
07146781000176,COURIER QUIMICA LTDA,SP,H,standard,14,3571472.8936504363,3006982.58,15.80553263204149,alta
06167354000101,MTX UNIFORMES LTDA,SP,C,family_mature_sweet_spot,23,3565051.112726807,4182625.9,17.32302757367277,baixa
40792540000170,RECAP TATUI REFORMADORA DE PNEUS LTDA.,SP,C,standard,11,3564702.8325476064,4014937.3,12.630350651995915,alta
60578283000185,J MAR COMERCIO E INDUSTRIA DE ESQUADRIAS METALICAS LTDA,SP,C,standard,20,3564655.962223881,4113971.0,15.4100435945975,alta
03371175000101,SOLLAR LOCACAO DE EQUIPAMENTOS E COMERCIO DE MAQUINAS LTDA,SP,N,standard,8,3559588.08960727,3033483.44,14.77993060891816,baixa
03249379000166,FMS-SERVICOS LTDA.,SP,M,partnership_heavy_services,13,3556550.920119167,3049078.63,14.268663700227957,baixa
20456527000132,KBLO REPARACAO DE MOVEIS LTDA.,SP,N,standard,8,3552714.900766764,3033483.44,14.615061305783387,alta
45806769000130,M G REIS COMERCIO E SERVICOS LTDA,RJ,G,standard,7,3547670.2252748525,2662854.3200000003,24.940759684231978,alta
01940863000101,FREMITEC USINAGEM TECNICA DE PRECISAO LTDA,SP,C,standard,16,3547059.816284572,3917964.96,10.456692667335368,alta
16851174000106,TOFEC EMPREENDIMENTOS IMOBILIARIOS LTDA.,RJ,N,standard,9,3545572.825193465,3412668.87,3.748448043405036,alta
09308542000109,BURAN E GOVEIA TRANSPORTES RODOVIARIOS DE CARGAS LTDA,SP,H,standard,13,3540527.192030829,2792198.11,21.136091927642877,alta
03035109000152,SOLDAINOX INDUSTRIA E COMERCIO IMPORTACAO E EXPORTACAO LTDA,SP,C,standard,7,3533931.1742443508,4111511.3200000003,16.34384251637701,alta
24223202000160,D BRAGA'S IT SERVICE LTDA.,RJ,M,partnership_heavy_services,12,3529667.8459521458,2814534.12,20.260652196275842,baixa
96380134000154,HATTEN INDUSTRIA E COMERCIO LTDA,SP,C,standard,16,3523231.0618212763,3995145.6,13.394368121140921,alta
48381842000248,SADEK TEXTIL LTDA,SP,C,standard,13,3519843.6618597247,3825364.1400000006,8.679944551254668,alta
35050724000124,H A S QUEIROZ LTDA,RJ,G,standard,8,3515903.897385299,3043262.08,13.44296747521434,baixa
03594458000104,RUDINEE MARQUES SANTANA TRANSPORTES LTDA,SP,H,standard,13,3515880.4572777627,2792198.11,20.583246673810056,alta
66168048000111,GIMENES AGENCIA DE VIAGENS E TURISMO LTDA,SP,H,standard,19,3513670.033911036,4080904.93,16.143658642231127,alta
06090498000107,EDITORA E GRAFICA PADRE FEIJO LTDA.,SP,J,partnership_heavy_services,10,3512670.507823265,3236342.1999999997,7.866616217144169,baixa
23423715000152,CONSTERPAT TRANSPORTES LTDA,SP,H,standard,13,3511523.7458795104,2792198.11,20.484715124697107,alta
04447476000126,HELENA DOS REIS BATISTA LTDA,SP,C,standard,7,3508669.0823050668,3988928.5799999996,13.687796894753609,alta
22524851000176,TORQUE 7 COMERCIO E SERVICOS PARA SISTEMAS INDUSTRIAIS LTDA.,SP,C,standard,29,3508337.3439015266,3854999.29,9.881089305766706,alta
29843715000198,MARCAO TRANSPORTES LOCACAO DE VEICULOS PECAS E MANUTENCAO LTDA,SP,N,standard,10,3507169.5499152727,3791854.3,8.117222336502225,baixa
27644050000168,TRANSPORTADORA BERTONCELLO LTDA,SP,H,standard,14,3506569.949030426,3006982.58,14.247181042789773,alta
11898477000152,TRANS RODO IN TRANSPORTES LTDA,SP,H,standard,14,3506569.949030426,3006982.58,14.247181042789773,alta
74614587000165,LYNASLOGIC BRASIL SISTEMAS LTDA.,SP,J,partnership_heavy_services,8,3506180.8833901323,3388970.48,3.3429651032949965,baixa
14074734000120,BENET COMERCIO A VAREJO DE AUTOMOVEIS LTDA,RJ,G,standard,5,3503708.334034983,3578407.6,2.1320058304907747,alta
28141584000134,RT MARTINS COMERCIO DE VEICULOS LTDA.,RJ,G,standard,5,3503708.334034983,3578407.6,2.1320058304907747,alta
23340968000162,TOGUCHI TRANSPORTES LTDA,SP,H,standard,14,3499931.1963459537,3006982.58,14.084523057499206,alta
42739743000128,MERCADINHO DO BELO LTDA,RJ,G,standard,7,3498684.4926821254,2662854.3200000003,23.889841294073637,alta
05493075000175,DISPEL EMPILHADEIRAS LTDA,SP,N,standard,7,3498387.38740264,2654298.01,24.12795622469158,baixa
45654084000115,S.NALDI INDUSTRIA E COMERCIO DE ESQUADRIAS LTDA,SP,C,family_mature_sweet_spot,20,3494974.709504897,4113971.0,17.711037759777987,alta
30811210000120,BAR SINAL VERMELHO DE PRIMAVERA LTDA,RJ,G,standard,7,3494216.5313719343,2662854.3200000003,23.79252126786534,alta
11748028000128,TECH BOX MOVELEIRA LTDA,SP,C,standard,11,3493356.0092726587,2746662.6,21.374672586780683,alta
65677890000116,CALCADOS KALLUCCI DE FRANCA LTDA,SP,C,family_mature_sweet_spot,28,3491851.583079113,3886470.5599999996,11.301138308201278,alta
07077655000107,EMPORIO DE PRODUTOS NORDESTINOS LTDA,RJ,G,standard,7,3491185.773310312,2662854.3200000003,23.72636425259304,alta
02798634000167,NEANDER INDUSTRIA E COMERCIO LTDA,SP,C,standard,9,3487530.1685283943,3446455.41,1.17776066567264,alta
05536633000132,LCS INJECAO TERMOPLASTICA LTDA,SP,C,standard,9,3487530.1685283943,3446455.41,1.17776066567264,alta
07004168000114,TRANSPORTADORA CAVARETTO & SILVA LTDA,SP,H,standard,13,3483753.8012612807,2792198.11,19.850877263798193,alta
43791964000108,SPE SAMBA TRES RIOS HOTELARIA E GESTAO DE EMPREENDIMENTOS LTDA,RJ,I,standard,19,3478834.6114931754,2626139.53,24.51094049358053,alta
10732150000143,COMERCIAL CEDRO LTDA,RJ,G,standard,7,3477523.1566475513,2662854.3200000003,23.426697679647347,alta
52425880000141,PROMMO COMERCIO E SERVICOS  PROMOCIONAIS LTDA,SP,M,standard,15,3476743.9508793713,3518167.6500000004,1.1914509583068904,baixa
04208259000183,TRANSPORTADORA MD EXPRESS LTDA,SP,H,standard,13,3476446.6477107466,2792198.11,19.68241158429188,alta
42769286000114,PESQUISAS HORMONAIS LABORATORIO DE DIAGNOSTICO EM ENDOCRINOLOGIA VETERINARIA LTDA,SP,M,partnership_heavy_services,12,3471325.5612326665,2814534.12,18.920479501192045,baixa
02267054000143,NUCLEO DIAGNOSTICO VETERINARIO LTDA,SP,M,partnership_heavy_services,12,3471325.5612326665,2814534.12,18.920479501192045,baixa
26103379000159,TOTAL-RJ TECNOLOGIA LTDA,RJ,C,standard,15,3470301.8072806452,3673092.15,5.843593842296464,alta
03446685000192,MICHAEL ANGELO CONFECCOES E COMERCIO LTDA,RJ,C,standard,21,3463000.3589098835,4106191.11,18.57322218969062,alta
30796404000102,SERRAZUL REFEICOES COLETIVAS LTDA,SP,H,standard,14,3461029.436241304,3006982.58,13.118838328471464,alta
08037413000152,BELMOUNT INDUSTRIA E COMERCIO LTDA,SP,C,standard,11,3456979.3055672445,4212334.39,21.85014770601328,alta
01377032000173,"MEGAARC INDUSTRIAL, SOLDAGEM E SEGURANCA LTDA",SP,C,standard,11,3454625.8063788097,3192195.5999999996,7.596487176534277,baixa
40100037000106,R. BIANCHI TRANSPORTADORA LTDA,SP,H,standard,13,3452099.2686646767,2792198.11,19.115938080191317,alta
51419853000101,AR BESTDIGI CERTIFICACAO DIGITAL LTDA,SP,J,standard,17,3447654.756486117,3209384.0999999996,6.911093868603162,baixa
08924210000188,INCOMPLAST POLIMEROS E METAIS LTDA,RJ,C,standard,11,3446847.330585445,4212334.39,22.20832505756898,alta
45092855000128,TOBU EQUIPAMENTOS INDUSTRIAIS LTDA,SP,C,standard,7,3443831.8555208975,3521493.92,2.255106164797224,alta
05263069000121,TCML TRANSPORTES E TURISMO LTDA,RJ,H,standard,16,3442015.0403375253,3436551.52,0.15873028657624735,alta
06788796000175,PSHTEC AUTOMACAO INDUSTRIAL LTDA,SP,C,standard,17,3441800.1860646247,3773858.9000000004,9.647820790987103,baixa
67056432000195,DOUX BRASIL DOCES E SOBREMESAS LTDA,SP,C,standard,8,3440961.246097174,4081826.0,18.62458505249692,alta
47195028000195,ARGOOS TECNOLOGIA DA INFORMACAO LTDA,SP,J,partnership_heavy_services,9,3439708.6204727935,3812591.79,10.840545251648471,baixa
01034704000148,B.S.B. INDUSTRIA E COMERCIO LTDA.,SP,C,standard,6,3438531.3529672213,3955484.0999999996,15.034114683487848,alta
39034780000126,SIGARI INDUSTRIA E COMERCIO LTDA,SP,C,standard,15,3435922.2498466684,3711797.6999999997,8.029152876367982,baixa
61406807000113,CEMIELETRICAS INSTALACOES ELETRICAS LTDA,SP,C,standard,5,3434483.648730602,3020095.9499999997,12.065502157326085,alta
10276096000179,EXPOART DISPLAYS INDUSTRIA DE ARTEFATOS DE PLASTICOS E ARAME LTDA,SP,C,standard,11,3431594.93657991,4212334.39,22.75150382982589,alta
07296891000114,FRANACOMP INDUSTRIA E COMERCIO DE PECAS LTDA,SP,C,standard,6,3431585.3757573613,3920203.08,14.238832805807705,alta
11600753000154,NLB INDUSTRIA DE MAQUINAS E EQUIPAMENTOS LTDA,SP,C,standard,6,3431585.3757573613,3920203.08,14.238832805807705,alta
53618757000100,PERMAQ INDUSTRIA E COMERCIO DE MAQUINAS PNEUMATICAS LTDA,SP,C,standard,6,3431585.3757573613,3920203.08,14.238832805807705,alta
60763125000103,BY ENGENHARIA IMPORTACAO E EXPORTACAO LTDA,SP,C,standard,6,3431585.3757573613,3920203.08,14.238832805807705,alta
36110694000167,ALTA TRANSPORTES E SERVICOS LTDA,SP,N,standard,10,3429902.686840964,3791854.3,10.552824561107398,alta
35386916000106,PVM GROUP LTDA,SP,C,standard,8,3428250.4933061097,4130076.0,20.47182690017115,alta
30962144000190,OLIVER EQUIPAMENTOS FOTOGRAFICOS LTDA,RJ,M,partnership_heavy_services,13,3427752.951786286,3049078.63,11.047304957871885,baixa
01151040000105,REPLAY-DISPLAY E ARTEFATOS EM TUBOS E ARAMES LTDA,SP,C,standard,6,3426903.1225958946,3955484.0999999996,15.424450545999168,alta
28102106000115,MASTERY INDUSTRIA E COMERCIO LTDA,SP,C,standard,6,3426903.1225958946,3955484.0999999996,15.424450545999168,alta
17800813000169,OPPORTUNITY SEGURITY SERVICE LTDA,RJ,N,family_mature_sweet_spot,32,3426507.179781141,2708163.52,20.9643121140935,alta
41821238000165,BL LOG TRANSPORTES LTDA,SP,H,standard,14,3423877.239176626,3006982.58,12.176098325209832,alta
10013524000170,D. S. LIMA TRANPORTE E AGENCIAMENTOS DE CARGAS LTDA,SP,H,standard,13,3423156.509432791,2792198.11,18.432064023194176,alta
07042988000109,LOGISMAX SERVICOS DE LOGISTICA LTDA,SP,H,standard,14,3423091.704316121,3006982.58,12.155944399370187,alta
03034565000188,IDEOLOGIA TRANSPORTES LTDA,SP,H,standard,14,3423091.704316121,3006982.58,12.155944399370187,alta
47620751000174,SPPLAST INDUSTRIA E COMERCIO DE PRODUTOS PLASTICOS LTDA,SP,C,standard,11,3422749.076909306,4212334.39,23.068746652140742,alta
07526446000101,DATALIRA TECNOLOGIA DA INFORMACAO - LTDA,SP,J,partnership_heavy_services,7,3420982.6286913627,2965349.17,13.318789018980123,baixa
68959048000165,ENGEFUSE INDUSTRIA E COMERCIO LTDA,SP,C,standard,7,3420703.2542299316,3781803.41,10.556313393263322,alta
05490435000185,TECNOMAG SERVICOS E COMERCIO DE MATERIAIS E EQUIPAMENTOS INDUSTRIAIS LTDA,SP,C,standard,16,3407106.3192855422,3551867.2,4.2487925866902145,baixa
42186141000190,DELTHA SERVICOS LTDA,SP,C,standard,17,3404479.5377329,3773858.9000000004,10.84980415282731,alta
42186141000190,DELTHA SERVICOS LTDA,SP,C,standard,17,3404479.5377329,3773858.9000000004,10.84980415282731,alta
66651506000179,SITC-SISTEMA INTEGRADO DE TRANSPORTE COLETIVO LTDA,SP,H,standard,19,3403780.8874255246,4080904.93,19.89329116559625,baixa
05988984000184,PENTAX TRANSPORTES LTDA,RJ,H,standard,19,3401707.7173871323,4080904.93,19.966360106169333,alta
03262421000189,ESSENCIA EXPRESS TRANSPORTE RODOVIARIO DE CARGAS LTDA,RJ,H,standard,19,3401707.7173871323,4080904.93,19.966360106169333,alta
07785891000188,AUSSTATTEN TRANSPORTE E LOGISTICA LTDA,RJ,H,standard,19,3401707.7173871323,4080904.93,19.966360106169333,alta
11309398000169,LIVIA MARIA LEONCINI PIVETTA TRANSPORTES LTDA,SP,H,standard,12,3400717.9630900905,2577413.64,24.209720771492268,alta
41714997000129,CHAPA HALL RESTAURANTE E LANCHONETE DA FACULDADE LTDA,RJ,G,standard,7,3399080.7188067487,2662854.3200000003,21.659573858699112,alta
41929714000166,OURO BRANCO PLASTICOS LTDA,SP,C,standard,8,3394980.500543687,4118514.08,21.31186259657289,alta
10436166000109,EMS PLASTICOS COMERCIO E INDUSTRIA DE EMBALAGENS LTDA,SP,C,standard,8,3394980.500543687,4118514.08,21.31186259657289,alta
61025995000130,OGRA INDUSTRIA GRAFICA LTDA,SP,J,partnership_heavy_services,9,3393872.6782268104,2912707.9799999995,14.177452834742288,baixa
22331548000157,VRA DESIGN LTDA,SP,M,partnership_heavy_services,15,3393560.952993119,3518167.6500000004,3.671856752623765,baixa
14829043000199,NOVA DUQUERNE MUDANCAS LTDA,RJ,H,standard,19,3390840.588089266,4080904.93,20.350834077386832,alta
08657254000199,NUTRI TOY ARTEFATOS DE COURO LTDA,SP,C,family_mature_sweet_spot,41,3387937.144457956,3290143.81,2.886515607821348,alta
03257096000166,TRANSPORTES ESTRELA SOLITARIA MERITIENSE LTDA,RJ,H,standard,17,3385699.1805581776,3651335.99,7.845847940868415,alta
13273368000175,MOINHO YPIRANGA INDUSTRIA DE MAQUINAS LTDA,SP,C,standard,8,3385475.064383652,4024564.48,18.877392491818526,alta
39375900000159,DULIX INDUSTRIA E COMERCIO DE PLASTICOS LTDA,SP,C,standard,6,3381198.18149994,3955484.0999999996,16.984686719703003,alta
01496910000170,PADARIA ESTILO DO PAO LTDA,RJ,G,standard,7,3380190.494118868,2662854.3200000003,21.22176768933431,alta
03351862000157,LOVITHA TRANSPORTES LTDA,SP,H,standard,16,3369146.6582690007,3436551.52,2.0006508640864737,alta
29310787000170,NOVO ESTILO INDUSTRIA DE CALCADOS LTDA,SP,C,standard,27,3367142.597969144,3747668.0399999996,11.3011383082013,alta
03943733000158,TAIPE CALCADOS LTDA,SP,C,standard,27,3367142.597969144,3747668.0399999996,11.3011383082013,alta
59029066000157,WISE SYSTEMS CONSULTORES ASSOCIADOS LTDA.,SP,J,partnership_heavy_services,8,3364101.963441082,3388970.48,0.7392319504335295,baixa
37188556000163,ASERVICE TRANSPORTES E SERVICOS DE ASSESSORIA LTDA,SP,H,standard,16,3359086.625724002,3436551.52,2.3061296985546424,alta
08673478000194,FLEX TRANSPORTE E LOGISTICA LTDA,RJ,H,standard,12,3358342.9130093325,2577413.64,23.253410781377294,alta
20451630000190,SERRA TERESOPOLIS ALUGUEL DE EQUIPAMENTOS E MAQUINAS LTDA,RJ,N,standard,8,3357329.211746523,3033483.44,9.645934352027835,baixa
11118773000193,DELLAZARI E BORLINA SOLUCOES LTDA,SP,M,partnership_heavy_services,11,3352958.3882150874,2579989.6100000003,23.053336448549512,baixa
10899667000121,BRONZALEX ALIMENTOS LTDA,SP,C,standard,10,3352893.927535787,2514877.5,24.99382460785714,alta
96378922000106,MULT PNEUS LTDA,SP,C,standard,10,3350956.502355357,3649943.0,8.922422521285727,alta
00980249000100,NKS INDUSTRIA E COMERCIO DE MAQUINAS LTDA,SP,C,standard,6,3349701.175124327,2825063.88,15.66221187192481,alta
14610206000148,M.S.L. TRANSPORTES E SERVICOS LTDA,SP,H,standard,15,3349456.133175182,3221767.05,3.8122333327631015,alta
11089333000155,DENNIS & SANTIAGO INDUSTRIA E COMERCIO DE ARTEFATOS PLASTICOS LTDA,SP,C,standard,7,3347392.6022909875,3603699.8200000003,7.65692131641785,alta
27191195000150,MASQUERADE FANTASIAS LTDA,SP,C,standard,21,3342427.9989803154,4106191.11,22.850547902682962,alta
05939864000197,SUPERA COMPONENTES INDUSTRIAIS LTDA,SP,C,standard,5,3339970.0036888695,3266835.9000000004,2.1896634882377786,alta
04134461000108,FAPACK INDUSTRIA DE EMBALAGENS LTDA,SP,C,standard,6,3339194.871060189,3800642.6399999997,13.819132657966197,alta
05890707000134,VALERIUS - COMERCIO DE ROUPAS E ACESSORIOS LTDA,SP,G,standard,7,3338170.131792233,2662854.3200000003,20.230119650302598,alta
96615851000118,PLASTICOS ALPINAS LTDA,SP,C,standard,8,3337527.7989176433,4118514.08,23.400143103995415,alta
08694485000172,MEGATRANS - EXPRESS TRANSPORTES LTDA,SP,H,standard,15,3328882.5426850123,3221767.05,3.2177612550611427,alta
11696214000160,GEO CORP TRANSPORTES LTDA,SP,H,standard,15,3328882.5426850123,3221767.05,3.2177612550611427,alta
19969622000150,COSTA ARAUJO CONTABILIDADE LTDA,RJ,M,partnership_heavy_services,15,3327353.2479977575,3518167.6500000004,5.734720295089374,baixa
34299718000142,DR. BHOREST INDUSTRIA E COMERCIO LTDA,SP,C,standard,13,3326721.3970330125,3216891.34,3.3014504049231848,baixa
21308636000175,SETSYSTEM ENGENHARIA E AUTOMACAO LTDA,SP,C,standard,5,3325658.629020326,2515352.8,24.36527375207558,alta
12112144000119,MAPATUR TRANSPORTES E TURISMO LTDA,SP,H,standard,17,3325431.527409562,3651335.99,9.800366054877417,alta
20175479000104,SERRARIB TRANSPORTES LTDA,SP,H,standard,13,3323462.4197485116,2792198.11,15.985266046387636,alta
13254845000155,KRIYAPLAST INDUSTRIA E COMERCIO DE EMBALAGENS LTDA,SP,C,standard,7,3314482.2145927385,3603699.8200000003,8.725875919138062,alta
07015827000118,PROLOG DO BRASIL TRANSPORTES DE CARGAS RODOVIARIAS LTDA,SP,H,standard,12,3312681.707630907,2577413.64,22.19555431290561,alta
08513570000197,FEMV TRANSPORTES LTDA,SP,H,standard,12,3312681.707630907,2577413.64,22.19555431290561,alta
33876891000101,J.L.V. LOG TRANSPORTES LTDA,SP,H,standard,12,3312681.707630907,2577413.64,22.19555431290561,alta
25450492000148,WANGUARDA SP TRANSPORTES E ARMAZEM LTDA,SP,H,standard,12,3312681.707630907,2577413.64,22.19555431290561,alta
30133131000108,R.P.E.E  INDUSTRIA E COMERCIO DE MOVEIS LTDA,SP,C,standard,16,3311818.1174180945,3995145.6,20.633001522276537,alta
11081540000163,NEWCONCEPTS PRODUTOS GRAFICOS LTDA,SP,C,standard,12,3309486.2613221263,3970421.04,19.97091773433841,alta
07825613000107,HIPCOMP INFORMATICA LTDA,SP,J,partnership_heavy_services,8,3308289.4937791494,3388970.48,2.438752303042456,baixa
07238478000101,"LUC  DALA  COMERCIO, INDUSTRIA  E SERVICOS  LTDA",SP,C,standard,9,3307737.7141251834,3310744.59,0.09090430181256635,alta
10826164000126,NITEROI ALUGUEL DE EQUIPAMENTOS LTDA,RJ,N,standard,8,3303631.193230893,3033483.44,8.17729756833702,alta
05080805000106,LOBO MULTIMIDIA SERVICOS E PARTICIPACOES LTDA,SP,J,partnership_heavy_services,7,3303630.4140864206,3220385.6300000004,2.519797121720123,baixa
13485709000176,REFAM SERVICOS ESPECIAIS LTDA,SP,C,standard,9,3298298.2635395937,4006499.4899999998,21.471715711373978,alta
10841177000174,SPUMACON INDUSTRIA E COMERCIO DE ARTEFATOS PLASTICOS LTDA,SP,C,standard,9,3288349.5945194373,3446455.41,4.808059816513171,alta
29775845000130,SOLUTIAL SOLUCOES E ANALISE DE DADOS LTDA,SP,J,partnership_heavy_services,6,3283985.744474692,2541727.86,22.602347946349685,baixa
03894130000103,TUPRE USINAGEM DE PRECISAO LTDA,SP,C,standard,16,3282819.2370208898,3917964.96,19.347569181283816,alta
05331394000184,PULSAR LOGISTICA LTDA,SP,H,standard,14,3276766.8141041724,3006982.58,8.233244823615195,alta
29271648000184,HEROI TRANSPORTES E LOGISTICA LTDA,SP,H,standard,13,3276697.7048116084,2792198.11,14.786215832487498,alta
08728515000114,ERGOMAIS COMERCIO DE PRODUTOS ERGONOMICOS LTDA,SP,C,standard,12,3276025.648623727,3992287.68,21.86374919491788,baixa
19604617000144,CANUTO CONSULTORIA TREINAMENTO E DESENVOLVIMENTO DE SOFTWARES LTDA,SP,J,partnership_heavy_services,9,3274211.8765283995,3812591.79,16.443038318046696,baixa
38196311000140,SUPER 10 LOGISTICA LTDA,RJ,H,standard,15,3271814.3013183908,3221767.05,1.5296482840796988,alta
73022055000176,COM REFIL COMERCIO E REFILACAO DE METAIS LTDA.,SP,C,standard,5,3265969.489122223,3296236.75,0.9267465902111552,alta
33269506000150,SQUARE SERVICOS INDUSTRIAIS LTDA,SP,C,standard,17,3262137.444600781,3326239.55,1.9650338616269933,baixa
57586620000171,INDUSTRIA MECNICA CAVOUR LTDA,SP,C,standard,8,3260988.520133673,4024564.48,23.415475250891916,alta
10723722000128,NISTA TRANSPORTES E SERVICOS LTDA.,SP,H,standard,12,3260361.463152338,2577413.64,20.946997161842834,alta
22842583000130,SERRA FRIBURGO ALUGUEL DE EQUIPAMENTOS E MAQUINAS LTDA,RJ,N,standard,8,3259644.3907668656,3033483.44,6.938209315331447,baixa
52127790000174,CTL COMERCIO E TRANSPORTES E LOGISTICA LTDA,SP,H,standard,14,3258530.605011453,3006982.58,7.719676612046697,alta
05081873000190,4R SISTEMAS ASSESSORIA & PARTICIPACOES LTDA,SP,J,partnership_heavy_services,9,3256929.113989757,3812591.79,17.060938588545245,baixa
39422600000183,EXPRESSO H I A TRANSPORTES E SERVICOS LTDA,RJ,H,standard,14,3256680.939759929,3006982.58,7.667265058465814,alta
19743902000146,STEAMCONTROL EQUIPAMENTOS INDUSTRIAIS LTDA,SP,C,standard,8,3250414.7542844177,3171872.16,2.4163868374301916,alta
96259023000194,FIRE WAVE INDUSTRIA E COMERCIO DE CALCADOS LTDA,SP,C,family_mature_sweet_spot,21,3250262.064472871,3878568.54,19.33094818398984,alta
43248400000123,ANTENOR PELLISSON INDUSTRIA E COMERCIO DE TECIDOS LTDA,SP,C,standard,12,3249086.457101284,3531105.3600000003,8.67994455125467,alta
07687349000192,HORA BRASIL TRADE MARKETING LTDA,SP,M,standard,12,3247410.3739809943,2814534.12,13.329890716901666,baixa
13296559000152,MARSAO AUTOMACAO RODOVIARIA LTDA,SP,C,standard,32,3247341.2614755007,2920450.24,10.066420346809203,alta
03419461000191,TRANSALINE LOGISTICA E TRANSPORTES LTDA,SP,H,standard,13,3246010.0501482496,2792198.11,13.980607981405466,alta
29987736000187,GEA - CONSULTORIA LTDA,SP,J,partnership_heavy_services,9,3241203.530832709,2912707.9799999995,10.134986825351087,baixa
23143920000164,INOVALOG TRANSPORTES & DISTRIBUICAO LTDA,SP,H,standard,17,3239645.0305400905,3651335.99,12.707903352957024,alta
30155556000118,DRIVE 7 - EQUIPAMENTOS E AUTOMACAO LTDA,SP,C,standard,31,3239403.386860992,2829186.1700000004,12.663357040522676,alta
26198828000190,LOG RIO TRANSPORTE E TURISMO LTDA,RJ,H,standard,15,3237781.358022308,3221767.05,0.49460745651120724,alta
38231198000197,AMERICAP REFORMADORA DE PNEUS LTDA,SP,C,standard,8,3237307.3370425273,2919954.4,9.802990695731971,alta
30372142000140,CARTAO DE DESCONTOS S. J. RIO PRETO LTDA,SP,N,standard,19,3234523.6327696447,2635875.89,18.508065197131888,alta
05078210000116,PEDALBIKE NITEROIENSE COMERCIO DE BICICLETAS E ACESSORIOS LTDA,RJ,G,standard,7,3225691.793320296,2662854.3200000003,17.448581866556786,alta
28205599000119,HIDRO VACUO LIMPEZA LTDA,RJ,H,standard,18,3222670.4691035994,3866120.46,19.96636010616931,alta
02762654000188,TRANSPORTADORA JULIACE LTDA,RJ,H,standard,18,3222670.4691035994,3866120.46,19.96636010616931,alta
30186658000109,CORRENDO PERSONALIZADO ESTAMPARIA LTDA,SP,C,standard,15,3221820.842285324,2949396.15,8.45561269918677,alta
52610869000151,VETMAX LABORATORIOS LTDA,SP,M,standard,12,3221580.7209618445,2814534.12,12.634996177910928,baixa
20104905000119,ST METALS TECNOLOGIA EM USINAGEM LTDA,SP,C,standard,12,3217763.7198955393,2938473.7199999997,8.679630457907157,alta
23111082000147,PROFILOGI TRANSPORTES LTDA,SP,H,standard,14,3214847.893086264,3006982.58,6.465789984443478,alta
16930388000160,REIS TRANSPORTES E FRETAMENTOS LTDA.,SP,H,standard,13,3213813.047938353,2792198.11,13.118838328471446,alta
08351568000169,M.B.F. INDUSTRIA DE TECIDOS E CONFECCOES LTDA,SP,C,standard,11,3213178.1589909685,3236846.58,0.7366046897463091,alta
21734593000190,GLOBAL SERVICOS DE MANUTENCAO INDUSTRIAL LTDA,SP,C,standard,27,3207923.5568662123,3589137.2700000005,11.883503655124251,alta
27511829000105,WOODART BRASIL MARCENARIA LTDA,SP,C,standard,15,3205127.9376842873,3745449.0,16.85801855092549,alta
15013593000106,TRANSMARQUES RIO SERVICOS LTDA,RJ,H,standard,15,3203405.4725005804,3221767.05,0.5731893029790697,alta
07695648000179,INDUSVALVES INDUSTRIA E COMERCIO DE VALVULAS E ACESSORIOS INDUSTRIAIS LTDA,SP,C,standard,9,3201574.8999083405,3860864.46,20.59266394518943,baixa
20872887000115,G LOG TRANSPORTES RODOVIARIO LTDA,SP,H,standard,14,3199064.2069341866,3006982.58,6.004306713126818,alta
49084989000158,EXPRESSO PAIQUERE LOGISTICA E TRANSPORTES LTDA,SP,H,standard,14,3199064.2069341866,3006982.58,6.004306713126818,alta
08968818000104,"GODOY & LAUTENSCHLAEGER INDUSTRIA MECANICA, COMERCIO, IMPORTACAO E EXPORTACAO LTDA",SP,C,standard,16,3198313.97412182,3917964.96,22.50094867799146,alta
12471811000150,ESPLENDOR TRANSPORTES E LOGISTICA LTDA,SP,H,standard,15,3197749.382877463,3221767.05,0.7510803457938516,alta
72977622000185,MODEL PLAST INDUSTRIA E COMERCIO LTDA,SP,C,standard,6,3195896.286836958,3955484.0999999996,23.767598976586964,alta
15023262000149,RJM INSTALACOES ELETRICAS E MECANICAS LTDA,SP,C,standard,24,3195390.7237532134,3190344.24,0.1579300996181694,alta
43704550000102,SARYLON INDUSTRIA E COMERCIO LTDA,SP,C,standard,19,3183447.5602224343,3715125.29,16.701318922948307,alta
15211346000106,GLEISON FERREIRA E CIA LTDA,SP,N,standard,8,3182102.290030411,3033483.44,4.670461112957834,baixa
20606956000149,AMIGOO PET SERVICOS DE ASSISTENCIA PARA ANIMAIS DOMESTICOS LTDA,SP,M,partnership_heavy_services,11,3182048.431129944,2579989.6100000003,18.92047950119203,baixa
45162300000105,AMARE II HOSPITAL VETERINARIO LTDA,SP,M,standard,11,3182048.431129944,2579989.6100000003,18.92047950119203,baixa
34760927000141,NEFROPET CLINICA VETERINARIA LTDA,SP,M,partnership_heavy_services,11,3182048.431129944,2579989.6100000003,18.92047950119203,baixa
23282639000102,F M C COMERCIO DE VEDACOES LTDA,SP,C,standard,9,3180580.711800324,3842606.88,20.814631923770467,alta
29709376000151,INNOVA TRANSPORTE E LOGISTICA LTDA,SP,H,standard,13,3178585.1540078255,2792198.11,12.155944399370162,alta
61520912000189,TRANSPORTADORA M GOMES LTDA,SP,H,standard,15,3173769.6176517988,3221767.05,1.5123162085001394,alta
71631774000169,LUVAMAC EQUIPAMENTOS DE SEGURANCA LTDA,SP,C,standard,12,3169679.7247678046,3482395.1999999997,9.865838267148682,baixa
31582502000100,ELIEZER DA CUNHA CORDEIRO TRANSPORTES LTDA,SP,H,standard,15,3164126.2528295806,3221767.05,1.821697131044403,alta
14674718000178,KORAL FISH INDUSTRIA E COMERCIO DE PESCADOS LTDA,SP,C,standard,7,3162824.911142821,2814018.83,11.028308266890027,alta
38983466000127,TECNOBRE COMERCIO E LOCACOES LTDA,SP,N,standard,7,3160802.9183814093,2654298.01,16.02456469006241,baixa
17822910000152,PURO TRANSPORTES LTDA,SP,H,standard,15,3158574.992127187,3221767.05,2.000650864086502,alta
15050288000186,IMAX BRASIL TELECOMUNICACOES LTDA,SP,J,partnership_heavy_services,5,3154629.660721435,3500787.4,10.973007183334527,baixa
67908475000151,K & M INDUSTRIA E COMERCIO ELETROTECNICA LTDA,SP,C,standard,5,3154594.0023925416,3266835.9000000004,3.5580457428858048,alta
49722937000160,DITRIMAR INDUSTRIA E COMERCIO DE TRIPAS LTDA,SP,C,standard,5,3153726.406394615,3400017.6500000004,7.809531071116255,alta
44803666000153,METALURGICA METALMATIC LTDA,SP,C,standard,6,3153428.4119674605,3864192.06,22.53939380184267,alta
06029298000149,ATRA CONSULTORIA INFORMATICA LTDA,SP,J,partnership_heavy_services,7,3151978.625895637,2965349.17,5.9210254270872875,baixa
23729069000156,GMG INTERNET SERVICE LTDA,SP,J,partnership_heavy_services,7,3151978.625895637,2965349.17,5.9210254270872875,baixa
19309173000114,DONA CHEFA ARTEFATOS DE ALUMINIO INDUSTRIA E COMERCIO LTDA,SP,C,standard,16,3148258.033808772,3730233.12,18.48562220572349,alta
62088638000183,METALURGICA BONI LTDA,SP,C,standard,5,3148128.5274721375,3296236.75,4.704643448810822,alta
07092993000118,MACDARMA INDUSTRIA E COMERCIO DE EQUIPAMENTOS PARA VENTILACAO E EXAUSTAO LTDA.,SP,C,standard,7,3146303.5845564697,3733607.29,18.666466526825058,alta
03576743000100,MEDITERRANEO DO BRASIL LTDA,SP,C,standard,10,3144500.0805681753,3829394.9,21.78072195527093,alta
04395709000194,PET CLINIC CLINICA VETERINARIA LTDA,SP,M,partnership_heavy_services,12,3144285.012802815,2814534.12,10.487309243918542,baixa
10665163000147,FACILCARGO LOGISTICA LTDA,SP,H,standard,15,3143564.3885005433,3221767.05,2.4877066868911375,alta
11001779000186,OLIVEIRA'S TRANSPORTES E LOCACAO DE VEICULOS LTDA,RJ,H,standard,18,3136682.0961258872,3866120.46,23.255093806766112,alta
15209064000174,ANYTIME TRANSPORTES LTDA,RJ,H,standard,18,3136682.0961258872,3866120.46,23.255093806766112,alta
08614304000150,LUPE INDUSTRIA TECNOLOGICA DE EQUIPAMENTOS PARA LABORATORIO LTDA,SP,C,standard,9,3129649.666659203,3532292.64,12.865432755309167,alta
04602326000140,GLOBAL BUSINESS SOLUTION LTDA,SP,J,partnership_heavy_services,6,3121495.5013149995,2541727.86,18.573393460626793,baixa
19252844000158,AGUIAR TRANSPORTES ARACATUBA LTDA,SP,H,standard,14,3120195.89909539,3006982.58,3.6284042014225073,alta
29806321000160,HIDRONAY INDUSTRIA E COMERCIO PLASTICOS LTDA,SP,C,standard,10,3119631.760527191,3829394.9,22.75150382982589,alta
48113187000166,JOBE INDUSTRIA E COMERCIO DE PLASTICOS LTDA,SP,C,standard,10,3119631.760527191,3829394.9,22.75150382982589,alta
18810799000147,PASCOAL DIAS INDUSTRIA E COMERCIO DE CALCADOS LTDA,SP,C,standard,21,3119527.177064073,3878568.54,24.331936215099596,alta
10287495000135,NORMATEC INSPECOES E SOLDAGENS LTDA.,SP,C,standard,13,3114457.5110922228,3183346.53,2.2119106991322557,alta
04493013000109,GETECH ENGENHARIA E TECNOLOGIA LTDA,SP,M,standard,10,3112709.9368213783,2345445.1,24.649416501843724,baixa
56305881000103,WISSI INDUSTRIA E COMERCIO DE BIJUTERIAS LTDA,SP,C,family_mature_sweet_spot,43,3112267.123870124,3203023.9899999998,2.9161014308122404,alta
33821686000130,ERAGON PLASTICOS LTDA,SP,C,standard,10,3111590.069917551,3829394.9,23.068746652140753,alta
62833470000193,AL-CA PLASTICOS LTDA,SP,C,standard,10,3111590.069917551,3829394.9,23.068746652140753,alta
05162360000103,PETROMASTER INDUSTRIA E COMERCIO DE PLASTICOS LTDA,SP,C,standard,10,3111590.069917551,3829394.9,23.068746652140753,alta
29367292000187,DOC LINE LTDA,SP,J,partnership_heavy_services,6,3111332.828155556,2541727.86,18.307426418703862,baixa
32144462000179,JALES TUR TRANSPORTE E TURISMO LTDA,SP,H,standard,15,3111026.417849533,3221767.05,3.5596172219911724,alta
31437633000195,N.A.M. TRAINING - TREINAMENTO PROFISSIONAL LTDA,SP,N,standard,28,3110610.5901249945,2369643.08,23.82064513241498,alta
69235596000105,RACE INDUSTRIA E COMERCIO DE ELASTOMEROS LTDA.,SP,C,standard,9,3110566.701692492,3842606.88,23.533981055902046,alta
07744271000109,MESQUITA 2008 PADARIA E CONFEITARIA LTDA,RJ,G,standard,7,3108430.832411099,2662854.3200000003,14.334451574895784,alta
20096999000121,J SIQUEIRA DE ALENCAR TRANSPORTE DE CARGAS LTDA,RJ,H,standard,16,3102180.0214113137,3436551.52,10.778597511454752,alta
47476544000198,EPM INDUSTRIA COMERCIO E SERVICOS LTDA,SP,C,family_mature_sweet_spot,26,3099595.014537021,3456206.2600000002,11.50509159391732,alta
48061530000176,ARBOL HOSPITAL VETERINARIO LTDA,SP,M,partnership_heavy_services,12,3098321.9256317415,2814534.12,9.159403459144345,baixa
61634986000146,INDUSTRIA WALTER PRODUTOS DE MADEIRA LTDA,SP,C,standard,14,3094759.279027904,3308460.4,6.905258267428856,baixa
08673875000166,MARCELO DA SILVA CARGAS LTDA,SP,H,standard,13,3093369.5712740277,2792198.11,9.736032321220128,alta
03418041000190,JORVIC DO BRASIL LTDA.,SP,C,standard,10,3090999.82261794,3678605.1,19.010200941531735,alta
04999489000108,LUMISYSTEM INDUSTRIA E COMERCIO DE ESQUADRIAS E ARTEFATOS DE METAIS LTDA,SP,C,standard,18,3090849.9904586887,3702573.9,19.791446088605873,alta
34191508000136,PETTAZZONI & PINHEIRO TRANSPORTES LTDA,SP,H,standard,12,3089774.040634812,2577413.64,16.582455347755605,alta
04716152000146,GLOBALDO TRANSPORTES LTDA,SP,H,standard,11,3083763.1407566327,2362629.17,23.384869000661805,alta
13374838000197,LUMI PRINT COMERCIO DE ETIQUETAS E ROTULOS LTDA,SP,J,partnership_heavy_services,8,3067408.3825313146,2589073.76,15.594096477514977,baixa
27703925000155,BARRA DO PIRAI AGRON E ALUGUEL DE IMOVEIS LTDA,RJ,G,standard,7,3062458.1394418594,2662854.3200000003,13.048466338047248,alta
58829003000112,EMISSORAS SERRANAS LTDA.,SP,J,partnership_heavy_services,7,3062089.1453993325,3220385.6300000004,5.169558333678888,baixa
22879707000152,RODUART TRANSPORTE DE CARGAS LTDA,SP,H,standard,13,3060859.0690077054,2792198.11,8.777305748180112,alta
30001442000113,MFR GRUPO LATINA GESTAO DE FRANQUIAS LTDA,RJ,N,standard,7,3057037.962726274,2654298.01,13.174188794407701,baixa
09318936000130,ASSOMED ASSESSORIA EM SEGURANCA E MEDICINA OCUPACIONAL LTDA,SP,M,standard,11,3052124.4373691445,2579989.6100000003,15.469055638377336,baixa
01858606000125,PORTO RIO EMPREENDIMENTOS E CONSTRUCOES LTDA,RJ,M,standard,16,3050825.163924702,3752712.16,23.006464099449182,baixa
11633797000180,MEIPACK COMERCIO DE MAQUINAS DE EMBALAGENS LTDA,SP,C,standard,6,3043804.9132581484,3018423.36,0.8338758225795613,alta
16650524000168,M. L. COUTINHO E PEREIRA TRANSPORTES LTDA,RJ,H,standard,12,3043699.384691245,2577413.64,15.319704272915413,alta
13610347000106,TRANSMAZ TRANSPORTE E LOCACAO LTDA,RJ,H,standard,12,3043699.384691245,2577413.64,15.319704272915413,alta
47564688000104,R R GODINHO LTDA,SP,H,standard,14,3043661.639053669,3006982.58,1.2050964727167557,baixa
07564395000102,HSG TRANSPORTES LTDA,SP,H,standard,13,3042210.1643195916,2792198.11,8.218105943233162,alta
73238008000164,REAL SUPERMERCADO SANTO AGOSTINHO LTDA,RJ,G,standard,6,3040860.193092731,2282446.56,24.940759684231985,alta
10230242000125,FUNDICAO VARZEA PAULISTA LTDA,SP,C,standard,8,3040802.8713308317,3109610.0,2.2627947808749056,baixa
06281348000180,MARXTOR EQUIPAMENTOS E MONTAGENS INDUSTRIAIS LTDA,SP,C,standard,5,3038521.167321124,2354219.9,22.52086556712818,alta
56542319000101,SECAFE CORTES E ARTEFATOS DE ARAME LTDA,SP,C,standard,6,3038195.6577500324,3524152.56,15.994917937900292,alta
13454766000198,RODACEL BRASIL - TRANSPORTADORA LTDA,SP,H,standard,11,3036624.898661665,2362629.17,22.195554312905625,alta
30172821000176,B.LOG TRANSPORTES LTDA,SP,H,standard,11,3036624.898661665,2362629.17,22.195554312905625,alta
62392741000112,TRANSPORTADORA E ENTREGADORA TEM LTDA,SP,H,standard,11,3036624.898661665,2362629.17,22.195554312905625,alta
01511076000144,A.A. IRMAOS RODRIGUES - MUDANCAS E TRANSPORTES LTDA,SP,H,standard,11,3036624.898661665,2362629.17,22.195554312905625,alta
17780094000161,RUAH EXPRESS TRANSPORTES LTDA,SP,H,standard,11,3036624.898661665,2362629.17,22.195554312905625,alta
07219838000110,FERREIRA TRANSPORTES DE EMBALAGEM PLASTICAS LTDA,SP,H,standard,11,3036624.898661665,2362629.17,22.195554312905625,alta
56985111000159,BOAS LEMBRANCAS HOSPEDAGENS LTDA,RJ,I,recent_startup,17,3036279.4199158326,2349703.79,22.61239941924926,baixa
51135761000191,ADILSON NASCIMENTO TRANSPORTES LTDA,RJ,H,standard,15,3035459.8839542367,3221767.05,6.137691591004135,alta
07306588000155,F. PINHEIRO TRANSPORTE E LOGISTICA LTDA,SP,H,standard,13,3032644.5729487212,2792198.11,7.928606770919049,alta
41991283000168,MARCIO DONIZETTI PINTO ENGENHARIA LTDA,SP,M,partnership_heavy_services,12,3032421.407572102,2814534.12,7.185257531424448,baixa
23323326000155,J DA SILVA CANDIDO HORTIFRUTI LTDA,RJ,G,standard,6,3030655.4373105927,2282446.56,24.688021874718764,alta
61135406000176,MENSINGER ARTEFATOS DE BORRACHA LTDA,SP,C,standard,8,3030584.937156562,3415650.56,12.70598352556733,alta
24323350000157,SIGLA MATERIAIS DE CONSTRUCAO LTDA,RJ,G,standard,6,3028023.363997794,2282446.56,24.62255783302263,alta
10861443000120,AF MULTI SERVICOS LTDA,SP,N,standard,18,3024095.903864251,2497145.58,17.425053325554362,alta
12057601000110,ACCURACY VIDEOS  LTDA,SP,J,partnership_heavy_services,5,3023929.967196406,2300275.45,23.930928462186966,baixa
39382001000183,MINEIRA HORTIFRUTI II LTDA,RJ,G,standard,6,3022598.7765170196,2282446.56,24.48727969677493,alta
00567556000164,NEO PRINT COMERCIO E COMPOSICAO DE IMAGENS LTDA,SP,C,standard,11,3021524.6036593746,3639552.6199999996,20.454177854190895,alta
06162510000141,EMILIA BEM CASADOS COMERCIAL DE DOCES LTDA,SP,C,standard,9,3017604.534782209,2263389.75,24.99382460785715,alta
06004867000100,ELF ISOLACAO TERMICA E ACUSTICA LTDA,SP,C,standard,5,3016602.8177936417,3220160.05,6.747896375540777,alta
09656727000104,MODAS CECI CONFECCAO LTDA,SP,C,standard,18,3015897.6886317804,3519592.38,16.701318922948282,alta
19588368000140,ALMEIDA & ALMEIDA DOS LAGOS FABRICACAO DE ETIQUETAS LTDA,RJ,G,standard,6,3012482.321986516,2282446.56,24.233694473769052,baixa
38003015000186,A S NOVAIS TRANSPORTES LTDA,SP,H,standard,11,3007168.9192033643,2362629.17,21.433440106653894,alta
04583780000109,NUNES & CONZ COMERCIO E SERVICOS LTDA,SP,H,standard,11,3007168.9192033643,2362629.17,21.433440106653894,alta
06986217000107,CLASSE 2004 PRESTACAO DE SERVICOS LTDA,RJ,N,standard,8,3001790.143977564,3033483.44,1.0558131815450786,baixa
10706100000191,JOSE FRANCISCO STABOLI JUNIOR LTDA,SP,C,standard,18,3000434.892603856,3273359.4,9.096164961583046,alta
04985278000116,CDC CONCRETO LTDA,SP,C,standard,7,2999719.181642846,3613816.5,20.47182690017114,alta
13236116000176,"MEDK INDUSTRIA, COMERCIO, IMPORTACAO E EXPORTACAO DE PRODUTOS MEDICOS LTDA",SP,C,standard,7,2997240.604082314,2747338.72,8.337731837141844,alta
25449428000147,CAMPINAS SERRANA AGRICOLA LTDA,RJ,G,standard,6,2993888.8552922634,2282446.56,23.763149858908587,alta
65883712000141,FACTUM ARTEFATOS DE COURO LTDA.,SP,C,family_mature_sweet_spot,24,2993015.6426392393,3331260.4799999995,11.301138308201294,alta
49105054000100,ARCANJO GESTAO DE RECURSOS HUMANOS LTDA,RJ,N,standard,18,2989113.77074978,2497145.58,16.45866395464687,alta
16102810000199,ALIAL TRANSPORTES LTDA,SP,H,standard,11,2988664.6745563094,2362629.17,20.94699716184283,alta
00948714000126,JULIO FILHO TRANSPORTE E LOGISTICA LTDA,SP,H,standard,11,2988664.6745563094,2362629.17,20.94699716184283,alta
48922268000107,BANYAK UANG MODA LTDA,RJ,G,standard,6,2980703.0277816653,2282446.56,23.425898563981736,alta
05916752000110,SANTISUL CONFECCOES LTDA,RJ,G,standard,6,2980703.0277816653,2282446.56,23.425898563981736,alta
11642828000160,GDS TRANSPORTES E COMERCIO DE MATERIAIS DE CONSTRUCAO LTDA,RJ,H,standard,14,2979893.406311468,3006982.58,0.9090651910956444,alta
21674595000130,IDEIA LOG - TRANSPORTE RODOVIARIO DE CARGAS EM GERAL LTDA.,SP,H,standard,12,2978545.3709388585,2577413.64,13.467370175140855,alta
24158459000186,TEXTIL AMERICANA INDUSTRIA E COMERCIO DE TECIDOS TECNICOS LTDA,SP,C,standard,11,2978329.2523428444,3236846.58,8.679944551254637,alta
48869759000131,MJM EMPREEDIMENTOS IMOBILIARIOS E ASSESSORIA EMPRESARIAL LTDA,SP,M,partnership_heavy_services,12,2974958.536934657,2814534.12,5.39249253201207,baixa
00253901000195,SAKAI & FRAGOSO INFORMATICA LTDA,SP,J,partnership_heavy_services,8,2972901.544429188,3388970.48,13.99538226721528,baixa
09463045000177,PE COM PASSO INDUSTRIA E COMERCIO DE CALCADOS LTDA,SP,C,family_mature_sweet_spot,20,2970978.2638705457,3693874.8,24.331936215099585,alta
43560648000125,DINPLAL PLASTICOS INDUSTRIA E COMERCIO LTDA,SP,C,standard,7,2970607.937975726,3603699.8200000003,21.311862596572897,alta
03817291000101,METRAPACK FILMES TECNICOS COMERCIO IMPORTACAO E EXPORTACAO LTDA,SP,C,standard,7,2970607.937975726,3603699.8200000003,21.311862596572897,alta
34036495000120,MR PACK INDUSTRIA E COMERCIO DE EMBALAGENS LTDA,SP,C,standard,7,2970607.937975726,3603699.8200000003,21.311862596572897,alta
28456996000163,HEMBRAPACK- EMBALAGENS TECNICA LTDA,SP,C,standard,7,2970607.937975726,3603699.8200000003,21.311862596572897,alta
08686927000139,MARTTI PLAST INDUSTRIA E COMERCIO DE PLASTICOS LTDA,SP,C,standard,7,2970607.937975726,3603699.8200000003,21.311862596572897,alta
39571280000123,MERCADO SEROPRECOS LTDA,RJ,G,standard,6,2969610.2166210692,2282446.56,23.139860335035788,alta
24514666000126,F.F.A. TEXTIL CONFECCOES DE ROUPAS LTDA,RJ,C,standard,18,2968286.0219227574,3519592.38,18.573222189690618,alta
05138634000129,"LCL INDUSTRIA,COMERCIO E REFORMAS DE CORREIAS E ARTEFATOS DE BORRACHA LTDA",SP,C,standard,8,2962762.4377042954,3415650.56,15.286008642887557,alta
12980155000110,AGROLAB - LABORATORIO DE ANALISES AGROPECUARIA LTDA,SP,M,partnership_heavy_services,13,2962264.538835207,3049078.63,2.930666388050849,baixa
29251178000197,TRANSPORTADORA JOAO DIAS SP LTDA,SP,H,standard,14,2962184.9764750125,3006982.58,1.5123162085001371,alta
29841112000157,LSM DESPACHOS E TRANSPORTES LTDA,SP,H,standard,12,2961577.193586397,2577413.64,12.971586707864407,alta
29678863000102,FUND BRONZE FUNDICAO DE NAO FERROSOS LTDA,SP,C,standard,6,2959558.207221877,3104978.52,4.91358177795829,alta
04685852000110,"CORONA BRASIL INDUSTRIA, COMERCIO E REPRESENTACOES LTDA",SP,C,standard,6,2959331.673659941,3018423.36,1.9967916021720298,alta
56430456000146,CS LOG E TRANSPORTES LTDA,SP,H,recent_startup,13,2953569.8708629096,2792198.11,5.463617517731641,baixa
44779400000112,PGLOG TRANSPORTES E DISTRIBUICAO LTDA.,SP,H,standard,15,2952040.512869335,3221767.05,9.136952421716437,alta
17617021000153,DIGIMAT SERVICE INDUSTRIA E COMERCIO LTDA,SP,C,standard,6,2951855.876160769,3018423.36,2.25510616479724,alta
38927208000123,REXSUL AUTOMACAO LTDA.,SP,C,standard,6,2951855.876160769,3018423.36,2.25510616479724,alta
15473857000104,LA MAGLIA WEAR INDUSTRIA E COMERCIO LTDA,SP,C,standard,18,2951164.7603735207,3519592.38,19.261127920033,alta
04522695000122,PANIFICACAO. CONFEITARIA E COPA ATELIE DA TIJUCA LTDA,RJ,C,standard,14,2949549.1747460053,3520828.5,19.368360770021383,alta
13507826000193,BRUMEL TRANSPORTES LTDA,SP,H,standard,11,2947791.6779903146,2362629.17,19.850877263798196,alta
24995423000157,PRIMATTO INDUSTRIA E COMERCIO DE MOVEIS LTDA,SP,C,standard,12,2942934.6600590856,2996359.2,1.815349170539926,alta
96263439000186,TRANSPORTADORA LONGO & ROCHA LTDA,SP,H,standard,12,2942528.6543706115,2577413.64,12.408205909169208,baixa
14046339000133,NALDO TRANSPORTES E LOGISTICA LTDA,SP,H,standard,11,2941608.7019090927,2362629.17,19.682411584291863,alta
09406645000101,JERACOS COMERCIO DE FERRO E ACO LTDA,SP,H,standard,12,2934751.9192942507,2577413.64,12.176098325209828,alta
42113274000137,ELETRICA TEMPERMAR LTDA,RJ,C,standard,5,2934367.015404876,3532581.95,20.38650691800338,alta
04439233000146,F J LOGISTICA E TRANSPORTE LTDA,SP,H,standard,12,2934078.6036995323,2577413.64,12.155944399370185,alta
07460797000159,GENIAL DISTRIBUICAO E TRANSPORTES LTDA,SP,H,standard,14,2933993.429267174,3006982.58,2.487706686891134,alta
29236740000103,ANJOS TRANSPORTES EXPRESSO RODOVIARIO LTDA,SP,H,standard,11,2932701.3408820387,2362629.17,19.43846660876092,alta
11562118000120,BBF MANUTENCAO INDUSTRIAL LTDA,SP,C,standard,16,2932282.3011530475,3551867.2,21.129783397843934,baixa
04917810000168,W.A TRANSPORTES E COMERCIO DE PRODUTOS ALIMENTICIOS LTDA,SP,H,standard,13,2931181.5926919915,2792198.11,4.74155142890173,alta
48784970000151,CONECTTA TELECOM DE CABO FRIO LTDA,RJ,J,partnership_heavy_services,15,2929566.5680473372,2831809.5,3.3369123307717117,baixa
19623723000175,CARVOARIA ITAUNA LTDA,SP,G,standard,6,2929273.680315738,2282446.56,22.081484726480674,baixa
52702834000142,S. MORENO METALURGICA LTDA,SP,C,standard,11,2927898.3861745354,3659597.04,24.990575399765504,alta
32504377000174,DRM ENGENHARIA COMERCIO E SERVICOS LTDA,SP,C,standard,23,2925880.857935058,3057413.2300000004,4.495479428296733,baixa
61506101000123,NUNES TRANSPORTES LTDA,SP,H,standard,12,2925179.8734530252,2577413.64,11.888712779994103,alta
09613966000179,PROJLAB INDUSTRIA E COMERCIO DE MOVEIS PARA LABORATORIO LTDA,SP,C,standard,12,2923540.076940832,2996359.2,2.4907858672272867,alta
48738619000124,BAG IN INDUSTRIA E COMERCIO DE EMBALAGENS LTDA,SP,C,standard,7,2920336.824052938,3603699.8200000003,23.400143103995426,alta
40614963000108,WISE SALES LTDA,SP,J,partnership_heavy_services,7,2919441.8970744293,2965349.17,1.5724674285031757,baixa
30448559000140,AGRONUTRE COMERCIO DE PRODUTOS AGROPECUARIOS LTDA,RJ,G,standard,6,2917063.7888505175,2282446.56,21.75534286483983,alta
29268609000128,PERUGIA TRANSPORTES E LOGISTICA LTDA,RJ,H,standard,11,2916686.208774398,2362629.17,18.99611405257115,alta
27487229000159,ELAINE CRISTINA DA SILVA MAQUINAS LTDA,SP,C,standard,25,2914807.8605304942,3323275.25,14.013527100725081,alta
35718314000109,MERCADO GUTI BONSUCESSO LTDA,RJ,G,standard,6,2913497.758977213,2282446.56,21.659573858699112,alta
18802572000150,ZEST COMERCIO E INDUSTRIA DE UNIFORMES PROFISSIONAIS LTDA,SP,C,standard,17,2912839.5814410844,3091506.0999999996,6.1337575779069375,alta
26894228000166,BBN TRANSPORTES RODOVIARIOS LTDA,RJ,H,standard,14,2912424.7793940436,3006982.58,3.2467036153163784,alta
03672377000185,RAPTUR TRANSPORTE COLETIVO LTDA,SP,H,standard,16,2911531.2382819448,3436551.52,18.032445429912773,baixa
24417817000128,QUALIFRUTI REDENTOR LTDA,RJ,G,standard,6,2908963.313450239,2282446.56,21.53745805433157,alta
67032243000182,TEXTIL MALOVOC LTDA,SP,C,standard,9,2902736.24100076,3108709.8000000003,7.095841368219803,alta
04063304000159,CT SERVICE CENTER MANUTENCAO DE MAQUINAS LTDA,SP,C,standard,13,2901591.9058532235,2885892.1,0.5410756013467319,alta
17792723000173,MARTINEZ COMERCIO E TRANSPORTES DE PRODUTOS ALIMENTICIOS LTDA,SP,H,standard,15,2901212.45082528,3221767.05,11.048987435702431,baixa
12842869000162,"NEWSTEC - SERVICO TECNICO EM MONTAGEM, MANUTENCAO DE CALDEIRAS E CONSTRUCOES  EIRELI",RJ,C,standard,22,2898407.802897849,2924482.22,0.8996117480805045,baixa
30133131000108,R.P.E.E  INDUSTRIA E COMERCIO DE MOVEIS LTDA,SP,C,standard,14,2897840.8527408335,3495752.4,20.633001522276494,alta
07251722000168,DIESEL PARTS PECAS AUTOMOTIVAS LTDA,SP,C,standard,5,2897264.1706706057,3449170.75,19.049232200377812,alta
46322160000158,POLISA INDUSTRIA COMERCIO E POLIMENTO DE METAIS LTDA,SP,C,standard,14,2896074.5214436585,3428219.34,18.374693559027396,alta
50714391000184,PAULISTANO HOSPITAL VETERINARIO LTDA,SP,M,standard,10,2892771.301027221,2345445.1,18.92047950119202,baixa
39713840000137,VET DOMUS HOSPITAL VETERINARIO LTDA,SP,M,partnership_heavy_services,10,2892771.301027221,2345445.1,18.92047950119202,baixa
24455022000104,EMPACK MANUTENCAO INDUSTRIAL LTDA,SP,C,family_mature_sweet_spot,22,2892518.544410658,2924482.22,1.1050465225575463,alta
16965518000108,AMERICA SERVICOS ADMINISTRATIVOS LTDA,SP,N,standard,21,2892268.680567281,2913336.51,0.7284188213311752,alta
49138455000167,MOTTA VELOSO COMERCIO DE MATERIAIS DE CONSTRUCAO E UTILIDADES LTDA,RJ,G,standard,6,2891291.255550074,2282446.56,21.057881815999888,alta
23013801000197,DISTRIBUIDORA SR ITAOCARA LTDA,RJ,G,standard,6,2878294.8939319192,2282446.56,20.701434560722006,baixa
14380857000199,NEWBUY PROMOCAO DE VENDAS LTDA,SP,M,standard,12,2876619.2562775966,2814534.12,2.158267422499837,baixa
50541737000190,ECOAGILE SOLUCOES EM NEGOCIOS E TECNOLOGIA LTDA,SP,M,partnership_heavy_services,12,2876619.2562775966,2814534.12,2.158267422499837,baixa
08051485000154,SCAN-BAIA TRANSPORTES LTDA.,SP,H,standard,12,2867959.040217969,2577413.64,10.130737438840379,alta
44670108000167,PRAEDIUM GESTAO E TECNOLOGIA LTDA,SP,J,partnership_heavy_services,8,2867655.6856908435,3388970.48,18.179127881720124,baixa
10303437000158,USIFAN USINAGEM DE PRECISAO LTDA,SP,C,standard,13,2867200.7979801344,3183346.53,11.026285017867655,alta
02209949000121,"FRAC-SINT INDUSTRIA, COMERCIO, MECANICA E CALDEIRARIA LTDA",SP,C,standard,5,2865442.794139351,3296236.75,15.03411468348785,alta
48829060000148,HHSM MOVEIS MDF LTDA,SP,C,standard,36,2863507.864904634,3285506.5200000005,14.737122264178607,alta
03903933000187,W.L. EQUIPAMENTOS LTDA,SP,C,standard,5,2859654.479797801,3266835.9000000004,14.23883280580772,alta
47700521000115,QUINTERRA TERRAPLANAGEM LTDA,SP,H,standard,11,2858351.4736080444,2362629.17,17.342944287474324,alta
14689852000142,PML METALURGICA LTDA,SP,C,standard,5,2855752.6021632454,3296236.75,15.424450545999182,alta
15632211000114,TRANSNUNES - TRANSPORTES RODOVIARIOS LTDA,SP,H,standard,11,2855562.0826219753,2362629.17,17.262202619295348,alta
44208585000105,CAMILO CIA LTDA,SP,H,standard,11,2854674.8399235276,2362629.17,17.236487429044942,alta
48463784000110,SERRA ITAIPAVA ALUGUEL DE EQUIPAMENTOS E MAQUINAS LTDA,RJ,N,standard,6,2854502.537554807,2275112.58,20.29740558756405,alta
13696025000113,SP SERVICOS TERCERIZADOS E SERVICOS DE COBRANCA E SEGURANCA ELETRONICA LTDA,SP,N,standard,28,2853873.3859446663,2369643.08,16.96747684496102,baixa
27549307000100,CASA ROSHELAR DE MATERIAL DE CONSTRUCAO LTDA,RJ,G,standard,6,2852714.602861372,2282446.56,19.990364345924164,baixa
01419575000106,FINETECH - FOTOLITOS E FOTOPOLIMEROS LTDA,SP,C,standard,13,2851880.3059805227,3039150.14,6.566539052384636,baixa
13218411000108,VIPLACON INSTALACAO E MANUTENCAO DE PRODUTOS DE SEGURANCA LTDA.,SP,C,standard,16,2851724.7697791047,3291176.8,15.410043594597495,alta
31217369000184,L'AQUA DISTRIBUIDORA DE BEBIDAS LTDA,RJ,G,standard,6,2851649.0357276015,2282446.56,19.960467385579545,alta
01348561000149,MARIE MAJOLI MODAS LTDA,SP,C,standard,17,2848347.817041126,3324059.47,16.701318922948293,alta
62189196000161,VRASALON INDUSTRIA E COMERCIO LTDA,SP,C,standard,17,2848347.817041126,3324059.47,16.701318922948293,alta
12481903000110,RNO TRANSPORTES LTDA,SP,H,standard,14,2843253.4990318217,3006982.58,5.758511544043857,alta
41795134000123,PADARIA E CONFEITARIA ALMEIDASANTOS LTDA,RJ,G,standard,6,2836125.5365071543,2282446.56,19.52237196062346,alta
48466097000159,AFX DE ITABORAI TRANSPORTES LTDA,RJ,H,standard,14,2831779.194817412,3006982.58,6.187042602164632,alta
53539151000189,ANFRA TECIDOS LTDA,SP,C,standard,15,2829265.5052587497,3005236.5,6.219670596986157,alta
17466982000104,MARWAN TEXTIL LTDA,SP,C,standard,14,2825501.1862061545,2804887.4,0.729562114742308,alta
11247867000162,NEO MAXI INDUSTRIA E COMERCIO LTDA,SP,C,standard,14,2825501.1862061545,2804887.4,0.729562114742308,alta
41302170000108,MEP LOG TRANSPORTES LTDA,SP,H,standard,12,2825408.371391728,2577413.64,8.777305748180101,alta
24091604000159,LM AUTOMACAO LTDA,SP,C,standard,5,2825230.343621141,3266835.9000000004,15.630780597267938,alta
34309194000123,S. M. C. MACHADO LTDA,SP,C,standard,17,2823470.8403194565,3496875.3499999996,23.850237801795465,alta
47248907000138,SOFIOLI CALCADOS LTDA,SP,C,standard,19,2822429.3506770185,3509181.0599999996,24.33193621509957,alta
59713008000148,TRANSPORTADORA MARIS LTDA,SP,H,standard,10,2818571.76939584,2147844.7,23.796700040730553,alta
07647082000100,LENEMUR INDUSTRIA DE COUROS LTDA,SP,C,standard,8,2812193.5649657603,2944232.8,4.695239925131083,alta
52323607000106,NEOCOM INDUSTRIA E COMERCIO DE DIVISORIAS LTDA,SP,C,standard,13,2811891.945117541,3211626.21,14.21584729016852,baixa
27263662000100,HZC COMUNICACOES GRAFICAS  E EDITORA LTDA,RJ,J,partnership_heavy_services,9,2811343.3479688,2912707.9799999995,3.6055586061530205,baixa
07776425000136,OMNI TRANSPORTES E SERVICOS LTDA,SP,H,standard,12,2808193.997833469,2577413.64,8.218105943233146,alta
02385765000112,ROMAO INDUSTRIA E COMERCIO DE PLASTICOS LTDA,SP,C,standard,9,2807668.5844744723,3446455.41,22.751503829825886,alta
18087315000183,AAVA LOCACOES E TRANSPORTES LTDA,RJ,H,standard,13,2806077.176952666,2792198.11,0.49460745651117866,alta
42320929000148,MANUFATURA DE ROUPAS CRUZ LTDA,RJ,C,standard,17,2803381.242927049,3324059.47,18.57322218969062,alta
05532864000178,EAAX AMBIENTAL LTDA,SP,C,standard,13,2798288.879657708,2543594.9499999997,9.10177399871821,alta
53162277000187,TRANSPORTADORA LESSA LTDA,SP,H,standard,11,2797047.673841895,2362629.17,15.531322826728871,alta
04607627000166,ATUAL 2005 - COLETA DE RESIDUOS LTDA,RJ,H,standard,14,2796823.4919354953,3006982.58,7.51420633695649,alta
05265965000120,IDR ROTULOS E ETIQUETAS ADESIVAS LTDA,SP,C,standard,9,2796387.0130511275,2977815.78,6.487970588552977,alta
04272690000199,FLUID TECH DO BRASIL LTDA,SP,C,standard,5,2791417.645936939,2354219.9,15.6622118719248,alta
13283413000172,AMF GRAFICA LTDA,SP,C,standard,10,2783279.612124023,3308684.1999999997,18.877175889454424,alta
16491348000169,PRISMA FLEXOGRAFICA LTDA,SP,C,standard,10,2783279.612124023,3308684.1999999997,18.877175889454424,alta
24415645000153,TRANS GOD TRANSPORTE LTDA,RJ,H,standard,13,2776284.7428338365,2792198.11,0.5731893029790652,alta
07730408000168,NEVER TRANSPORTES LTDA,RJ,H,standard,13,2776284.7428338365,2792198.11,0.5731893029790652,alta
05396090000103,RENTAL MUNCK LOCACOES LTDA,RJ,H,standard,13,2776284.7428338365,2792198.11,0.5731893029790652,alta
14338795000157,INCO PALMA INDUSTRIA E COMERCIO LTDA,SP,C,standard,7,2772464.696279849,3295907.86,18.88006597243665,alta
33209217000165,LEMAC OPERACOES LOGISTICAS LTDA,SP,H,standard,12,2772210.2319596317,2577413.64,7.0267611638505825,alta
09472475000155,CUESTA INDUSTRIA E COMERCIO DE PRODUTOS EM FIBRA DE VIDRO LTDA,SP,C,standard,9,2768456.2044116133,3446455.41,24.490154639541558,alta
13211720000148,RONCAUTO RENT A CAR VEICULOS LTDA,SP,N,standard,6,2767592.879662748,2275112.58,17.794535579335655,baixa
30871196000150,R S B MAINTENANCE FACILITIES LTDA,SP,C,standard,26,2766203.3292780197,3456206.2600000002,24.944042378188865,alta
01638080000178,GRIFFY FERRAMENTARIA DE PRECISAO LTDA,SP,C,standard,5,2764822.953282032,3296236.75,19.220536204213136,baixa
47750053000193,DEC TRANSPORTES RODOVIARIOS LTDA,SP,H,standard,11,2762662.4445639043,2362629.17,14.479991044546558,alta
54639132000197,TECNOVA IT SOLUTIONS LTDA,SP,J,recent_startup,5,2762488.79060691,2118106.55,23.326148609107708,baixa
05035364000120,LIVIERO TRANSPORTES E SERVICOS LTDA,SP,H,standard,10,2760568.0896924227,2147844.7,22.195554312905607,alta
13454766000198,RODACEL BRASIL - TRANSPORTADORA LTDA,SP,H,standard,10,2760568.0896924227,2147844.7,22.195554312905607,alta
09538756000163,MR EXPRESS TRANSPORTES LTDA,SP,H,standard,10,2760568.0896924227,2147844.7,22.195554312905607,alta
67589408000111,TRANSLOMBARDI TRANSPORTES URGENTES LTDA,SP,H,standard,10,2760568.0896924227,2147844.7,22.195554312905607,alta
67380600000101,POLI TRANSPORTES LTDA,SP,H,standard,10,2760568.0896924227,2147844.7,22.195554312905607,alta
69215358000138,EDWIL TRANSPORTES LTDA,SP,H,standard,10,2760568.0896924227,2147844.7,22.195554312905607,alta
07316584000158,S.D.L. TRANSPORTES E DISTRIBUICAO LTDA,SP,H,standard,10,2760568.0896924227,2147844.7,22.195554312905607,alta
11141085000144,ELOG EXCELENCIA EM LOGISTICA LTDA,SP,H,standard,10,2760568.0896924227,2147844.7,22.195554312905607,alta
26156512000135,T G TRANSPORTES E LOCACAO LTDA,RJ,H,standard,16,2757541.799937284,3436551.52,24.623732633106737,alta
11988963000161,STS-SPECIAL TRUCK SERVICE LTDA,SP,H,standard,13,2750600.3352982253,2792198.11,1.5123162085001518,alta
44192147000104,RICARDO RUSSO LOGISTICA LTDA,SP,H,standard,13,2750600.3352982253,2792198.11,1.5123162085001518,alta
22713639000157,JF LOCACAO E TERRAPLENAGEM LTDA,SP,H,standard,13,2750600.3352982253,2792198.11,1.5123162085001518,alta
68067537000102,ENIPLA EXPRESS TRANSPORTES LTDA,SP,H,standard,13,2750600.3352982253,2792198.11,1.5123162085001518,alta
03040725000100,TRANSFU TRANSPORTES LTDA,SP,H,standard,10,2750560.5145288245,2147844.7,21.91247243408024,alta
69152940000100,JOPFUR TRANSPORTES RODOVIARIOS LTDA,SP,H,standard,11,2747391.127373723,2362629.17,14.004629830100795,alta
23611240000128,SIMPLE SOLUCOES DE MARKETING E TECNOLOGIA LTDA,SP,M,partnership_heavy_services,9,2747250.6970421807,2110900.59,23.163161182461625,baixa
03871296000104,L. GAM OLIVEIRA FRANCA LTDA,SP,C,family_mature_sweet_spot,22,2743597.6724193026,3053655.44,11.301138308201311,alta
33967821000150,E M I TRANSPORTES RODOVIARIOS LTDA,SP,H,standard,10,2741733.594771585,2147844.7,21.661072246556543,alta
19217669000168,KAUTSAN AUTOMATION AND SERVICE LTDA,RJ,C,standard,20,2741500.85435029,2658620.2,3.02318542847697,alta
09404889000147,IMATEB INSTITUTO DE METROLOGIA E ASSISTENCIA TECNICA DE BALANCAS LTDA.,RJ,C,family_mature_sweet_spot,20,2741500.85435029,2658620.2,3.02318542847697,alta
07070679000134,GERPLAN ENGENHARIA LTDA,RJ,M,standard,12,2739845.0851789876,2814534.12,2.72603130830418,baixa
12099767000107,DOCERIA DOCE DESACATO LTDA,RJ,C,standard,13,2738867.090835577,3269340.75,19.368360770021358,alta
45087236000145,BRASCOMP - TECNOLOGIA DA INFORMACAO LTDA,SP,M,standard,10,2734942.536133672,2345445.1,14.241521750007074,baixa
13504834000186,ELASA TRANSPORTES E LOGISTICA LTDA,SP,H,standard,10,2733789.926548513,2147844.7,21.43344010665389,alta
19090741000139,HEXALOG TRANSPORTE E LOGISTICA LTDA,SP,H,standard,10,2733789.926548513,2147844.7,21.43344010665389,alta
06372438000187,DELPA BRASIL TRANSPORTE E LOGISTICA LTDA,SP,H,standard,10,2733789.926548513,2147844.7,21.43344010665389,alta
05635183000135,BAIA 04 LOGISTICA E TRANSPORTES LTDA,SP,H,standard,10,2733789.926548513,2147844.7,21.43344010665389,alta
07474619000187,MUNIZ SERVICOS DE CARGA E DESCARGA LTDA,RJ,H,standard,13,2727649.184843999,2792198.11,2.366467268395907,alta
05258697000119,USIENI FERRAMENTARIA LTDA,SP,C,standard,11,2724628.637591099,2693600.91,1.1387873988776325,alta
05773354000192,LABTEC MASTER EQUIPAMENTOS HOSPITALARES LTDA,RJ,N,standard,6,2722873.8012327515,2275112.58,16.44443532528141,baixa
48953989000184,SULAM ALUMINIO DO BRASIL INDUSTRIA E COMERCIO DE METAIS LTDA.,SP,C,standard,6,2714532.7222218392,3104978.52,14.383536237447958,alta
01580771000168,ALIMAR PRODUTOS DO MAR LTDA,SP,C,standard,6,2710992.7809795607,2412016.14,11.02830826689002,alta
02132480000170,TEXPOINT TECIDOS PARA DECORACAO LTDA,SP,C,standard,10,2707572.047584404,2942587.8000000003,8.679944551254653,alta
05042017000125,J. BESAN COMERCIAL E TEXTIL LTDA.,SP,C,standard,10,2707572.047584404,2942587.8000000003,8.679944551254653,alta
13429102000179,AUTO-ENERGY MANUTENCAO E INSTALACAO INDUSTRIAL LTDA,SP,C,standard,24,2707480.0860553537,3190344.24,17.83444895611965,alta
22412127000150,TATICA ZELADORIA PATRIMONIAL LTDA,SP,N,standard,26,2706225.9746605116,2200382.86,18.691828376378226,alta
48837009000188,EXPRESSO JOTA JOTA LTDA,SP,H,standard,14,2705338.210010705,3006982.58,11.149968934497895,baixa
14790283000127,SERVIX AUTOMACAO INDUSTRIAL LTDA,SP,C,family_mature_sweet_spot,22,2695108.3570594997,2924482.22,8.51074734489559,alta
54858055000166,INDUSTRIA BRASILEIRA DE MOVEIS LTDA,SP,C,standard,13,2690852.220402202,3246055.8000000003,20.63300152227653,alta
26386931000163,PRECISAOLOG TRANSPORTES LTDA,SP,H,standard,11,2690189.2593530635,2362629.17,12.176098325209848,alta
59349332000129,NSA TRANSPORTE LTDA,SP,H,standard,11,2689572.0533912377,2362629.17,12.155944399370185,alta
31419587000100,WILSON RTS TRANSPORTE E LOGISTICA LTDA,SP,H,standard,11,2689572.0533912377,2362629.17,12.155944399370185,alta
06372708000150,FS RIBEIRO TRANSPORTES LTDA,SP,H,standard,12,2689412.869017306,2577413.64,4.16444906275136,alta
02436126000139,TRANSPLAST TRANSPORTADORA MAQUINAS E SERVICOS LTDA,RJ,H,standard,15,2685558.7242529993,3221767.05,19.96636010616932,alta
49861154000167,MP NOGUEIRA OFFSHORE E MANUTENCAO LTDA,RJ,C,standard,10,2684164.112053947,2463793.1,8.210042413737401,alta
07902389000100,RIO CIDADE SERVICE TUR TRANSPORTES TURISTICOS LTDA,RJ,H,standard,13,2680893.72687723,2792198.11,4.151764092954915,alta
43122837000116,POLISPORT INDUSTRIA E COMERCIO LTDA,SP,C,standard,16,2680797.9454504712,3128526.56,16.7013189229483,alta
27928477000198,M&G CONFECCOES LTDA,SP,C,standard,16,2680797.9454504712,3128526.56,16.7013189229483,alta
12628966000157,SOARES CONSULTORIA EMPRESARIAL E CONTABIL LTDA,SP,M,standard,10,2680322.8880622946,2345445.1,12.493934576083486,baixa
45064160000132,FVC CAVAZZANA TRANSPORTES E COMERCIO LTDA,SP,H,standard,12,2674453.6277960483,2577413.64,3.6284042014224958,alta
19800048000102,SANNY TRANSPORTE E COMERCIO DE AREIA LTDA,SP,H,standard,12,2673734.5920368405,2577413.64,3.6024874093229817,alta
35126401000177,PHORTE OPERACOES LOGISTICAS E TRANSPORTES LTDA,SP,H,standard,12,2673734.5920368405,2577413.64,3.6024874093229817,alta
43719012000183,T & T IMPORTACAO EXPORTACAO INDUSTRIA E COMERCIO LTDA,SP,C,standard,17,2660387.581356231,3006857.49,13.02328694780417,baixa
49630940000153,TURBIMOENDAS USINAGENS DE PECAS LTDA,SP,C,standard,12,2660294.862213429,2938473.7199999997,10.456692667335348,alta
00008354000182,BIOSENSOR INDUSTRIA E COMERCIO LTDA,SP,C,standard,6,2644561.1304851538,2354861.7600000002,10.954534843065138,alta
15345521000158,RIGLAMAQ INDUSTRIA COMERCIO DE MAQUINAS & FERRAMENTAS LTDA,SP,C,standard,7,2642661.8224531827,2775388.14,5.022448064263011,alta
28508540000108,UA GRAFICA - COMERCIO E PRESTACAO DE SERVICOS GRAFICOS LTDA,SP,J,partnership_heavy_services,7,2639678.749731964,2265439.54,14.177452834742283,baixa
06043650000109,J. B. TRANSPORTES E SERVICOS DE JAGUARIUNA LTDA,SP,H,standard,10,2624301.260649681,2147844.7,18.155558883194974,alta
61494910000162,INDUSTRIA DE RENDAS IPIRANGA LTDA,SP,C,standard,13,2623679.6729057147,2604538.3000000003,0.7295621147422865,alta
06874459000109,IDEVICES INDUSTRIA E COMERCIO DE PRODUTOS ELETRONICOS LTDA,SP,C,standard,6,2623085.0308059063,3208924.0200000005,22.333968678632708,alta
03977120000131,ELO SERVICOS E COMERCIO DE EQUIPAMENTOS ELETROELETRONICOS LTDA,SP,C,standard,5,2622273.909177145,3020095.9499999997,15.170880487755342,alta
67288027000100,ART - MILLE ARTEFATOS DE COURO,SP,C,family_mature_sweet_spot,21,2618888.6873093345,2914852.92,11.3011383082013,alta
48786878000120,D'LEONEL LOGISTICA E TRANSPORTES LTDA,RJ,H,standard,12,2617451.441054712,2577413.64,1.529648284079667,alta
20792530000127,D'VICTOR TRANSPORTES LTDA.,RJ,H,standard,12,2617451.441054712,2577413.64,1.529648284079667,alta
04518366000108,ALPHA METALIZACAO LTDA,SP,C,standard,11,2617176.759238753,2693600.91,2.920098938348983,alta
35772350000150,SOUSA E FREITAS TRANSPORTE DE CARGAS LTDA,SP,H,standard,10,2613168.3303021695,2147844.7,17.806875466318022,alta
52422222000104,LEGALE TECNOLOGIA LTDA,SP,J,partnership_heavy_services,5,2612060.880045539,2118106.55,18.910521336582605,baixa
02076329000161,SIRIUS - INDUSTRIA E COMERCIO DE BIJOUTERIAS LTDA,SP,C,family_mature_sweet_spot,36,2605618.98742615,2681601.4799999995,2.9161014308122413,alta
02360958000119,RADIO CRUZ DE MALTA LTDA,SP,J,partnership_heavy_services,7,2603877.6201895443,3220385.6300000004,23.676535526488323,baixa
38387953000127,HOSPITAL VETERINARIO ANIMAL BRAZIL LTDA,SP,M,partnership_heavy_services,9,2603494.1709244996,2110900.59,18.920479501192048,baixa
26251940000147,HOSPITAL VETERINARIO E CENTRO DIAGNOSTICO SAVANA LTDA,SP,M,partnership_heavy_services,9,2603494.1709244996,2110900.59,18.920479501192048,baixa
12504682000159,JET FIRE LTDA,SP,C,standard,13,2603425.5288545704,2885892.1,10.849804152827318,alta
26649856000186,RIO LARANJEIRAS SERVICOS E PRODUTOS VETERINARIOS LTDA,RJ,M,standard,11,2602177.1375134895,2579989.6100000003,0.8526524652618545,baixa
12559505000170,LABTRIX INDUSTRIA DE BANCADAS TECNICAS LTDA,SP,C,standard,5,2597566.1789929853,2674103.35,2.9464955166873343,alta
29229933000137,CONITEX ACABAMENTOS TEXTEIS LTDA,SP,C,standard,16,2597033.2747149304,3146022.56,21.139093234965607,alta
16991076000166,SALIARTE CONSTRUTORA E ENGENHARIA LTDA,SP,M,standard,10,2596321.11573199,2345445.1,9.662749889135325,baixa
06999120000120,TRANSPEL TRANSPORTES DE MARILIA LTDA,SP,H,standard,10,2595965.5296563413,2147844.7,17.26220261929534,alta
08280532000131,SANAI TRANSPORTES LTDA,SP,H,standard,10,2595158.945385025,2147844.7,17.236487429044924,alta
32572679000180,VIACAO CARMENSE LTDA,RJ,H,standard,10,2593482.013651651,2147844.7,17.18297298018229,alta
22262090000121,MARTE - MANUTENCAO E MONTAGEM INDUSTRIAL LTDA,SP,C,family_mature_sweet_spot,22,2581639.199795944,2924482.22,13.28005169084645,alta
68087675000153,ZAVATEX TEXTIL LTDA,SP,C,standard,8,2580209.9920006753,2763297.6,7.095841368219803,alta
41043821000192,ADM APOIO ADMINISTRATIVO E OPERACIONAL LTDA,RJ,N,standard,14,2575931.1587193906,1942224.3399999999,24.60107742298651,alta
05267494000199,LEAO PARTICIPACOES E TRANSPORTES LTDA,SP,H,standard,9,2574884.3797335476,1933060.23,24.9263289173382,alta
22874311000112,ADF TRANSPORTES LTDA,SP,H,standard,11,2574602.4967961353,2362629.17,8.233244823615196,alta
11017780000107,BTO SUPORTE EM TECNOLOGIA DA INFORMACAO LTDA,SP,J,partnership_heavy_services,7,2573139.989849121,2965349.17,15.242434601231189,baixa
11204121000171,HEALTH - MED INDUSTRIA E COMERCIO DE ARTIGOS HOSPITALARES LTDA,SP,C,standard,6,2569063.3749276972,2354861.7600000002,8.337731837141831,alta
51942655000110,GB BERGAMASCO TRANSPORTES LTDA,SP,H,standard,10,2567170.8287009327,2147844.7,16.33417316887807,baixa
18282279000109,TOTTUS LOGISTICA E TRANSPORTES LTDA,RJ,H,standard,12,2562724.3780004643,2577413.64,0.5731893029790807,alta
08482787000187,UNITECK LOGISTICA E TRANSPORTES LTDA,RJ,H,standard,12,2562724.3780004643,2577413.64,0.5731893029790807,alta
03845848000100,TRANSGARCA TRANSPORTES LTDA,RJ,H,standard,12,2562724.3780004643,2577413.64,0.5731893029790807,alta
10754925000181,BALIEIRO & BALIEIRO TRANSPORTES LTDA.,SP,H,standard,11,2561764.546692042,2362629.17,7.773367655867592,alta
18234655000190,RSA INDUSTRIA DE CILINDROS HIDRAULICOS E PNEUMATICOS LTDA,SP,C,standard,13,2559992.0831170757,3183346.53,24.349858384090023,alta
05217253000135,BAURU GUINDASTES E TRANSPORTES LTDA,SP,H,standard,13,2555680.883514088,2792198.11,9.254568049227574,alta
26758038000111,LUCTRANSPORTES LTDA,SP,H,standard,13,2550757.8251945614,2792198.11,9.46543346532799,baixa
29200424000181,OCTALINK TECNOLOGIA LTDA,SP,J,partnership_heavy_services,7,2546609.237299866,2965349.17,16.443038318046703,baixa
02635221000161,BELAVIA TRANSPORTES E TURISMO LTDA,SP,H,standard,12,2544193.378295886,2577413.64,1.3057286441947025,baixa
27051750000149,MULTIPLAM PLASTICOS LTDA,SP,C,standard,8,2542625.0206362,3063515.92,20.48634364627883,baixa
04729317000114,DYNAMIC AQUA SCIENCE INDUSTRIA E COMERCIO LTDA.,SP,C,standard,6,2539106.298287739,3018423.36,18.87739249181852,alta
11421331000111,AMS & JBS TRANSPORTES LTDA,SP,H,standard,12,2539015.694121439,2577413.64,1.5123162085001502,alta
28323773000128,RODATRANS TRANSPORTES DO BRASIL LTDA,SP,H,standard,9,2536714.592456256,1933060.23,23.796700040730563,alta
13700608000170,MOVIFLEX CARGO - TRANSPORTE RODOVIARIO DE CARGAS LTDA,SP,H,standard,9,2536714.592456256,1933060.23,23.796700040730563,alta
03377410000144,ALIANCA EQUIPAMENTOS INDUSTRIAIS LTDA,SP,C,standard,5,2536504.09438179,2515352.8,0.8338758225795584,alta
54405361000147,COMERCIO ALIMENTICIOS M REIS LTDA,RJ,G,recent_startup,5,2534050.160910609,1902038.8,24.940759684231992,baixa
09404287000190,HONORATO MINI MERCADO LTDA,RJ,G,standard,5,2534050.160910609,1902038.8,24.940759684231992,alta
19529805000155,M. M. SOARES PADARIA E MERCEARIA LTDA,RJ,G,standard,5,2533175.3081861124,1902038.8,24.914837364258045,alta
28526054000104,MINERIO TELAS INDUSTRIA E COMERCIO LTDA.,SP,C,standard,5,2531829.7147916933,2936793.8,15.994917937900299,alta
33487153000164,M.P.G. TRANSPORTES LTDA,SP,H,standard,9,2530930.7842909684,1933060.23,23.622556491937406,alta
36933179000187,NUTRIR INDUSTRIA E COMERCIO DE ALIMENTOS LTDA,RJ,C,standard,12,2528185.0069251475,3017853.0,19.36836077002138,alta
18186505000158,STILLUS TRANSPORTE SERVICE CAR LTDA,SP,H,standard,14,2527738.19312281,3006982.58,18.95941550359388,alta
17822910000152,PURO TRANSPORTES LTDA,SP,H,standard,12,2526859.99370175,2577413.64,2.0006508640865017,alta
28617686000183,COMERCIO DE BEBIDAS ITABORAI LIMITADA,RJ,G,standard,5,2521094.6426145583,1902038.8,24.555041772352997,alta
30123845000135,TXT RETENTORES LTDA,SP,C,standard,6,2520826.5198690523,2561737.92,1.6229359620142676,alta
08797063000122,CORATTI CONTABILIDADE LTDA,SP,M,partnership_heavy_services,9,2520200.6797420145,2110900.59,16.240773722190784,baixa
28072750000198,CRISYAGO TRANSPORTES LTDA,RJ,H,standard,9,2518757.1847570003,1933060.23,23.253410781377326,alta
07618662000179,UTA - UNIAO TRANSPORTES DE ASFALTOS LTDA,RJ,H,standard,9,2518757.1847570003,1933060.23,23.253410781377326,alta
48859598000103,SILVETEX VAREJISTA LTDA,RJ,G,standard,5,2516293.58544704,1902038.8,24.411093721319986,alta
50579793000113,BLACK PUPPY LTDA,RJ,G,standard,5,2515144.8339572633,1902038.8,24.376569717960066,alta
46029098000100,LILY COMERCIO DE CONFECCOES LTDA,SP,C,standard,15,2513248.073859817,2932993.65,16.701318922948293,alta
50499053000177,"AB POSITIVO, CONFECCAO E COMERCIO DE ROUPAS MASCULINAS E FEMININAS LTDA",SP,C,standard,15,2513248.073859817,2932993.65,16.701318922948293,alta
08670090000130,QUALY JET SANEAMENTO OBRAS E SERVICOS LTDA,SP,C,standard,19,2512837.423006711,2579040.0500000003,2.634576609977223,alta
42341796000196,CDC SERVICOS DO BRASIL LTDA,RJ,N,standard,16,2510362.643542953,2219684.96,11.579111260702573,alta
38442572000101,JGO DROGARIA LTDA,RJ,G,standard,5,2506793.8235061252,1902038.8,24.12464151759737,alta
11735334000120,TRANSPORTADORA TRANSMAR LTDA,RJ,H,standard,14,2506521.475969466,3006982.58,19.966360106169333,alta
50611367000110,FASCREEN ARTES GRAFICAS LTDA,SP,C,standard,9,2504951.6509116204,2977815.78,18.877175889454445,alta
64035561000109,ENQUETE EDITORA E COMUNICACAO LTDA,SP,G,standard,5,2504331.8474405063,1902038.8,24.0500494395767,alta
01397823000165,ITALY-COLA INDUSTRIA E COMERCIO DE PRODUTOS TEXTEIS LTDA,SP,C,standard,9,2502806.319245316,2648329.0200000005,5.814381226213485,alta
04392363000170,BLISTERPACK EMBALAGENS LTDA,SP,C,standard,8,2501384.2759734555,2646947.36,5.8193011535541075,alta
15402350000151,AZL EMBALAGENS FLEXIVEIS LTDA,SP,C,standard,8,2501384.2759734555,2646947.36,5.8193011535541075,alta
05860792000198,METALSERT FUNDICAO LTDA,SP,C,standard,8,2501196.755858356,3109610.0,24.324885386029926,alta
30415459000117,PORTOLOG TRANSPORTES E AGENCIA MARITIMA LTDA,RJ,N,standard,6,2500631.212135557,2275112.58,9.018468258778649,alta
04954805000125,PECCATO 3 ARMARINHO E CONSERTO EXPRESSO LTDA,RJ,G,standard,5,2500286.9063472417,1902038.8,23.92717831015816,alta
13316961000151,PACTO ASSESSORIA CONTABIL LTDA,RJ,M,partnership_heavy_services,9,2497674.558073128,2110900.59,15.485362847732706,baixa
62334917000180,REINSTAL ESQUADRIAS METALICAS LTDA,SP,C,standard,14,2495259.173556716,2879779.6999999997,15.41004359459751,alta
02695891000173,SERRA -COLOR FOTO E COMERCIO DE PRESENTES LTDA,RJ,G,standard,5,2494295.0845405213,1902038.8,23.744435380211716,alta
08969441000108,SENNE GRAFICA LTDA,SP,J,partnership_heavy_services,7,2489648.38437085,2265439.54,9.005642956585973,baixa
27937250000109,HACHIKO PET HOUSE LTDA,RJ,M,standard,11,2489626.9534324426,2579989.6100000003,3.6295661260806544,baixa
28461133000184,DL SEGURANCA ELETRONICA E CLIMATIZACAO LTDA,RJ,N,standard,24,2489393.6418276457,2031122.6400000001,18.408940800989406,alta
60332897000182,D.L. TORIBIO INDUSTRIA E COMERCIO DE MOLDES E FERRAMENTAS LTDA.,SP,C,standard,8,2489272.0559340403,3063515.92,23.068746652140767,alta
07504123000109,INHASA ARTIGOS RELIGIOSOS LTDA,RJ,G,standard,5,2487979.043121936,1902038.8,23.5508512317167,alta
44169947000104,EFRAIM PORTAS E JANELAS JACI LTDA,SP,C,standard,15,2486813.8782493114,3085478.25,24.073549572280076,alta
57343667000104,333 TRANSPORTES LTDA,SP,H,standard,9,2484511.2807231806,1933060.23,22.19555431290562,alta
08368123000191,EMPRESA DE TRANSPORTES SABADIN LTDA,SP,H,standard,9,2484511.2807231806,1933060.23,22.19555431290562,alta
43538172000126,FERREIRA MORAIS TRANSPORTES RODOVIARIOS LTDA,SP,H,standard,9,2484511.2807231806,1933060.23,22.19555431290562,alta
33751149000161,FIKIR MINI MODA E ACESSORIOS LTDA,RJ,G,standard,5,2483919.1898180544,1902038.8,23.425898563981736,alta
36430497000125,ASPA SERVICOS E LOCACAO DE BENS MOVEIS LTDA,RJ,N,standard,6,2481912.2864063564,2275112.58,8.332272963029991,alta
47466608000170,MCF SOFTWARE LTDA,SP,J,partnership_heavy_services,7,2480522.170442486,2965349.17,19.545360462189628,baixa
28618332000153,JM ENGENHARIA E COMERCIO DE MATERIAIS ELETRICOS LTDA,SP,M,partnership_heavy_services,8,2478606.1847447497,1876356.08,24.297934397624772,baixa
54432471000106,MULT NACIONALIZACAO E USINAGEM TECNICA LIMITADA,SP,C,standard,12,2477927.568219419,2938473.7199999997,18.58594083569272,alta
38137061000178,GROVE BUSINESS CONSULTING DIGITAL LTDA.,RJ,J,standard,14,2477925.281355146,2643022.1999999997,6.662707704994417,baixa
18402540000167,MWG USINAGEM LTDA,SP,C,standard,9,2475641.20636114,2203855.29,10.978404934559514,alta
12158645000136,LF FITNESS CONFECCAO LTDA,RJ,C,standard,15,2473571.684935631,2932993.65,18.573222189690615,alta
46869415000105,QUANTICA SERVICOS ANALITICOS LTDA,SP,C,standard,11,2471479.2776463297,2152272.65,12.915610117933932,alta
47926659000137,M T FRUIT E CONVENIENCIAS LTDA,RJ,G,standard,5,2471214.6240435564,1902038.8,23.03222951603593,alta
32032790000183,A2S SOLUCOES SERVICOS E TELECOM LTDA,RJ,N,standard,14,2468049.7517576683,1942224.3399999999,21.30530032399841,alta
32284256000164,KING INDUSTRIA E COMERCIO LTDA,SP,C,standard,5,2465158.7123818877,2574071.3,4.418076088613317,alta
17488034000170,TELLUS LOGISTICA LTDA,SP,H,standard,9,2460410.9338936615,1933060.23,21.433440106653887,alta
03031948000100,ROMHER INDUSTRIA E COMERCIO LTDA,SP,C,standard,5,2459879.896800641,2515352.8,2.255106164797224,alta
02395223000120,TAMPOART TECNICAS TAMPOGRAFICAS LTDA,SP,C,standard,5,2459879.896800641,2515352.8,2.255106164797224,alta
05284068000163,EUROMAX INDUSTRIA DE MAQUINAS LTDA,SP,C,standard,5,2459879.896800641,2515352.8,2.255106164797224,alta
54343904000149,OTONI TECNOLOGIA E SERVICOS LTDA,RJ,N,recent_startup,14,2454954.617469649,1942224.3399999999,20.88552976991999,baixa
18574751000187,COMPSYS ASSESSORIA CONTABIL LTDA,SP,M,partnership_heavy_services,9,2453151.0598125705,2110900.59,13.951463300377423,baixa
05818861000103,MANOEL GARCIA PESSOA LOCADORA DE VEICULOS LTDA FALIDO,SP,H,standard,9,2450196.8048203243,1933060.23,21.105919891942985,alta
23253823000124,ARSENIOS ALUGUEL DE EQUIPAMENTOS E PINTURA LTDA,RJ,N,standard,5,2448767.597437666,1895927.15,22.576272571400626,alta
01686292000120,G T Z TRANSPORTADORA TURISTICA LTDA,SP,H,standard,9,2448549.7596648126,1933060.23,21.052850881632853,alta
15647630000120,GTWPRESS & BERNARDES TRANSPORTES E LOGISTICA LTDA,SP,H,standard,9,2448304.306201468,1933060.23,21.04493607662958,alta
60317542000114,TRANSPORTADORA LETRA LTDA,SP,H,standard,10,2445065.503082943,2147844.7,12.155944399370163,alta
08795061000102,SANJEFER TRANSPORTES E LOGISTICA LTDA,SP,H,standard,10,2445065.503082943,2147844.7,12.155944399370163,alta
15311222000100,TRANSLOG OPERACOES LOGISTICAS LTDA,RJ,H,standard,11,2441862.4034322514,2362629.17,3.2447869839382535,alta
51707518000109,DECASA INDUSTRIA E COMERCIO LTDA,SP,C,standard,5,2441498.0493407794,2936793.8,20.286551152189265,alta
28953140000101,EMELOG TRANSPORTE RODOVIARIO LTDA,SP,H,standard,10,2438288.775234783,2147844.7,11.911799709073263,alta
05847361000191,AVANTE-TUR TRANSPORTES E TURISMO LTDA,SP,H,standard,10,2437649.8945441875,2147844.7,11.88871277999409,alta
36479354000108,G F M AGRICOLA LTDA,SP,H,standard,12,2437223.039425296,2577413.64,5.7520628316299565,alta
07701504000188,X RAY LOGISTICA E TRANSPORTES LTDA.,SP,H,standard,9,2436957.645265865,1933060.23,20.677315268271368,alta
04527244000188,TEXTIL ALAMO LTDA,SP,C,standard,9,2436814.842825963,2648329.0200000005,8.679944551254673,alta
03997586000107,OPCAO COMERCIO E TRANSPORTES DE ASSIS LTDA,SP,H,standard,10,2436000.957153854,2147844.7,11.829069947925078,alta
08613479000143,PABRUMA INDUSTRIA E COMERCIO DE ALIANCAS LTDA,SP,C,standard,6,2435132.498169641,2973122.4000000004,22.09283898246759,alta
03583592000100,JOAO GONCALVES TRANSPORTES LTDA,SP,H,standard,9,2434071.0858076815,1933060.23,20.58324667381004,alta
07292142000119,VILSON VITORINO DA SILVA LOCADORA LTDA,SP,H,standard,13,2430885.417557513,2792198.11,14.863419305280301,alta
17837417000106,LAURA ARRAIS DISTRIBUIDORA LTDA,RJ,G,standard,5,2426317.316797941,1902038.8,21.60799468265106,alta
08658912000167,N.C.A. SANTIAGO & CIA. TRANSPORTES LTDA,SP,H,standard,13,2423991.1770574995,2792198.11,15.190110278762212,alta
55845903000165,REIDMA INDUSTRIA DE FITAS & ETIQUETAS LTDA,SP,C,standard,12,2421858.1596052754,2404189.2,0.7295621147422997,alta
00819143000120,TECHNOFAN EQUIPAMENTOS E SERVICOS LTDA,SP,C,standard,5,2421524.7966863997,2666862.3499999996,10.131531737743027,alta
12377698000148,RIO SOUND PRODUCOES LTDA,RJ,J,partnership_heavy_services,6,2421269.044796816,2760330.54,14.003462189871458,baixa
53163150000182,MAX - COLOR ESTAMPARIA INDUSTRIA E COMERCIO LTDA,SP,C,standard,13,2417791.466230025,2556143.33,5.722241380299935,alta
41628602000175,DECK MARINE SERVICE MANUTENCAO E REPAROS LTDA,RJ,C,standard,9,2415747.700848552,2217413.79,8.210042413737389,alta
62808829000172,P.S.H. HIDRAULICA LTDA,SP,C,standard,5,2415621.023873607,1914697.45,20.736844435570582,alta
15612459000113,RESTAURANTE E CONFEITARIA SANTA CAROLINA LTDA,RJ,I,standard,15,2415228.9936415125,1951890.3,19.1840481735408,alta
30090328000107,PANIFICACAO ATLANTICA LTDA,RJ,G,standard,5,2414359.7956710616,1902038.8,21.219745151060387,alta
44037660000112,MISTER TRIGO ALIMENTOS E COMERCIO LTDA.,RJ,G,standard,5,2414359.7956710616,1902038.8,21.219745151060387,alta
39349483000170,PIOTTO & PIOTTO ARQUITETURA E CONSTRUCAO LTDA.,SP,M,standard,10,2413548.09749107,2345445.1,2.8216963051974995,baixa
35086823000166,SAO CAP INTERMEDIACAO DE SERVICOS E NEGOCIOS MOBILIARIOS LTDA.,SP,M,partnership_heavy_services,9,2411721.134036274,2110900.59,12.47327229466281,baixa
08801537000162,DCAPELLO LTDA,SP,H,standard,13,2411124.553151458,2792198.11,15.804805950420937,baixa
09433445000130,COMERCIAL DE HORTIFRUTIGRANJEIRO SERRANO DA PALHADA LTDA,RJ,G,standard,5,2409735.1560098096,1902038.8,21.06855414146362,alta
32473749000142,AGENCY EXCLUSIVE SERVICOS FOTOGRAFICOS E MARKENTING LTDA,SP,M,partnership_heavy_services,8,2404984.3591058794,1876356.08,21.980528775763506,baixa
08143749000108,STUDIO SC FOTOGRAFIA LTDA.,SP,M,partnership_heavy_services,8,2404984.3591058794,1876356.08,21.980528775763506,baixa
29236740000103,ANJOS TRANSPORTES EXPRESSO RODOVIARIO LTDA,SP,H,standard,9,2399482.915267123,1933060.23,19.438466608760926,alta
01497707000118,SUM - USINAGEM E COMERCIO LTDA,SP,C,standard,12,2398735.480591365,2938473.7199999997,22.50094867799145,alta
34163976000105,FFCJ INDUSTRIA DE CONFECCOES LTDA.,SP,C,standard,20,2392164.916742969,2482538.8,3.777911908351149,alta
53844006000101,PH GESTAO ADMINISTRATIVA RH LTDA,RJ,N,recent_startup,13,2391936.0759537197,1803494.03,24.601077422986496,baixa
53328293000105,FAVO APOIO ADMINISTRATIVO LTDA,RJ,N,standard,13,2391936.0759537197,1803494.03,24.601077422986496,alta
30876130000153,INTERTANK LTDA,RJ,C,standard,17,2391445.5925957253,2307562.1500000004,3.5076458714110275,alta
23378901000117,ECOPLAST INDUSTRIA E COMERCIO DE RECICLADOS LTDA,SP,C,standard,5,2390994.715922134,2574071.3,7.656921316417829,alta
29263299000159,J.M. VALDEVITE TRANSPORTES LTDA,SP,H,standard,10,2390211.070047993,2147844.7,10.139956804866046,alta
97524493000109,J E G BORGES SERVICOS DE TRANSPORTE RODOVIARIO LTDA,SP,H,standard,9,2389914.8783063143,1933060.23,19.115938080191302,alta
00803345000183,"PADARIA, CONFEITARIA E LANCHONETE PRINCESINHA DO ALIAN LTDA",RJ,G,standard,5,2388755.3691827,1902038.8,20.375320782606018,alta
13636825000149,MOVE LOGISTICA E TRANSPORTE RODOVIARIO DE CARGAS LTDA,SP,H,standard,9,2387911.8347849525,1933060.23,19.048090392579965,alta
08599405000108,C.E.C. 770 COMERCIO DE GAS LTDA,RJ,H,standard,9,2386379.6253608707,1933060.23,18.996114052571134,alta
04042376000110,A TODO GAS DE JARDIM AMERICA COMERCIO E TRANSPORTES LTDA,RJ,H,standard,9,2386379.6253608707,1933060.23,18.996114052571134,alta
18299970000103,EBS MONTAGENS INDUSTRIAIS LTDA,SP,C,standard,18,2379484.0825516684,2392758.18,0.5578561145110553,baixa
06947990000156,KALYN DECORACOES LTDA,SP,C,standard,11,2379473.8748657946,2924381.9000000004,22.900357549205676,alta
52264654000126,REI DA TRINDADE DISTRIBUIDORA DE BEBIDAS LTDA,RJ,G,standard,5,2376374.1964396676,1902038.8,19.960467385579534,alta
35897708000171,ANYTASK SISTEMAS LTDA.,SP,J,partnership_heavy_services,6,2372713.021812355,2541727.86,7.123273511541051,baixa
20161615000107,SPI TRANSPORTES LTDA,SP,H,standard,9,2369877.583453471,1933060.23,18.43206402319418,alta
27601909000151,SAO RAFAEL TRANSPORTES LTDA,SP,H,standard,9,2369877.583453471,1933060.23,18.43206402319418,alta
27601909000151,SAO RAFAEL TRANSPORTES LTDA,SP,H,standard,9,2369877.583453471,1933060.23,18.43206402319418,alta
00248889000120,CLEMENTE & JUNQUEIRA INDUSTRIA E COMERCIO DE CALCADOS LTDA,SP,C,standard,19,2369470.717089398,2637247.88,11.301138308201303,alta
26377698000152,IMPERIO BIJUTERIAS DE PIABETA LTDA.,RJ,G,standard,5,2367622.6119796536,1902038.8,19.664612494571603,alta
44250036000107,INOVA PACK INDUSTRIA E COMERCIO LTDA,SP,C,standard,5,2367487.2961376705,2574071.3,8.72587591913804,alta
17909186000107,BALESTRIN PLAST INDUSTRIA & COMERCIO DE EMBALAGENS PLASTICAS LTDA,SP,C,standard,5,2367487.2961376705,2574071.3,8.72587591913804,alta
33201085000125,AS.DRIVE LOCADORA LTDA,SP,N,standard,5,2365419.917692409,1895927.15,19.848178506521744,alta
03916680000186,ROBERTO DE OLIVEIRA PEREIRA TRANSPORTES LTDA,SP,H,standard,10,2354506.9761597733,2147844.7,8.777305748180094,alta
03290322000100,TRANSHOW TRANSPORTES LOCACAO DE EQUIPAMENTOS E PRODUCAO LTDA,SP,H,standard,10,2354506.9761597733,2147844.7,8.777305748180094,alta
28076596000122,ALLANCLEI PEREIRA BATISTA & CIA LTDA,SP,C,standard,17,2353229.767977008,2259827.17,3.969123595495873,alta
23328219000110,7CALL SALES CENTER TELEATENDIMENTOLTDA,SP,N,standard,16,2350950.3927439563,2219684.96,5.583505000747693,alta
12371635000184,DCL LOGISTICA E TRANSPORTES LTDA,RJ,H,standard,11,2349164.0131670926,2362629.17,0.573189302979059,alta
24271831000166,ZANNINO TRANSPORTADORA LTDA.,RJ,H,standard,11,2349164.0131670926,2362629.17,0.573189302979059,alta
26616059000100,R R C TRANSPORTES LTDA,SP,H,standard,12,2347363.431112632,2577413.64,9.800366054877406,alta
36625363000160,M PEREIRA REPRESENTACAO LTDA,SP,M,standard,11,2346392.493229787,2579989.6100000003,9.955585753203176,baixa
04183749000172,A.S.A. MALHARIA LTDA,SP,C,standard,14,2345698.2022691625,2737460.74,16.7013189229483,alta
12940593000155,PASSARO ACHADO COMERCIO E CONFECCOES LTDA,SP,C,standard,14,2345698.2022691625,2737460.74,16.7013189229483,alta
10589723000121,BOB BANDEIRA CONFECCOES LTDA,SP,C,standard,14,2345698.2022691625,2737460.74,16.7013189229483,alta
23871192000107,M E D S 20 COMERCIO DE MATERIAIS LTDA,RJ,H,standard,12,2344448.047842055,2577413.64,9.936905719552113,alta
43075269000140,OCINOX EQUIPAMENTOS E PROCESSOS INDUSTRIAIS LTDA,SP,C,standard,5,2334459.499209692,2515352.8,7.748830118986759,alta
56657091000197,AJ DE GOIS BALANCEAMENTOS LTDA,SP,C,standard,5,2334459.499209692,2515352.8,7.748830118986759,alta
43284608000106,PLASTICOS IDEAL INDUSTRIA E COMERCIO LTDA,SP,C,standard,5,2332233.8873462486,2574071.3,10.369346486467867,alta
09468305000105,GALVANI TRANSPORTES RP LTDA,SP,H,standard,9,2331453.862440222,1933060.23,17.087776809927615,alta
10885224000181,CARVALHO & T. L. A. TRANSPORTES LTDA,SP,H,standard,10,2327521.860722467,2147844.7,7.719676612046709,alta
17607064000158,LOGISTICS SOLUTIONS BRASIL COMERCIO IMP. E EXP. E SERVICOS DE CONSULTORIA LTDA,SP,H,standard,10,2327521.860722467,2147844.7,7.719676612046709,alta
24969017000110,DPJ LOGISTICA TRANSPORTES E TERCEIRIZACAO LTDA,RJ,H,standard,13,2327484.2276859325,2792198.11,19.96636010616933,alta
29589979000167,MULTICARGO SOLUCOES LOGISTICAS E LOCACOES LTDA,RJ,H,standard,13,2327484.2276859325,2792198.11,19.96636010616933,alta
14338774000131,TRANSPORTADORA SOATO LTDA.,SP,H,standard,9,2325999.5005558874,1933060.23,16.893351458673113,alta
03460535000133,KRAUS-MULLER INDUSTRIA E COMERCIO  LTDA,SP,C,standard,7,2325773.180390394,2680576.4299999997,15.255281667236794,alta
12509648000177,ESCRITORIO CONTABIL DE SANTO MELETTO LTDA,SP,M,partnership_heavy_services,9,2325280.650361956,2110900.59,9.219534868988205,baixa
26204829000108,SOLER SOLUCOES E INDUSTRIA DE ESTRUTURAS METALICAS LTDA,SP,C,standard,14,2323109.0351581657,2879779.6999999997,23.962313280053763,alta
30186940000188,V. A. DE S. SAVA CONGELADOS LTDA,SP,C,standard,10,2317474.383057092,2514877.5,8.51802800437018,alta
10198316000193,PRESTPACK MONTAGENS E EMBALAGENS LTDA,SP,N,standard,14,2315911.266728992,1942224.3399999999,16.13563231447939,alta
67930446000196,COMERCIAL E CLINICA VETERINARIA VET MASTERS LTDA,SP,M,partnership_heavy_services,8,2314217.040821777,1876356.08,18.920479501192027,baixa
46736825000170,PROJETO 4 SORVETES LTDA,RJ,G,standard,5,2313073.322644301,1902038.8,17.770060232003683,alta
28470382000136,DEIGO EDITORA IMPRESSAO DIGITAL LTDA,SP,J,partnership_heavy_services,6,2311437.1401451817,1941805.3199999998,15.991428610598737,baixa
18752476000144,DC INOX DOBRA CORTE E SOLDAS ESPECIAIS LTDA,SP,C,standard,10,2310385.739262559,2448728.1,5.98784689441504,alta
09521507000165,R3 LOG BROKER E LOGISTICA LTDA,SP,H,standard,9,2300858.598287431,1933060.23,15.98526604638763,alta
36688682000114,USEDONS LTDA,SP,C,standard,14,2298260.5680516693,2737460.74,19.11011214540652,alta
45970861000130,VITORIA MIX CONCRETO LTDA,SP,C,standard,5,2297514.017845894,2581297.5,12.3517628162363,baixa
41911679000158,MERVIL TRANSPORTES LTDA,SP,H,standard,10,2297166.9265785674,2147844.7,6.500277574558755,alta
09138147000117,TOMMY LOG TRANSPORTES LTDA,SP,H,standard,9,2295946.8602038515,1933060.23,15.80553263204148,alta
19369640000100,BALBINO TRANSPORTES LTDA.,SP,H,standard,9,2293275.095246883,1933060.23,15.707442425615497,alta
53244236000130,L BASTOS LODI LANCHONETE LTDA,RJ,I,standard,14,2291701.2002011295,1821764.28,20.506029327029452,alta
00021254000196,PSC MECANICA INDUSTRIAL LTDA,SP,C,standard,12,2291075.1351430058,2663900.4000000004,16.27293924752596,baixa
21684093000190,NITIDEZ SECURITY INSTALACAO E MANUTENCAO DE ALARME LTDA,SP,N,family_mature_sweet_spot,22,2289883.517020433,1861862.42,18.691828376378236,alta
05069001000106,MEDIC-LIFE CONSULTORIA LTDA,RJ,M,partnership_heavy_services,8,2288854.723398733,1876356.08,18.02205440047376,baixa
00911246000115,"OXIGEN COMERCIO, INDUSTRIA E REPRESENTACOES DE EQUIPAMENTOS MEDICOS LTDA",SP,C,standard,7,2284192.759565671,2747338.72,20.276132935575646,alta
43213431000149,PRO-COLOR AMBIENTAL LTDA,SP,C,standard,5,2282832.7843820187,1914697.45,16.126250547154115,alta
07295525000140,LOGIKA SERVICOS DE TRANSPORTES LTDA,RJ,H,standard,9,2282774.538518434,1933060.23,15.319704272915427,alta
59359372000151,MARUPA MOVEIS E DECORACOES LTDA,SP,C,standard,10,2280572.4769699317,2496966.0,9.488561543879463,alta
42723081000106,ID PACK INDUSTRIA E COMERCIO DE EMBALAGENS LTDA,SP,C,standard,5,2280193.853214622,2574071.3,12.888265897702897,alta
25259866000142,SACOLAO HORTI LTDA,RJ,G,standard,5,2280037.472840063,1902038.8,16.578616682524068,alta
47488674000140,HORTIFRUTI DA PRACA DE MARICA LTDA,RJ,G,standard,5,2280037.472840063,1902038.8,16.578616682524068,alta
53903053000189,UNIVERSO DB EXPRESS LTDA,SP,H,recent_startup,10,2277309.1863328046,2147844.7,5.684976247835878,baixa
20480995000142,DELTA PRINT GRAFICA E EDITORA LTDA,SP,C,standard,5,2276815.1248770626,1952473.85,14.245393547030986,alta
59502187000174,USINAGEM J.J. LTDA,SP,C,standard,8,2276178.025983609,1958982.48,13.935445398500345,alta
35433401000110,L.N. EQUIPAMENTOS INDUSTRIAIS E SERVICOS LTDA,SP,C,standard,18,2274793.947397629,2392758.18,5.185710676666905,alta
00096950000161,QUARTZO ROSA TINTAS LTDA,RJ,G,standard,5,2274364.875205139,1902038.8,16.370551588454195,alta
07968371000100,WEBCORE INTERACTIVE CONSULTORIA EM TECNOLOGIA DA INFORMACAO LTDA,SP,J,partnership_heavy_services,5,2267336.604977134,2118106.55,6.581733592160627,baixa
03305700000182,"S. M. COMERCIO, LOCACAO E TRANSPORTE LTDA",SP,H,standard,8,2267145.308726727,1718275.76,24.20972077149227,alta
41507924000166,DECOLI CARGO LTDA,SP,H,standard,8,2267145.308726727,1718275.76,24.20972077149227,alta
04055235000131,GSN VITORIA ACESSORIA CONTABIL LTDA,RJ,M,partnership_heavy_services,9,2266263.4917521323,2110900.59,6.855465055919674,baixa
23690508000164,SCHLEMPER LABEL INDUSTRIA GRAFICA LTDA,SP,C,standard,7,2265852.888635479,2316078.94,2.216651028689144,baixa
61895546000142,UNIBLUE UNIFORMES LTDA,SP,C,standard,12,2265821.055434434,2182239.5999999996,3.6887933066898437,alta
17452686000154,JOTA10 TRANSPORTES E TURISMO LTDA,SP,H,standard,11,2264021.7779868306,2362629.17,4.355408281489726,baixa
61734901000100,SALLES MOREIRA GRAFICA E SERVICOS LTDA,SP,J,partnership_heavy_services,6,2262581.7854845403,1941805.3199999998,14.17745283474228,baixa
13050584000151,NATURIX AMBIENTAL LTDA,RJ,H,standard,13,2258826.7681518863,2792198.11,23.612759923351902,alta
32724167000191,EDS TRANSPORTES LTDA,SP,H,standard,8,2254857.415516672,1718275.76,23.79670004073057,alta
41568651000160,CHIOCA TRANSPORTES RODOVIARIOS LTDA,SP,H,standard,8,2254857.415516672,1718275.76,23.79670004073057,alta
13273803000161,LUFE LOGISTICA LTDA,SP,H,standard,8,2254857.415516672,1718275.76,23.79670004073057,alta
49941404000179,MALIGAN INDUSTRIA E COMERCIO DE MALAS TECNICAS LTDA,SP,C,standard,15,2253554.3212648714,2653109.55,17.730002111103612,alta
20675637000195,MERCADAO DO POSTO EQUIPAMENTOS E SERVICOS LTDA,SP,C,standard,11,2252814.369411623,2441908.7,8.393693379972698,alta
15078054000147,CDA ARMAZENAGEM E TRANSPORTES DE REFRIGERADOS LTDA,SP,H,standard,12,2248282.017990561,2577413.64,14.639249852810089,alta
61324307000132,INDUSTRIA DE REFRIGERACAO SAO LUIZ LTDA,SP,C,standard,5,2247359.7032546215,2666862.3499999996,18.666466526825026,alta
07404384000157,HBM TRANSPORTES LTDA,SP,H,standard,9,2247237.727025711,1933060.23,13.980607981405452,alta
02770245000123,EXECUTIVA EXPRESS TRANSPORTES LTDA,SP,H,standard,12,2243894.2315915506,2577413.64,14.863419305280296,alta
12918344000163,BAITAKINHA TRANSPORTES LTDA,SP,H,standard,8,2242736.829641187,1718275.76,23.384869000661794,alta
66978370000106,NALESSO & VELLO LTDA,SP,H,standard,8,2242736.829641187,1718275.76,23.384869000661794,alta
66978396000154,NALESSIO & LOPES LTDA,SP,H,standard,8,2242736.829641187,1718275.76,23.384869000661794,alta
30020494000137,NOVA CALIBRE SERVICOS DE PORTARIA LTDA,SP,N,standard,20,2240868.766008744,1692602.2,24.46669677070258,alta
35342834000160,FTS CONSULTORIA EM GESTAO LTDA,SP,M,partnership_heavy_services,9,2231218.9027009928,2110900.59,5.3924925320120805,baixa
10269966000182,TININHA INDUSTRIA E COMERCIO DE CALCADOS LTDA,SP,C,standard,15,2228233.6979029095,2770406.0999999996,24.33193621509956,alta
12434958000170,ROYALTEX CONFECCOES INDUSTRIA E COMERCIO LTDA,SP,C,standard,13,2227465.5622784765,2364092.9,6.133757577906934,alta
53200055000101,RC NOTOPO GUINDASTE E TRANSPORTES LTDA,SP,H,standard,9,2224947.494726552,1933060.23,13.11883832847145,alta
07204180000172,P.P. COMERCIO DE MATERIAIS PLASTICOS LTDA,SP,C,standard,7,2224796.8930566753,2680576.4299999997,20.4863436462788,baixa
34210343000100,M A LALLA COMERCIO E TRANSPORTE DE FLORES E PLANTAS LTDA,SP,H,standard,8,2216671.2848142767,1718275.76,22.483961795717253,alta
54382510000108,SETENTA INDUSTRIA E COMERCIO DE MADEIRAS LTDA,SP,C,standard,8,2214801.1120917164,2387007.52,7.775253812548765,baixa
15180280000134,QUESTHY TEXTIL LTDA,SP,C,standard,7,2214123.5540009686,2417885.4,9.202821840309197,alta
20023005000147,AHIMSA INDUSTRIA E COMERCIO DE CALCADOS LTDA,SP,C,standard,26,2212490.1164702615,2086432.6600000001,5.697537608501027,alta
36499366000102,BEM-TE-VI TRANSPORTE E TURISMO LTDA,RJ,H,standard,10,2208860.6791540515,2147844.7,2.7623280965560557,alta
46037482000155,WS PRESTACAO DE SERVICOS  LTDA,SP,H,standard,8,2208454.471753938,1718275.76,22.195554312905614,alta
45677859000178,CECI TRANSPORTES LTDA,SP,H,standard,8,2208454.471753938,1718275.76,22.195554312905614,alta
14832664000121,EFA CARGAS LOG LTDA,SP,H,standard,8,2208454.471753938,1718275.76,22.195554312905614,alta
08714215000186,AC TRANSPORTES E LOCACOES LTDA,SP,H,standard,8,2208454.471753938,1718275.76,22.195554312905614,alta
42278504000118,VLOG CARGO TRANSPORTES LTDA,SP,H,standard,8,2208454.471753938,1718275.76,22.195554312905614,alta
33865538000118,MV ESTACAS E CONSTRUCAO CIVIL LTDA,SP,H,standard,8,2208454.471753938,1718275.76,22.195554312905614,alta
22685968000131,JAGTA TRANSPORTES LTDA,SP,H,standard,8,2208454.471753938,1718275.76,22.195554312905614,alta
22259354000198,I V DE SOUSA LOCACOES E TRANPORTES LTDA,SP,H,standard,8,2208454.471753938,1718275.76,22.195554312905614,alta
61034070000155,TRANSFERGAR TRANSPORTES LTDA,SP,H,standard,8,2208454.471753938,1718275.76,22.195554312905614,alta
01393300000140,TRANSPORTES GUERRERO LTDA,SP,H,standard,8,2208454.471753938,1718275.76,22.195554312905614,alta
27060050000110,DANRRA CONFECCOES LTDA,SP,C,standard,14,2207048.2465504366,2737460.74,24.032664182968617,alta
41821238000165,BL LOG TRANSPORTES LTDA,SP,H,standard,9,2201063.9394706883,1933060.23,12.176098325209846,alta
51849368000160,YALOG TRANSPORTES E LOGISTICA LTDA,SP,H,standard,9,2200558.952774649,1933060.23,12.155944399370181,alta
48679788000130,PELA FE TRANSPORTES LTDA,SP,H,standard,9,2200558.952774649,1933060.23,12.155944399370181,alta
27541681000151,DOMA LOGISTICA LTDA,SP,H,standard,9,2200558.952774649,1933060.23,12.155944399370181,alta
03296630000143,"LTF LOCACAO, FROTA E TRANSPORTE LTDA",SP,H,standard,9,2200558.952774649,1933060.23,12.155944399370181,alta
09609410000109,GIWA TRANSPORTES LTDA,SP,H,standard,9,2200558.952774649,1933060.23,12.155944399370181,alta
57436506000165,PHA CONSULTORIA E PLANEJAMENTO LTDA,RJ,N,recent_startup,12,2199593.9219989874,1664763.72,24.31495180314622,baixa
52253609000176,AHLIVE INDUSTRIAL LTDA,RJ,C,standard,13,2197487.324706474,2541927.83,15.674288603213416,alta
35408585000168,RJ TRANSPORTE DE CARGAS EXPRESS LTDA,SP,H,standard,9,2192400.8614384686,1933060.23,11.829069947925086,alta
74580382000106,"WIRING INDUSTRIA, COMERCIO, IMPORTACAO E EXPORTACAO DE MOVEIS DE METAL LTDA",SP,C,standard,7,2191192.032193167,2328834.48,6.281624147248579,alta
15622284000125,LINENS TEXTIL LTDA,SP,C,standard,14,2191088.9723533103,2545946.1999999997,16.195473215565485,alta
45865599000164,DECORPLAC MOLDAGEM PLASTICA LTDA,SP,C,standard,7,2183742.2323690336,2680576.4299999997,22.75150382982589,alta
04542233000177,CAMPNOX MONTAGEM INDUSTRIAL LTDA.,SP,C,family_mature_sweet_spot,20,2181381.874802934,2501473.8,14.673814286917686,alta
07851361000190,ACUSTICA TEXTIL LTDA.,SP,C,standard,8,2180852.4814951993,2354070.24,7.9426627878123295,alta
30471207000105,G.A CONFECCAO LTDA,SP,C,standard,13,2178148.330678508,2541927.83,16.70131892294829,alta
09042108000111,HLX - INDUSTRIA E COMERCIO DE PECAS LTDA,SP,C,standard,13,2178148.330678508,2541927.83,16.70131892294829,alta
03990396000150,LUMAPLAST INDUSTRIA E COMERCIO DE PLASTICOS LTDA,SP,C,standard,7,2178113.0489422856,2680576.4299999997,23.06874665214074,alta
22377776000168,FIBRALU FIBRA E ALUMINIO LTDA,SP,C,standard,7,2178113.0489422856,2680576.4299999997,23.06874665214074,alta
32289499000195,SOLAREA ENERGIA LTDA,SP,C,standard,20,2176558.384900444,2658620.2,22.14789267514207,alta
54677237000130,DAMAC MIX ARACATUBA LTDA,SP,M,recent_startup,7,2175338.7867216947,1641811.57,24.526166681638465,baixa
09136240000192,SHARKLOG LOGISTICA INTEGRADA LTDA,SP,H,standard,8,2173574.308768225,1718275.76,20.946997161842827,alta
48816644000189,MMJ MASTER ESTRUTURAS METALICAS LTDA,SP,C,standard,11,2171383.896425505,2693600.91,24.04996253468397,baixa
44672484000190,"PRO7 COMERCIO, IMPORTACAO, EXPORTACAO E SERVICOS LTDA",SP,M,partnership_heavy_services,8,2169757.827044012,1876356.08,13.522326933772618,baixa
11197705000167,ATUALI COMERCIO EXTERIOR LTDA,SP,H,standard,9,2168007.873288688,1933060.23,10.837029061720692,alta
32683784000196,SP UTIL PLASTICOS LTDA,SP,C,standard,6,2161378.7523313244,2297636.94,6.304225371037058,alta
61987749000169,E. POLITI LTDA,SP,C,standard,7,2161180.7342283092,2680576.4299999997,24.032959740275984,baixa
10394059000165,LUMARCO TRANSPORTE RODOVIARIO DE CARGAS LTDA,SP,H,standard,10,2161047.196393077,2147844.7,0.6109304977287124,alta
22357018000188,MUNDIAL TRANSPORTES BIRIGUI LTDA,SP,H,standard,10,2161047.196393077,2147844.7,0.6109304977287124,alta
67935205000130,JRP - TRANSPORTES LTDA,SP,H,standard,8,2160954.738971845,1718275.76,20.485342473321115,alta
59798330000117,DETECIDOS-CONFECCOES LTDA,SP,C,standard,9,2156263.3245438416,2392676.1,10.96400299375178,alta
59302513000108,CORTINAS LUCIRA INDUSTRIA E COMERCIO LTDA,SP,C,standard,9,2156263.3245438416,2392676.1,10.96400299375178,alta
18762093000157,M. P. MENDES LTDA,SP,C,standard,8,2154196.0751842074,2011902.0,6.605437491201431,alta
39352262000150,ABECOM LUBRIFICACAO LTDA.,SP,C,standard,10,2152529.907429006,1956611.5,9.101773998718187,alta
26917775000110,NETSLOG TRANSPORTES E SERVICOS LTDA,SP,H,standard,8,2150838.4526097104,1718275.76,20.1113520211089,alta
20391745000136,XDC EXPRESS LOCACAO LTDA,RJ,H,standard,12,2148446.9794023996,2577413.64,19.96636010616932,alta
39434648000101,ARCO-IRIS INDUSTRIA TEXTIL LTDA,SP,C,standard,9,2148297.5721838763,2648329.0200000005,23.275706973304054,alta
51146710000165,TRANSPORTADORA EVELYN LTDA,SP,H,standard,8,2144789.5361082954,1718275.76,19.886043312305667,alta
04419656000102,TRANS-MAIA LTDA,SP,H,standard,8,2144789.5361082954,1718275.76,19.886043312305667,alta
09196263000192,TORA TRANSPORTE E LOGISTICA AGUAI LTDA,SP,H,standard,8,2143848.493083865,1718275.76,19.850877263798182,alta
29767019000140,RED PEPPER CONFECCOES LTDA,RJ,C,standard,13,2143762.126944214,2541927.83,18.573222189690604,alta
15125106000199,POSSATO DE OLIVEIRA LTDA,SP,C,standard,19,2143421.734793822,2525689.1900000004,17.834448956119655,alta
46640509000108,PRIME TECH SERVICOS LTDA,SP,C,standard,19,2143421.734793822,2525689.1900000004,17.834448956119655,alta
45760386000178,SHORR INDUSTRIA E COMERCIO DE BORRACHAS LTDA,SP,C,standard,5,2141578.536848224,2134781.6,0.31737976129639284,alta
10631427000141,QUALUX INDUSTRIA E COMERCIO DE ESQUADRIAS DE ALUMINIO LTDA,SP,C,standard,12,2140880.127502128,2468382.5999999996,15.297562357215448,baixa
31421975000117,JRTI SISTEMAS LTDA,SP,J,partnership_heavy_services,6,2136778.566053106,2541727.86,18.95139254859175,baixa
22847052000130,NJG TRANSPORTES DE CARGAS LTDA,RJ,H,standard,10,2135603.64833372,2147844.7,0.5731893029790989,alta
05343776000128,J. MANHAES BARBOSA SERVICOS DE TRANSPORTES RODOVIARIOS DE CARGAS LTDA,RJ,H,standard,10,2135603.64833372,2147844.7,0.5731893029790989,alta
05633241000191,LEAL & MEDEIROS TRANSPORTES LTDA,SP,H,standard,9,2134187.2025024164,1933060.23,9.424054847043752,alta
54238071000156,TR BELON TRANSPORTES LTDA,SP,H,recent_startup,8,2132873.7024596645,1718275.76,19.438466608760915,baixa
29719420000104,LUCIANO MODESTO DA SILVA TRANSPORTES & CIA LTDA,SP,H,standard,8,2132873.7024596645,1718275.76,19.438466608760915,alta
50824136000194,JONATHAN MAURICIO DE FARIA INDUSTRA E COMERCIO DE CALCADOS LTDA,SP,C,standard,29,2130044.7670594794,2327174.89,9.254740838741071,alta
33215005000190,BLACK TIE CLINICA LTDA,RJ,M,partnership_heavy_services,9,2129054.0216019456,2110900.59,0.8526524652618606,baixa
41589443000147,D E MODELS LTDA,SP,M,partnership_heavy_services,9,2127994.711898148,2110900.59,0.8032971981824353,baixa
06316156000162,ROTA 020 LOGISTICA E TRANSPORTES LTDA,SP,H,standard,8,2124368.780716724,1718275.76,19.115938080191313,alta
19765374000126,MACHADO TRANSPORTES PESADOS LTDA,SP,H,standard,8,2124073.0300122555,1718275.76,19.104675982346716,alta
10552896000175,FSME LTDA,SP,N,standard,12,2124020.138563595,1664763.72,21.622036920712763,alta
09484761000130,AGC CALDEIRARIA E TUBULACAO LTDA,SP,C,standard,10,2123325.3661703994,2578572.0,21.440267284644992,alta
35314336000103,WORLD PACK SOLUCOES E EMBALAGENS LTDA,SP,C,standard,5,2121862.8128398047,2574071.3,21.311862596572862,alta
28520452000113,TOTAL EMBALAGENS E PAPELARIA LTDA,SP,C,standard,5,2121862.8128398047,2574071.3,21.311862596572862,alta
03693503000188,ALUAP INDUSTRIA E COMERCIO DE EMBALAGENS LTDA,SP,C,standard,5,2121862.8128398047,2574071.3,21.311862596572862,alta
29732509000100,PADANIA IND.COM LTDA,SP,C,standard,5,2121862.8128398047,2574071.3,21.311862596572862,alta
04409545000107,ITP PACK INDUSTRIA COMERCIO IMPORTACAO E EXPORTACAO LTDA.,SP,C,standard,5,2121862.8128398047,2574071.3,21.311862596572862,alta
17713974000115,EMBALAGENS BERGAMO CONVERSOES E COMERCIO LTDA,SP,C,standard,5,2121862.8128398047,2574071.3,21.311862596572862,alta
58459736000102,PLAST LINE INDUSTRIA E COMERCIO DE PLASTICOS LTDA,SP,C,standard,5,2121862.8128398047,2574071.3,21.311862596572862,alta
10362503000160,SOS COMERCIO DE GAS LTDA,RJ,H,standard,8,2121226.333654107,1718275.76,18.996114052571123,alta
22302230000148,CTAD - CENTRO TECNOLOGICO DE ANALISE E DESEMPENHO LTDA,RJ,M,partnership_heavy_services,7,2121172.005637898,1641811.57,22.598847918216816,baixa
20364344000197,C.A. RICIOPPO MICALI ESTRUTURAS METALICAS LTDA,SP,C,standard,6,2120892.421111329,2526614.58,19.12978493628999,alta
15067057000185,AUFERRE INDUSTRIA E COMERCIO DE BOLSAS E CALCADOS LTDA,SP,C,standard,17,2120052.746869461,2359642.84,11.301138308201304,alta
07114554000169,REAL TRANSPORTES LTDA,SP,H,standard,9,2119056.2785437955,1933060.23,8.777305748180082,alta
30108967000152,HL OSASCO ACABAMENTOS GRAFICOS LTDA,SP,C,standard,11,2116185.4360387116,2228975.87,5.329893687030613,alta
11007928000114,"MAM INDUSTRIA, COMERCIO,IMPORTACOES, EXPORTACOES DE MAQUINAS INDUSTRIAIS LTDA",SP,C,standard,5,2115921.915239782,2515352.8,18.877392491818544,alta
11005878000136,KAIKA CONSTRUCOES LTDA,SP,H,standard,10,2115846.4117678655,2147844.7,1.512316208500169,alta
36345134000191,TRANSPORTES E LOGISTICA NASSATI LTDA,SP,H,standard,10,2115846.4117678655,2147844.7,1.512316208500169,alta
41362824000199,MP8 ENGENHARIA E CONSTRUCOES LTDA,SP,M,partnership_heavy_services,7,2109137.820011177,1641811.57,22.15721730354731,baixa
27698089000168,ZOE EMPREENDIMENTOS LTDA,RJ,C,standard,13,2108661.299487671,2364092.9,12.113448498077418,baixa
11242455000130,S1 TRANSPORTES LTDA,SP,H,standard,8,2106557.8519586404,1718275.76,18.432064023194165,alta
18721584000150,TERUYA & BASTOS TRANSPORTES LTDA,SP,H,standard,8,2106557.8519586404,1718275.76,18.432064023194165,alta
14234911000198,FORTECARGO TRANSPORTES E LOGISTICA LTDA,SP,H,standard,8,2106557.8519586404,1718275.76,18.432064023194165,alta
16418036000120,BOXER TRANSPORTADORA LTDA,SP,H,standard,8,2106557.8519586404,1718275.76,18.432064023194165,alta
52223001000107,BRASIL TRANSPORTES LTDA,SP,H,standard,9,2106145.498375102,1933060.23,8.218105943233162,alta
31034850000134,BCP CORES INJECAO E PINTURA EM PECAS TERMOPLASTICAS LTDA,SP,C,standard,10,2104905.4919467033,2448728.1,16.33434894672233,alta
29768323000101,SEICOM CONSULTORIA EM SEGURANCA DO TRABALHO LTDA,SP,M,partnership_heavy_services,7,2101631.3856443265,1641811.57,21.87918484588833,baixa
07759784000185,M R M TRANSPORTES E TURISMO LTDA,RJ,N,standard,10,2098967.684170384,2120945.4,1.0470726155225505,baixa
33082549000121,SMART TECNOLOGIAS E SOLUCOES APLICADAS LTDA,SP,J,partnership_heavy_services,6,2098004.5217551794,2541727.86,21.14977988100826,baixa
96443726000178,EXPRESSO PORTO REAL DE CAMPINAS TRANSPORTES LTDA,SP,H,standard,10,2097004.39091723,2147844.7,2.42442549490956,alta
07215009000169,A.M.S. ASSESSORIA E INSTALACAO ELETRICA LTDA,SP,M,partnership_heavy_services,7,2090456.6577035775,1641811.57,21.461582857997453,baixa
24070175000133,YNOLLUX INDUSTRIA E COMERCIO DE ESQUADRIAS LTDA,SP,C,standard,12,2089469.9884736694,2468382.5999999996,18.134388797951626,alta
06213412000196,OASIS PRODUTOS CERAMICOS LTDA,SP,C,standard,12,2088945.4333933175,2605348.2,24.7207398695824,alta
28776992000162,VX CONSULTING LTDA,RJ,J,partnership_heavy_services,6,2078977.099454188,2541727.86,22.258579022698317,baixa
49587561000128,CERAMICA PONTE SECA LTDA,SP,C,standard,7,2073945.9697711417,1897936.0399999998,8.486717221016342,alta
96336508000134,TEXTIL P.B.S. LTDA.,SP,C,standard,8,2071350.281196243,2354070.24,13.649065605672517,alta
51111307000109,WJD - FABRICACAO E COMERCIO DE MOVEIS LTDA,SP,C,standard,10,2069886.3233863092,2496966.0,20.633001522276526,alta
39478307000138,LUART MOVEIS E DECORACOES LTDA,SP,C,standard,10,2069886.3233863092,2496966.0,20.633001522276526,alta
22846435000194,HEMF AMBIENTES CORPORATIVOS LTDA,SP,C,standard,10,2069886.3233863092,2496966.0,20.633001522276526,alta
27617063000148,"AC PROMOCOES, PROPAGANDA, MARKETING E VENDAS LTDA",RJ,M,partnership_heavy_services,7,2058972.9101387523,1641811.57,20.260652196275867,baixa
51390683000171,OLIVEIRA RAMALHO ASSESSORIA DE MARKETING LTDA,RJ,M,partnership_heavy_services,7,2058972.9101387523,1641811.57,20.260652196275867,baixa
55115205000104,ISDLOG EXPRESS LTDA,SP,H,recent_startup,9,2056541.2758862632,1933060.23,6.004306713126839,baixa
27327027000140,MASTER 100 COMERCIO E SERVICOS DE EQUIPAMENTOS ELETRICOS LTDA,RJ,C,standard,15,2056125.6407627175,1993965.1500000001,3.023185428476976,alta
39942717000198,LR&P TECNOLOGIA LTDA,SP,J,partnership_heavy_services,5,2054780.944843002,2118106.55,3.0818664790487627,baixa
32879620000139,NOVOLAB ANALISES VETERINARIAS LTDA,SP,M,partnership_heavy_services,7,2053685.1805565797,1641811.57,20.055343168272543,baixa
34535353000108,GOLD CAT CONFECCAO IMPRESSAO E COMERCIO DE ROUPAS LTDA,SP,C,standard,13,2049401.9432254052,2541927.83,24.03266418296862,alta
05942381000141,A. P. PAES DOS SANTOS LTDA,RJ,H,standard,9,2048447.5205639736,1933060.23,5.632914165758343,alta
10171719000149,MMTP PACK EMBALAGENS LTDA,SP,N,standard,12,2041694.4185261242,1664763.72,18.4616608198511,alta
51605897000118,CONFECCOES L AMORE LTDA,SP,C,standard,17,2033340.179231523,2110157.98,3.7779119083511787,alta
55845093000147,WERP CONFECCOES INDUSTRIA E COMERCIO LTDA,SP,C,standard,17,2033340.179231523,2110157.98,3.7779119083511787,alta
07029935000140,SOUZA & SOUZA TRANSPORTE LTDA,SP,H,standard,10,2030541.2180821868,2147844.7,5.776956452457767,alta
18633757000188,KEEP ROUPAS LTDA,RJ,C,standard,12,2028449.8381905912,2346394.92,15.674288603213412,alta
13170763000122,PRIMAVET PET SHOP LTDA,SP,M,partnership_heavy_services,7,2024939.9107190552,1641811.57,18.920479501192037,baixa
07180727000147,PRO-VIDA ANIMAL CLINICA VETERINARIA E PET-SHOP LTDA,SP,M,partnership_heavy_services,7,2024939.9107190552,1641811.57,18.920479501192037,baixa
09248504000108,CONSPIRACAO DIGITAL POS-PRODUCAO DE FILMES LTDA.,RJ,J,partnership_heavy_services,5,2017724.2039973473,2300275.45,14.003462189871435,baixa
11503668000178,LBG LOGISTICA LTDA,SP,H,standard,8,2016429.3568071441,1718275.76,14.786215832487514,alta
08541867000166,"BSP - ENGENHARIA, INDUSTRIA E COMERCIO LTDA.",SP,C,standard,6,2013777.8827401497,1868442.84,7.217034410090556,baixa
10885211000102,PHORMA INTEGRAL COMERCIO E DISTRIBUICAO DE PRODUTOS ALIMENTICIOS LTDA,SP,C,standard,6,2011736.3565214726,1508926.5,24.993824607857146,alta
27820164000111,BW COMERCIO E CONFECCOES LTDA,SP,C,standard,12,2010598.4590878536,2346394.92,16.70131892294829,alta
47016926000139,RJ PILLOWS & FABRICS COMERCIO E SERVICOS DE PECAS DECORATIVAS LTDA,SP,C,standard,12,2010598.4590878536,2346394.92,16.70131892294829,alta
52723075000102,LG TERRAPLANAGEM E SERVICOS LTDA,SP,H,standard,9,2009673.6799051096,1933060.23,3.8122333327631095,alta
35752946000199,JHB ENGENHARIA LTDA,SP,M,partnership_heavy_services,7,2008495.0084825235,1641811.57,18.256626824258998,baixa
04823435000197,SHEPHOKEN COMERCIO E ADMINISTRACAO DE MARCAS LTDA,RJ,N,standard,12,2002585.4678905616,1664763.72,16.86927990376404,alta
26545793000118,OLIVEIRA TODESCATTO TRANSPORTES LTDA,SP,H,standard,7,2002219.54426306,1503491.29,24.908769654759443,alta
52126328000152,A T R SERVICOS EMPRESARIAIS LTDA,SP,H,standard,7,2002219.54426306,1503491.29,24.908769654759443,alta
38118284000198,TECMAM TECNOLOGIA DE MANUTENCAO E MONTAGEM LTDA,SP,C,standard,15,1997119.2023457582,1993965.1500000001,0.15793009961816065,alta
10854266000155,BANHO BELLO DISTRIBUIDORA E MATERIAIS DE CONSTRUCAO LTDA.,RJ,M,partnership_heavy_services,8,1996860.3524482595,1876356.08,6.034687017573092,baixa
96239330000103,GOFER INDUSTRIA DE CALCADOS LTDA,SP,C,standard,16,1995343.761759493,2220840.32,11.301138308201294,alta
54663853000132,ALTIX MOVEIS SOB MEDIDA LTDA,SP,C,recent_startup,8,1992881.2642318248,1997572.8,0.23541471598829358,baixa
29831888000196,LOG 2 BEBEDOURO TRANSPORTES LTDA.,SP,H,standard,11,1988787.8574075666,2362629.17,18.79744544899548,alta
48883560000168,DIVERSAO E ALEGRIA CASA DE FESTAS LTDA,RJ,N,standard,13,1984939.4271529678,1803494.03,9.141104996499463,alta
23539456000120,IEV BRASIL EDITORA LTDA,SP,J,partnership_heavy_services,7,1983902.726919104,2265439.54,14.191059332737934,baixa
94647005000154,EDITORA VIENA LTDA,SP,J,partnership_heavy_services,7,1983902.726919104,2265439.54,14.191059332737934,baixa
08022534000120,"AVENTURA NO MAR INDUSTRIA ,COMERCIO , CONFECCOES DE SUNGAS E BIQUINIS LTDA",RJ,C,standard,12,1978857.347948505,2346394.92,18.573222189690608,alta
07897704000158,M&S SERVICOS E TRANSPORTES LTDA,SP,H,standard,8,1977731.106423602,1718275.76,13.11883832847145,alta
04451757000152,TRANSPORTADORA M. KATAYAMA LTDA,SP,H,standard,9,1977032.0789743876,1933060.23,2.2241343194187637,alta
10739973000109,ESCRITORIO CONTABIL AGRICOLA UNIAO LTDA,SP,M,partnership_heavy_services,7,1974946.7843606356,1641811.57,16.868060294013638,baixa
30147753000195,"JVR EXPRESS TRANSPORTES, LOGISTICA LTDA",SP,H,standard,7,1973000.2385770879,1503491.29,23.796700040730556,alta
54010134000112,RIDAN TRANSPORTES E ARMAZENAGEM LTDA,SP,H,recent_startup,7,1973000.2385770879,1503491.29,23.796700040730556,baixa
59664417000100,TRANSPORTADORA TRAMONTINA LTDA,SP,H,standard,7,1973000.2385770879,1503491.29,23.796700040730556,alta
96410394000125,TRANSPORTADORA TRAVIU LTDA,SP,H,standard,7,1973000.2385770879,1503491.29,23.796700040730556,alta
03676824000174,PSN TRANSPORTES LTDA,RJ,H,standard,11,1969409.7311188665,2362629.17,19.9663601061693,alta
27632947000171,NOVA MAX TRANSPORTES LOCACAO E CONSTRUCOES LTDA,RJ,H,standard,9,1963088.5807910345,1933060.23,1.5296482840796963,alta
06235320000107,VUNO CONSULTORIA E SERVICOS DE MARKETING LTDA,SP,M,partnership_heavy_services,7,1963068.581785229,1641811.57,16.36504270742673,baixa
07021378000110,TRANSPORTES VALE DO PIRACICABA LTDA,SP,H,standard,7,1962394.725936039,1503491.29,23.3848690006618,alta
29805598000178,FURLAN & SARTORI TRANSPORTES LTDA.,SP,H,standard,7,1962394.725936039,1503491.29,23.3848690006618,alta
07836056000120,PINDATUR TRANSPORTE E TURISMO LTDA,SP,H,standard,8,1961721.898571795,1718275.76,12.409819085418414,alta
32494622000100,PLAYTUR VIAGENS E TURISMO LTDA,SP,H,standard,11,1959154.9556178572,2362629.17,20.59429823175469,alta
05302805000103,RAPIDO REUNIDOS VIAGENS E TURISMO LTDA,SP,H,standard,9,1957967.3036218255,1933060.23,1.2720883324125345,alta
43499904000116,ALTAFLEX INDUSTRIA E COMERCIO DE LATEX LTDA,SP,C,standard,6,1957879.508199146,2354861.7600000002,20.27613293557568,alta
11936755000119,R.R.T TRANSPORTES E LOGISTICA LTDA,SP,H,standard,8,1956052.4024663547,1718275.76,12.155944399370178,alta
23150028000100,DUDALOG SERVICOS LTDA,SP,H,standard,8,1956052.4024663547,1718275.76,12.155944399370178,alta
39317648000121,RAPIDO XAVIER TRANSPORTES LTDA,SP,H,standard,8,1956052.4024663547,1718275.76,12.155944399370178,alta
39891543000181,TRANSMS LOGISTICA E TRANSPORTES LTDA.,SP,H,standard,8,1956052.4024663547,1718275.76,12.155944399370178,alta
49669309000168,DIRECT FAST TRANSPORTES E LOGISTICA LTDA,SP,H,standard,8,1956052.4024663547,1718275.76,12.155944399370178,alta
11936755000119,R.R.T TRANSPORTES E LOGISTICA LTDA,SP,H,standard,8,1956052.4024663547,1718275.76,12.155944399370178,alta
19459287000140,BVA TRANSPORTES LTDA,SP,H,standard,8,1956052.4024663547,1718275.76,12.155944399370178,alta
23641864000198,RGF CARGO EXPRESS TRANSPORTES LTDA,SP,H,standard,8,1956052.4024663547,1718275.76,12.155944399370178,alta
51739543000166,TOSCANO BOI TRANSPORTADORA LTDA,SP,H,standard,8,1954659.9165706153,1718275.76,12.093364915639302,alta
04554512000150,CONSTRUTORA E TRANSPORTES CAMPOS ELISEOS LTDA,RJ,M,partnership_heavy_services,9,1951049.7423630941,2110900.59,8.193068796046983,baixa
03098615000190,TRANSPORTES DE CARGAS CIDADE EDSON LTDA,SP,H,standard,8,1950631.0201878264,1718275.76,11.911799709073264,alta
62072376000169,RAMOS TURISMO LTDA,SP,H,standard,8,1950119.91563535,1718275.76,11.888712779994096,alta
09011161000155,"KYOODAI JCCC TRANSPORTES, FRETAMENTO E LOCACAO LTDA",SP,H,standard,8,1950119.91563535,1718275.76,11.888712779994096,alta
14392248000150,FAUSTAO LOCADORA DE VEICULOS E TURISMO LTDA,SP,H,standard,8,1950119.91563535,1718275.76,11.888712779994096,alta
40821171000104,REACT TECHNOLOGY INDUSTRIA COMERCIO IMPORTACAO E EXPORTACAO DE PRODUTOS MEDICOS E HOSPITALARES LTDA,SP,C,standard,6,1948419.6444764407,2354861.7600000002,20.860091237315277,alta
09228014000131,NH CONTABIL LTDA,SP,M,partnership_heavy_services,7,1948377.2190818335,1641811.57,15.734409439785049,baixa
04059685000100,GRAFTEC GRAFICA E EDITORA LTDA,SP,C,standard,7,1948295.7284868162,2316078.94,18.877175889454428,alta
09090056000159,F4 IMPRESSAO UV E PUBLICIDADE EM PLASTICOS LTDA,SP,C,standard,7,1948295.7284868162,2316078.94,18.877175889454428,alta
17941671000150,CRIONI IMPRESSOES GRAFICAS LTDA,SP,C,standard,7,1948295.7284868162,2316078.94,18.877175889454428,alta
05611432000152,PICANOL DO BRASIL EQUIPAMENTOS E SERVICOS PARA INDUSTRIA TEXTIL LTDA,SP,C,standard,7,1948213.2240646763,1553941.9000000001,20.237585865580147,baixa
17547691000140,R MORMITO TRANSPORTES LTDA,SP,H,standard,8,1947472.2975883803,1718275.76,11.768924152204988,alta
11464626000175,METALURGICA CHISSINI LTDA,SP,C,standard,5,1945654.0159774697,1982420.1,1.8896516914421488,alta
02857923000190,RESINAGEM W.O. LTDA,SP,C,standard,12,1941935.289754193,2359516.92,21.503375135567143,alta
33264655000126,MHAR SOLUCOES DE MARKETING PARA VAREJO LTDA,SP,M,partnership_heavy_services,8,1940766.2300713374,1876356.08,3.3188000220392233,baixa
03510148000164,FUGANHOLI SISTEMAS LTDA,SP,J,partnership_heavy_services,5,1938306.637290638,2118106.55,9.276133571965987,baixa
31405680000157,TEXTIL POSITANO LTDA,SP,C,standard,6,1935157.4940005066,2072473.2000000002,7.095841368219803,alta
05950700000160,ERWIN JUNKER MAQUINAS LTDA.,SP,C,standard,10,1932554.3813515657,2219917.0,14.869574767022195,alta
16100403000142,KAIROS TRANSPORTES E SERVICOS LTDA,SP,H,standard,7,1932397.6627846959,1503491.29,22.195554312905614,alta
31031491000161,ANZEN SAFETY COMERCIO E SERVICOS LTDA,SP,H,standard,7,1932397.6627846959,1503491.29,22.195554312905614,alta
34361827000142,ROUTES BR TRANSPORTES E LOGISTICA LTDA,SP,H,standard,7,1932397.6627846959,1503491.29,22.195554312905614,alta
27906412000141,ALFA LOG TRANSPORTADORA LTDA,SP,H,standard,7,1932397.6627846959,1503491.29,22.195554312905614,alta
07298073000150,E & E CARGAS E ENCOMENDAS LTDA,SP,H,standard,7,1932397.6627846959,1503491.29,22.195554312905614,alta
23738252000118,RODOSP TRANSPORTES  RODOVIARIO SP LTDA,SP,H,standard,7,1932397.6627846959,1503491.29,22.195554312905614,alta
04758556000100,LOMAR TRANSPORTES LTDA,SP,H,standard,7,1932397.6627846959,1503491.29,22.195554312905614,alta
19532379000109,DASKA LOGISTICA E TRANSPORTES LTDA,SP,H,standard,7,1932397.6627846959,1503491.29,22.195554312905614,alta
22122492000120,CAR VANS TRANSPORTE LOCACAO & LOGISTICA LTDA,SP,H,standard,8,1927118.109589945,1718275.76,10.837029061720708,alta
54274626000115,CONARD INDUSTRIA E COMERCIO LTDA,SP,C,standard,10,1924026.0256200132,2219917.0,15.378740746744137,alta
01492572000106,FLORAIS SAINT GERMAIN LTDA,SP,C,standard,6,1922675.6382673436,2357821.56,22.63231057136588,alta
33376310000164,TRANSPORTADORA GALMACCI LTDA,RJ,H,standard,9,1922043.2835003478,1933060.23,0.5731893029790989,alta
00685759000155,GUIFI SERVICOS DE TRANSPORTES LTDA,RJ,H,standard,9,1922043.2835003478,1933060.23,0.5731893029790989,alta
52337604000121,TLC MANUELA TRANSPORTE LTDA,RJ,H,standard,9,1922043.2835003478,1933060.23,0.5731893029790989,alta
67955435000160,DANFER COMERCIO E EQUIPAMENTOS LTDA,SP,C,standard,10,1920730.5016870433,2219917.0,15.57670365780993,baixa
40456567000191,J F DA COSTA TRANSPORTES LTDA,SP,H,standard,9,1919902.516462841,1933060.23,0.6853323762187783,alta
11359170000183,CALHEIRANA TRANSPORTES LTDA,SP,H,standard,7,1919213.5163401093,1503491.29,21.66107224655654,alta
42497263000106,VESPER INDUSTRIA E COMERCIO LTDA,RJ,C,standard,14,1919050.5980452031,1861034.1400000001,3.0231854284769843,alta
04285304000101,SOLDAN TRANSPORTES RODOVIARIOS LTDA,SP,H,standard,9,1918649.629726478,1933060.23,0.7510803457938515,alta
20228123000191,TJ TRANSPORTES E LOGISTICA LTDA,SP,H,standard,9,1918649.629726478,1933060.23,0.7510803457938515,alta
36005549000116,GRIN VILLE TRANSPORTES E ARMAZENAGENS LTDA,SP,H,standard,7,1913652.9485839591,1503491.29,21.433440106653894,alta
50637965000168,CRISU LOG TRANSPORTES LTDA,SP,H,standard,7,1913652.9485839591,1503491.29,21.433440106653894,alta
34308129000183,TRANSPORTADORA MCN LTDA,SP,H,standard,10,1912238.965814823,2147844.7,12.3209357406219,baixa
24551448000161,REPAROS FERROVIARIOS SOUZA & SOUZA LTDA,SP,C,standard,9,1911979.8488186367,2346473.34,22.72479448200385,baixa
48279225000155,IB  INDUSTRIA DE  DISTRIBUICAO DE VESTUARIO LTDA,SP,C,standard,12,1909958.8565601802,2346394.92,22.850547902682962,alta
02744033000171,WILSON JOSE DE SOUZA TRANSPORTES LTDA,SP,H,standard,9,1908145.0337219145,1933060.23,1.30572864419469,baixa
12094772000119,D. D. RAMOS TRANSPORTES LTDA,SP,H,standard,9,1907419.641336468,1933060.23,1.344255249755444,alta
21029557000125,RIVATON ESTUDIO DE DUBLAGEM LTDA,RJ,J,partnership_heavy_services,5,1902933.8644363515,2300275.45,20.8804726737753,baixa
04104447000161,SIQUEIRA TRANSPORTES INTERNACIONAIS LTDA,SP,H,standard,7,1901877.5201721964,1503491.29,20.94699716184281,alta
34688244000120,NYPLASTIC PRODUTOS PLASTICOS LTDA,SP,C,standard,5,1901578.636380241,1914697.45,0.6898906712967344,alta
40692355000103,X4 SERVICE - INSTALACOES DE PORTOES LTDA,SP,C,standard,9,1900341.151261935,1997925.3,5.135085806738626,baixa
06116377000197,TRANSPORTADORA KARRATHI LTDA,SP,H,standard,8,1898967.3137774738,1718275.76,9.515253499442155,alta
52655750000103,FITAMAR INDUSTRIA E COMERCIO LTDA,SP,C,standard,6,1897820.189143687,2072473.2000000002,9.20282184030923,alta
09635499000188,PADOVANI IMOVEIS CONSULTORIA E PLANEJAMENTO IMOBILIARIO LTDA,SP,M,partnership_heavy_services,7,1896070.9658198832,1641811.57,13.409803768074596,baixa
25295339000193,SANTOS - GUARUJA TRANSPORTES E LOGISTICA LTDA,SP,H,standard,7,1895411.5018734508,1503491.29,20.677315268271375,alta
53279608000163,VET RADIOTERAPIA LTDA,RJ,M,partnership_heavy_services,8,1892492.4636461742,1876356.08,0.8526524652618646,baixa
10356166000107,LOKEM TRANSPORTES E PRESTACAO DE SERVICOS LTDA,SP,H,standard,7,1890835.3966003645,1503491.29,20.48534247332113,alta
22604495000109,SOHAM TRANSPORTES LTDA,SP,H,standard,7,1888955.381681976,1503491.29,20.406204160245885,alta
60351848000197,REALGRAF ARTES GRAFICAS LTDA,SP,J,partnership_heavy_services,5,1885484.8212371168,1618171.0999999999,14.177452834742276,baixa
05974325000199,FINE PRINT ARTES GRAFICAS LTDA,SP,J,partnership_heavy_services,5,1885484.8212371168,1618171.0999999999,14.177452834742276,baixa
38779930000168,QUATRO + MOVEIS LTDA,SP,C,family_mature_sweet_spot,25,1884798.7746963042,2281601.75,21.052803123114945,alta
11406753000118,BS - BRASIL SAFETY INDUSTRIA E COMERCIO ATACADISTA DE ROUPAS PROFISSIONAIS LTDA,SP,C,standard,11,1884778.5526971726,2000386.2999999998,6.13375757790692,alta
13394372000191,LUNET SOLUCOES EM TECNOLOGIA LTDA,SP,J,partnership_heavy_services,5,1877184.1695677696,2118106.55,12.834243135968043,baixa
54709050000171,ORGATEC ORGANIZACAO TECNICA CONTABIL DE AVARE LTDA.,SP,M,partnership_heavy_services,7,1876226.0216436065,1641811.57,12.493934576083499,baixa
06555581000104,IBIZA TRANSPORTE E LOGISTICA LTDA,SP,H,standard,7,1875867.4314483823,1503491.29,19.850877263798203,alta
12478807000113,TRANSPORTADORA FACIONI LTDA,SP,H,standard,8,1872438.1794880992,1718275.76,8.23324482361523,alta
26894228000166,BBN TRANSPORTES RODOVIARIOS LTDA,RJ,H,standard,9,1872273.0724675993,1933060.23,3.246703615316384,alta
96683099000142,PLASTICOS BARCI LTDA,SP,C,standard,6,1871779.0563163147,2297636.94,22.75150382982589,alta
16840611000188,LOBO SERVICOS E SOLUCOES LTDA,RJ,M,partnership_heavy_services,7,1869990.9929019846,1641811.57,12.202166949899556,baixa
54373451000101,"FEMAQ - FUNDICAO, ENGENHARIA E MAQUINAS LTDA FALIDO",SP,C,standard,5,1869660.3076801668,1943506.25,3.94969834982803,alta
23304913000105,MARQUES PLAYER S AGENT LTDA,RJ,M,partnership_heavy_services,9,1869478.6786767927,2110900.59,12.91386278307728,baixa
08108207000196,GUINNER INDUSTRIA DE PLASTICOS LTDA.,SP,C,standard,6,1866954.04195053,2297636.94,23.06874665214079,alta
72764947000180,LEDMANG INDUSTRIA E COMERCIO LTDA,SP,C,standard,6,1866954.04195053,2297636.94,23.06874665214079,alta
29236740000103,ANJOS TRANSPORTES EXPRESSO RODOVIARIO LTDA,SP,H,standard,7,1866264.4896522067,1503491.29,19.438466608760923,alta
24503885000100,HEAT TRANSFER LTDA,SP,C,standard,15,1866133.8692441685,1876105.35,0.5343389839374322,alta
42024457000186,A3F ENGENHARIA E CONSTRUCOES LTDA,SP,M,partnership_heavy_services,6,1864576.1029043095,1407267.06,24.526166681638454,baixa
25231172000105,DELLASPORA TRANSPORTES LTDA,SP,H,standard,7,1858822.6831271334,1503491.29,19.1159380801913,alta
13953595000141,AGHILY EXPRESS TRANSPORTES LTDA,SP,H,standard,7,1858563.9012607236,1503491.29,19.104675982346713,alta
27987582000106,OLIVEIRA LOCACAO DE VEICULOS E TRANSPORTE EM GERAL LTDA,RJ,H,standard,9,1856003.349376544,1933060.23,4.151764092954925,alta
48353048000100,UNIAO PORTARIA VIRTUAL LTDA,SP,N,standard,19,1855738.3930503537,1607972.09,13.35135943612666,alta
47186903000172,FOTOACABAMENTO AMPLICOLOR LTDA,SP,M,partnership_heavy_services,6,1851665.0561585808,1407267.06,23.999912655937784,baixa
35945450000131,PENIEL CONSTRUCOES E INCORPORACOES LTDA,RJ,M,partnership_heavy_services,6,1848222.248831558,1407267.06,23.858342204804043,baixa
40008590000113,CASTELANI TRANSPORTE RODOVIARIO DE CARGAS LTDA,SP,H,standard,7,1843238.1204638104,1503491.29,18.432064023194165,alta
04102999000130,J.V. FRANCE TRANSPORTES LTDA,SP,H,standard,7,1843238.1204638104,1503491.29,18.432064023194165,alta
09536462000100,CONFECCOES K-2 LTDA,SP,C,standard,11,1843048.587497199,2150862.0100000002,16.701318922948314,alta
55134126000140,CONFECCOES DALRI LIMITADA,SP,C,standard,11,1843048.587497199,2150862.0100000002,16.701318922948314,alta
46450488000150,MM TECH SEGURANCA EM EQUIPAMENTOS INDUSTRIAIS LTDA,SP,C,standard,14,1840693.6191704192,1861034.1400000001,1.1050465225575243,alta
39576734000159,CORREIA ADMINISTRACAO DE PESSOAL LTDA,RJ,N,standard,10,1839950.8276567077,1387303.1,24.601077422986503,alta
09258274000150,MVP - SERVICOS DE ACABAMENTOS GRAFICOS LTDA,SP,C,standard,11,1839244.23508676,2228975.87,21.189770639398297,alta
26700298000136,MULTIPLUS ENGENHARIA LTDA,SP,M,partnership_heavy_services,7,1837815.208646794,1641811.57,10.665035185507792,baixa
07800580000140,GAMB TRANSPORTES LTDA,SP,H,standard,8,1837055.9389064366,1718275.76,6.465789984443482,alta
10651441000107,GRAFICA CS LTDA,SP,C,standard,5,1836689.1249610991,1952473.85,6.303991430305511,alta
03531509000159,TUINZAO SERVICOS DE COBRANCA LTDA,SP,N,standard,11,1834049.5284309564,1526033.41,16.79431845520915,alta
28640839000103,EXPRESSO SOUZA E FERREIRA TRANSPORTES LTDA,SP,H,standard,7,1832053.806119299,1503491.29,17.934108431851577,alta
15527696000186,WS CONEXOES E CALDEIRARIA LTDA,SP,C,standard,5,1828853.5806576423,1839302.55,0.5713398520728127,alta
31856735000145,SEMINTER SERVICOS DE MANUTENCAO E COMERCIO LTDA,RJ,C,standard,13,1828752.5119849662,1764606.35,3.5076458714110283,alta
55497481000184,SERGAL GALVANIZACAO INDUSTRIA E COMERCIO LTDA,SP,C,standard,7,1828634.4795475316,1714109.67,6.262859572453709,alta
31971571000105,TRANSPACK SERVICOS DE TRANSPORTES LTDA,SP,H,standard,8,1828036.689676678,1718275.76,6.004306713126818,alta
51554215000195,F M SERVICOS E LOCACOES LTDA,SP,C,standard,10,1822207.1790209117,2219917.0,21.825719136546336,alta
01421243000166,J C DE ITIRAPINA TRANSPORTES LTDA,SP,H,standard,8,1820923.1588958954,1718275.76,5.6371076612664375,alta
18279582000152,MEIADO ENGENHARIA E SERVICOS LTDA.,SP,M,partnership_heavy_services,7,1817424.7810123933,1641811.57,9.66274988913534,baixa
56389389000163,LUMITEX INDUSTRIA E COMERCIO DE TOLDOS E PERGOLAS LTDA,SP,C,recent_startup,9,1816393.6197039562,1803141.9000000001,0.7295621147422806,baixa
18778196000105,PONTA DE AGULHA CONFECCOES LTDA,RJ,C,standard,11,1813952.568952796,2150862.0100000002,18.573222189690643,alta
30807853000109,TAME CONFECCOES LTDA,RJ,C,standard,11,1813952.568952796,2150862.0100000002,18.573222189690643,alta
04063433000147,MAD SPIRIT LTDA,RJ,C,standard,11,1813952.568952796,2150862.0100000002,18.573222189690643,alta
14461881000152,IBANEZ BRANDAO ENGENHARIA LTDA,SP,M,partnership_heavy_services,9,1812605.0696440046,2110900.59,16.456729893985152,baixa
35797896000166,MONTE SANTO LOGISTICA LTDA,SP,H,standard,8,1811082.9027263282,1718275.76,5.124400577500911,alta
11763192000104,DELU TRANSPORTE DE CARGAS LTDA,SP,H,standard,7,1809110.7226545797,1503491.29,16.89335145867314,alta
46994880000160,LF BORGES ENGENHARIA LTDA,SP,M,partnership_heavy_services,6,1807832.4171524374,1407267.06,22.157217303547302,baixa
26477205000156,JURAS TRANSPORTES E TURISMO LTDA,SP,H,standard,10,1806472.7764357645,2147844.7,18.89715295005855,alta
18726595000122,"X5 PESQUISAS, PROJETOS E CONSULTORIA EM ENGENHARIA LTDA",SP,M,partnership_heavy_services,6,1804095.2887746177,1407267.06,21.995968352877433,baixa
32989179000148,TARGET TOPOGRAFIA LTDA,SP,M,partnership_heavy_services,6,1803850.4080984115,1407267.06,21.98537896035863,baixa
43542786000181,MARKIMPLAST INDUSTRIA E COMERCIO DE PLASTICO LTDA,SP,C,standard,5,1801148.960276104,1914697.45,6.304225371037034,alta
36569610000158,NED COMPONENTES PLASTICOS E METALICOS LTDA,SP,C,standard,5,1801148.960276104,1914697.45,6.304225371037034,alta
22799908000140,M A DE SOUZA INDUSTRIA COMERCIO E SERVICOS LTDA,SP,C,standard,9,1800249.506413954,2247269.4,24.83099659205,alta
68756154000141,GAIVOTA ENGENHARIA E CONSULTORIA EM GESTAO LTDA.,RJ,M,partnership_heavy_services,7,1799046.4842309353,1641811.57,8.739902810135046,baixa
21813588000172,CLEBER GONCALVES DE OLIVEIRA SERVICOS LTDA,SP,N,standard,11,1796823.4239405713,1526033.41,15.070485520870388,baixa
03614882000173,PROANSI TECNOLOGIA LTDA,SP,J,partnership_heavy_services,5,1792919.4325284823,2118106.55,18.137296722414302,baixa
43218960000135,W I PUBLICIDADES LTDA,RJ,N,standard,14,1792883.7751139626,1942224.3399999999,8.329628889443466,baixa
05539814000112,A CLEAN SANEAMENTO AMBIENTAL DE RESIDUOS LTDA,RJ,H,standard,10,1790372.4828353329,2147844.7,19.966360106169333,alta
09419889000110,LILHA SHOES CALCADOS LTDA,SP,C,standard,12,1789572.8435890358,1665630.2399999998,6.925820540529988,alta
22270749000191,TOTAL CARGO SVQ LTDA,SP,H,standard,7,1789556.6875568908,1503491.29,15.985266046387625,alta
07703694000172,VITEC 2005 COMERCIO E INSTALACOES DE EQUIPAMENTOS LTDA,RJ,C,standard,13,1781975.5553276883,1728103.1300000001,3.023185428476969,alta
02583502000118,USINAGEM & FERRAMENTARIA ESTRELA LTDA,SP,C,standard,5,1780343.740102546,1943506.25,9.164663330018277,baixa
53398301000181,CONFECCOES ESMERAL LTDA,SP,C,standard,11,1777684.6374818976,2150862.0100000002,20.992327021890166,alta
33387108000138,AVIA TRANSPORTES LTDA,RJ,H,standard,7,1775491.3077365598,1503491.29,15.319704272915427,alta
08479092000146,"LA CONFIANZA CONFECCOES, COMERCIO, IMPORTACAO E EXPORTACAO LTDA",SP,C,standard,12,1774074.1242911497,2182239.5999999996,23.007239106874234,alta
57807703000143,TEC ART EDITORA LTDA,SP,N,standard,11,1768191.8706736455,1526033.41,13.695259247028893,baixa
13712596000102,SEGECOL - SERVICOS GERAIS DE CONSTRUCAO LTDA,RJ,M,partnership_heavy_services,7,1766985.2776689972,1641811.57,7.084026632871892,baixa
36196430000178,HMV ENGENHARIA LTDA,RJ,M,partnership_heavy_services,7,1766985.2776689972,1641811.57,7.084026632871892,baixa
04596199000113,HAWAI - LOGISTICA LTDA,RJ,H,standard,8,1766241.6208609662,1718275.76,2.7157021040861253,baixa
14362608000170,P. ZAGO COMERCIO DE BORRACHAS LTDA,SP,C,standard,5,1765126.165634863,2134781.6,20.94215368634474,alta
04243368000131,TRANSPORTADORA EXPRESSO SICUPIRA LTDA,SP,H,standard,7,1764375.6872062508,1503491.29,14.786215832487501,alta
06376181000131,FLORA MARIA DE FATIMA METEDIERI FURQUIM LTDA,SP,H,standard,7,1764375.6872062508,1503491.29,14.786215832487501,alta
08851541000135,TRANS AMARO TRANSPORTE SOROCABA LTDA,SP,H,standard,7,1764375.6872062508,1503491.29,14.786215832487501,alta
38174472000133,LOG5 TRANSPORTE DE CARGAS E LOCACOES LTDA,SP,H,standard,7,1764375.6872062508,1503491.29,14.786215832487501,alta
34983317000107,TRANSPORTADORA MALONI LTDA,SP,H,standard,7,1758057.919267939,1503491.29,14.479991044546544,alta
01148814000130,CENTRAL LOG TRANSPORTES LTDA,SP,H,standard,7,1753284.974515213,1503491.29,14.247181042789773,alta
09327105000124,EDITORA AJS LTDA.,SP,J,partnership_heavy_services,5,1751607.4169396542,1618171.0999999999,7.617935140557321,baixa
61439790000109,GIACOMO M. FURLAN TRANSPORTES LTDA,SP,H,standard,7,1748339.8083287328,1503491.29,14.004629830100795,alta
40381323000197,WE.GO INDUSTRIA DE CALCADOS LTDA,SP,C,standard,14,1745925.7915395566,1943235.2799999998,11.301138308201278,alta
02538878000100,MAPPI TRANSPORTES E LOGISTICA LTDA,RJ,H,standard,9,1744976.262043864,1933060.23,10.778597511454747,alta
22238465000118,COBALTH OPERACOES EM TRANSPORTE E LOGISTICA LTDA,RJ,H,standard,9,1744976.262043864,1933060.23,10.778597511454747,alta
23715087000189,MARINHO DOS SANTOS TRANSPORTES LTDA,RJ,H,standard,8,1744967.6273698083,1718275.76,1.5296482840796846,alta
42957971000174,PRODZ ADMINISTRACAO E GESTAO DE BENS LTDA,SP,M,partnership_heavy_services,6,1742872.76518853,1407267.06,19.255892449052464,baixa
54171723000182,STARLUX EQUIPAMENTOS INDUSTRIAIS LTDA.,SP,C,standard,9,1740482.6930241357,1997925.3,14.791448832424233,alta
25062499000192,CH ESTUDIO FOTOGRAFICO LTDA,RJ,M,partnership_heavy_services,9,1737046.2519145338,2110900.59,21.522417015287424,baixa
46021459000172,SEG ARA PROTECT LTDA,RJ,N,standard,17,1736417.5093361442,1438711.87,17.144819015903668,baixa
07046165000143,CENTRO VETERINARIO PET HOME CARE LTDA,SP,M,partnership_heavy_services,6,1735662.7806163332,1407267.06,18.920479501192045,baixa
47981943000106,FABIO CERON VIEIRA DE SOUZA LTDA,SP,M,partnership_heavy_services,7,1735392.4798785497,1641811.57,5.3924925320120565,baixa
67155697000140,AJITEC FERRAMENTARIA LTDA,SP,C,standard,7,1733854.587557972,1714109.67,1.1387873988776376,alta
22002447000132,THIAGO PEREIRA LIMA KNIERIM LTDA,RJ,H,standard,8,1726816.7242785636,1718275.76,0.49460745651116517,alta
27310765000184,LL TECNOLOGIA EM AUTOMACAO COMERCIAL LTDA,RJ,C,standard,7,1724335.4792179905,1553941.9000000001,9.881695370280625,alta
05316861000105,TRANSPORTADORA NOVA ROTA LTDA,RJ,H,standard,10,1723463.6249608023,2147844.7,24.62373263310677,alta
32164919000107,ZYCON SERVICE MANUTENCAO LTDA.,SP,C,standard,8,1722023.9259432047,1565289.2,9.101773998718187,alta
09193292000109,LOG BEBEDOURO TRANSPORTES LTDA,SP,H,standard,6,1718182.1795203027,1288706.82,24.995915138650044,alta
21020718000110,F. P. SOLDAS ESPECIAIS LTDA,SP,C,standard,8,1714635.0069508255,1958982.48,14.250698956841154,alta
37598601000158,MVJ EXPRESS LTDA,SP,H,standard,7,1711938.619588313,1503491.29,12.176098325209832,alta
11936755000119,R.R.T TRANSPORTES E LOGISTICA LTDA,SP,H,standard,7,1711545.8521580605,1503491.29,12.155944399370187,alta
48679788000130,PELA FE TRANSPORTES LTDA,SP,H,standard,7,1711545.8521580605,1503491.29,12.155944399370187,alta
08979961000100,TRANS TOP LOGISTICA E TRANSPORTE LTDA,SP,H,standard,7,1711545.8521580605,1503491.29,12.155944399370187,alta
10710803000193,MRBG TRANSPORTES LTDA,SP,H,standard,7,1711545.8521580605,1503491.29,12.155944399370187,alta
34146175000123,EMPRESA DE TRANSPORTE ANGELA LTDA,RJ,H,standard,8,1708482.9186669763,1718275.76,0.5731893029790716,alta
44610094000196,PORTO E LOPES TRANSPORTES LTDA,RJ,H,standard,8,1708482.9186669763,1718275.76,0.5731893029790716,alta
23110101000110,ROMA LOG LOGISTICA E TRANSPORTE LTDA,RJ,H,standard,8,1708482.9186669763,1718275.76,0.5731893029790716,alta
31975434000130,ZILLOG TRANSPORTE DISTRIBUICAO DE CARGAS E ENCOMENDAS LTDA,RJ,H,standard,8,1708482.9186669763,1718275.76,0.5731893029790716,alta
12638195000189,NEW STAR FOLHEADOS INDUSTRIA E COMERCIO DE ARTIGOS DE BIJUTERIA LTDA,SP,C,standard,27,1708369.6752516455,2011201.1099999999,17.72634103352056,alta
14892080000141,NASCIMENTO & ROSS- LOCADORA DE VEICULOS E TRANSPORTES LTDA.,SP,H,standard,7,1706354.9261809315,1503491.29,11.88871277999411,alta
04347880000128,LK TRANSPORTADORA TURISTICA LTDA,SP,H,standard,7,1706354.9261809315,1503491.29,11.88871277999411,alta
44658679000186,TRANSMIN LTDA,SP,H,standard,7,1705200.6700076978,1503491.29,11.829069947925083,alta
23031009000165,CASSAN MAQUINAS E EQUIPAMENTOS LTDA,SP,C,standard,15,1701380.9756418956,1993965.1500000001,17.196864109034642,alta
26283263000149,LC TRANSPORTES E LOCACAO SERTAOZINHO LTDA,SP,H,standard,6,1700358.9815450453,1288706.82,24.209720771492268,alta
23548544000198,RSOUZA TRANSPORTES LTDA,SP,H,standard,7,1698244.8198038223,1503491.29,11.467930155460142,alta
51955925000127,ALUTRANS DISTRIBUIDORA LTDA,SP,H,standard,7,1698244.8198038223,1503491.29,11.467930155460142,alta
09509347000139,RTA ESQUADRIAS DE ALUMINIO E VIDROS LTDA,SP,C,standard,10,1695634.3159036294,2056985.5,21.310678883247363,alta
29118042000103,ECOTRY TRATAMENTO E ANALISE DE LUBRIFICANTES LTDA.,SP,C,standard,16,1693407.0603374988,2001179.04,18.174719290538555,alta
43094925000151,EJL TRANSPORTADORA LTDA,SP,H,standard,8,1692677.1294142928,1718275.76,1.5123162085001411,alta
18147821000110,QUALLY APOIO LOGISTICO LTDA,SP,H,standard,8,1692677.1294142928,1718275.76,1.5123162085001411,alta
19790531000153,VET LINE EXPRESS TRANSPORTES E LOGISTICA LTDA,SP,H,standard,6,1691143.061637504,1288706.82,23.79670004073056,alta
21656716000111,CARLOS ROBERTO M SOUZA LTDA,RJ,M,partnership_heavy_services,6,1688154.1401968747,1407267.06,16.638710500933122,baixa
12854097000189,SQUADRO SERVICOS DE REPARACAO LTDA,RJ,C,standard,12,1688079.2418322763,1628867.4000000001,3.507645871411015,alta
11714910000152,BLX TRANSPORTES LTDA,SP,H,standard,6,1687287.1895273118,1288706.82,23.62255649193738,alta
07292142000119,VILSON VITORINO DA SILVA LOCADORA LTDA,SP,H,standard,9,1682920.673693663,1933060.23,14.86341930528029,alta
71816383000119,MARIJE TRANSPORTES LTDA,SP,H,standard,6,1682052.6222308904,1288706.82,23.384869000661794,alta
10393906000177,LOGISTICA COLINAS SERVICOS LTDA,SP,H,standard,6,1682052.6222308904,1288706.82,23.384869000661794,alta
31498313000145,CLF TRANSPORTES LTDA,SP,H,standard,6,1682052.6222308904,1288706.82,23.384869000661794,alta
06018487000116,LTSL SUDESTE ENCOMENDAS URGENTES LTDA,RJ,H,standard,8,1678553.3445193844,1718275.76,2.3664672683958803,alta
37867813000193,KHL TRANSPORTES E TERRAPLENAGENS LTDA,SP,H,standard,8,1677320.2349942839,1718275.76,2.4417236584435353,alta
02321753000124,ICT INDUSTRIA E COMERCIO TEXTIL LTDA,SP,C,standard,7,1677093.696867432,1860970.3000000003,10.96400299375182,alta
23393370000131,NOVA ESPANHA PANIFICACAO E COMERCIO LTDA,SP,C,standard,5,1676446.9637678936,1257438.75,24.99382460785714,alta
59325670000120,PAVILLIE COMERCIO E INDUSTRIA DE CONFECCOES LTDA,SP,C,standard,10,1675498.7159065446,1955329.1,16.7013189229483,alta
22598179000163,E.B. & S. CONFECCOES LTDA,SP,C,standard,10,1675498.7159065446,1955329.1,16.7013189229483,alta
49331634000116,E&C CONFECCOES LTDA,SP,C,standard,14,1674515.4417200778,1737777.1600000001,3.777911908351192,alta
10554360000199,JOCARSIL E FILHOS TRANSPORTES LTDA,RJ,H,standard,8,1671371.2623957437,1718275.76,2.80634821595672,alta
60806999000192,TEXTIL SUBLIPAPER LTDA,SP,C,standard,6,1669967.7672744137,1985210.52,18.877175889454442,alta
07157330000134,METALFORJA INDUSTRIA DE PECAS USINADAS LTDA,SP,C,standard,7,1669079.934209915,1714109.67,2.6978777269526244,alta
01003509000150,OCP ENGENHARIA INDUSTRIAL E COMERCIO LTDA,SP,M,partnership_heavy_services,7,1665203.3726004772,1641811.57,1.4047414859571863,baixa
10812666000106,CHT ENERGY COMERCIO E MANUTENCAO DE EQUIPAMENTOS LTDA,SP,C,standard,9,1664165.354637896,1997925.3,20.055696053997384,alta
38872644000142,DIAN & DIAN LTDA,SP,C,standard,6,1658465.0380384426,1765552.6800000002,6.457033431842252,alta
28625794000106,VIACAO NEW TRANSPORTES LTDA,SP,H,standard,6,1658274.0912044484,1288706.82,22.286259742261414,alta
07544175000109,FEDERAL SAN SANEAMENTO LTDA,SP,H,standard,6,1657664.6058819098,1288706.82,22.257686179262844,alta
02603481000155,BISPRESS TRANSPORTADORA DE CARGAS E LOGISTICA LTDA,SP,H,standard,6,1656340.8538154536,1288706.82,22.19555431290561,alta
20149859000174,LJR TRANSPORTES DE CARGAS LTDA,SP,H,standard,6,1656340.8538154536,1288706.82,22.19555431290561,alta
10662568000121,ROADMASTER LOGISTICA E TRANSPORTE LTDA,SP,H,standard,6,1656340.8538154536,1288706.82,22.19555431290561,alta
02679312000107,"VINCE TRANSPORTES, TERRAPLENAGEM E LOCACOES LTDA",SP,H,standard,6,1656340.8538154536,1288706.82,22.19555431290561,alta
02446899000104,TRANSPORTES BORGO LTDA.,SP,H,standard,6,1656340.8538154536,1288706.82,22.19555431290561,alta
11108472000189,CACAU TRANSPORTE E TERRAPLENAGENS LTDA,SP,H,standard,6,1656340.8538154536,1288706.82,22.19555431290561,alta
05872459000107,BCL LOGISTICA E TRANSPORTES LTDA,SP,H,standard,6,1656340.8538154536,1288706.82,22.19555431290561,alta
33495265000167,NA HORA TRANSPORTE LTDA,SP,H,standard,6,1656340.8538154536,1288706.82,22.19555431290561,alta
40421467000120,SPALC INDUSTRIAL LTDA,SP,C,standard,5,1655996.309888889,1914697.45,15.622084334745209,alta
39576734000159,CORREIA ADMINISTRACAO DE PESSOAL LTDA,RJ,N,standard,9,1655955.744891037,1248572.79,24.60107742298651,alta
42536551000114,SR VET CLINICA VETERINARIA E PET SHOP LTDA,RJ,M,partnership_heavy_services,7,1655930.9056904023,1641811.57,0.8526524652618559,baixa
02114715000109,VETERINARIA ARTHUR RIOS LTDA,RJ,M,partnership_heavy_services,7,1655930.9056904023,1641811.57,0.8526524652618559,baixa
02054491000189,CLINICA VETERINARIA GRAND VET LTDA,RJ,M,partnership_heavy_services,7,1655930.9056904023,1641811.57,0.8526524652618559,baixa
19825300000138,FABRILIA COMERCIO E INDUSTRIA DE MOVEIS ESPECIAIS LTDA,SP,C,standard,8,1655909.0587090473,1997572.8,20.633001522276537,alta
04655491000160,S & R INDUSTRIA E COMERCIO LTDA,SP,C,standard,8,1655909.0587090473,1997572.8,20.633001522276537,alta
11248798000101,T G TRANSPORTES RODOVIARIOS ARARAQUARA LTDA,SP,H,standard,7,1655655.826244008,1503491.29,9.190589845548141,alta
22547535000110,EXPRESSO BNT LOGISTICA E TRANSPORTES LTDA.,SP,H,standard,6,1645040.156862951,1288706.82,21.66107224655654,alta
13193112000158,DEZZA INDUSTRIA E COMERCIO DE EQUIPAMENTOS INDUSTRIAIS LTDA,SP,C,standard,13,1642906.7397871767,1728103.1300000001,5.185710676666881,alta
09603646000138,"J. A. METAIS, CROMO E OURO EM ABS LTDA",SP,C,standard,8,1641409.6185104449,1958982.48,19.347569181283816,alta
21861248000117,VISAO CONTABIL SERVICOS EMPRESARIAIS LTDA,RJ,M,partnership_heavy_services,6,1641135.3694092543,1407267.06,14.250397241358453,baixa
47334782000169,MANEZINHO TRANSPORTES E LOGISTICA LTDA,SP,H,standard,6,1639935.5279715585,1288706.82,21.41722659097424,alta
36904825000188,FIMAQ SERVICOS ONSITE LTDA,RJ,C,standard,14,1638966.3826080896,1861034.1400000001,13.549256394053295,baixa
07331961000128,RAPIDO TRES PONTAS PAULISTA TRANSPORTES RODOVIARIOS LTDA.,SP,H,standard,7,1638383.4070520862,1503491.29,8.233244823615195,alta
10444662000104,INDUSTRIA TEXTIL OLIVEIRA LTDA,SP,C,standard,7,1633929.1424924699,1860970.3000000003,13.895410247790274,alta
01997891000165,INJEFLEX INDUSTRIA E COMERCIO DE DISPOSITIVOS E PRODUTOS MEDICOS LTDA,SP,C,standard,5,1631566.2568326218,1962384.8,20.276132935575667,alta
18125350000140,BREEF COMERCIO DE CONTAINERS LTDA,SP,H,standard,6,1630180.731576169,1288706.82,20.946997161842834,alta
17875306000194,GENUINA TRANSPORTES LTDA,SP,H,standard,7,1630047.730971482,1503491.29,7.7639714817465055,alta
07852939000123,R.A.G. PAES TRANSPORTES LTDA,SP,H,standard,7,1629265.3025057265,1503491.29,7.719676612046697,alta
22543997000169,G&G TELES TRANSPORTES LTDA,SP,H,standard,7,1629265.3025057265,1503491.29,7.719676612046697,alta
41431126000106,FRF TRANSPORTES E SERVICOS AGRICOLAS LTDA,SP,H,standard,8,1624815.3596168638,1718275.76,5.7520628316299565,alta
07145062000130,TEXTIL PRIMOS & PRIMOS LTDA,SP,C,standard,6,1624543.228550642,1765552.6800000002,8.67994455125467,alta
29032676000149,DIOGO PEREIRA BARROS MONTAGEM DE MOVEIS LTDA,SP,C,standard,18,1622232.331853972,1642753.2600000002,1.2649808380144785,alta
15021896000162,COCKTAIL IMPRESSOS LTDA,SP,J,partnership_heavy_services,5,1621292.7010036341,1618171.0999999999,0.19253778183926337,baixa
12014047000193,RR LOG TRANSPORTES E LOCACAO LTDA,SP,H,standard,6,1620716.0542288837,1288706.82,20.48534247332112,alta
20239304000113,FORTI RENTAL LOCACAO DE MAQUINAS E EQUIPAMENTOS LTDA,SP,H,standard,6,1620703.2673290046,1288706.82,20.484715124697093,alta
15610467000120,HT EQUIPAMENTOS E INSTALACOES INDUSTRIAIS LTDA,SP,C,standard,11,1620553.0542023042,1462241.11,9.76900717886284,alta
51982187000107,SANTIAGO SERVICOS ADMINISTRATIVOS RJ LTDA,RJ,N,standard,9,1619072.7531290269,1248572.79,22.883466009356095,alta
11192939000111,ALLFA L.L. TURISMO E LOCACOES LTDA,SP,H,standard,6,1618434.4060723581,1288706.82,20.373243724628058,alta
30142442000133,RD CRISTAL TRANSPORTE DE CARGA E DISTRIBUIDORA LTDA,RJ,H,standard,8,1618159.539895664,1718275.76,6.187042602164639,alta
20114068000109,QI SERVICOS INDUSTRIAIS LTDA,SP,C,standard,9,1617508.1071582062,1997925.3,23.518719390541257,alta
18269959000192,DUARTE OLIVEIRA TRANSPORTES LTDA,SP,H,standard,7,1617122.6353097851,1503491.29,7.026761163850584,alta
55598438000105,NOBEL LOGISTICA DO BRASIL LTDA,SP,H,recent_startup,7,1617122.6353097851,1503491.29,7.026761163850584,baixa
12278786000192,DBC CRUZ LTDA,SP,C,standard,8,1614572.1064035168,1602792.8,0.7295621147422998,alta
56181688000108,LINHAS OK INDUSTRIA E COMERCIO LTDA,SP,C,standard,8,1614572.1064035168,1602792.8,0.7295621147422998,alta
02451922000140,RDB INDUSTRIA MECANICA LTDA,SP,C,standard,5,1613778.801363315,1982420.1,22.843359841216042,alta
46162963000192,BRUHEN LOG TRANSPORTES E SERVICOS LTDA,SP,H,standard,6,1613128.8394572828,1288706.82,20.111352021108896,alta
01695336000189,25 DE JULHO TRANSPORTES LTDA,RJ,H,standard,9,1611335.2345517997,1933060.23,19.96636010616931,alta
01629874000175,TRANSPORTADORA NUNES DO VALE LTDA,SP,H,standard,6,1608592.1520812216,1288706.82,19.886043312305663,alta
02765637000102,A.L. LOCADORA DE VEICULOS LTDA,SP,H,standard,6,1608454.104344931,1288706.82,19.879167424248838,alta
40763370000103,LIRIUS NOGUEIRA PROMOCAO DE VENDAS LTDA,RJ,M,partnership_heavy_services,7,1607504.6948506874,1641811.57,2.1341695149760818,baixa
12624930000103,"ISOTEC INDUSTRIA, COMERCIO DE PLASTCOS E SERVICOS LTDA",RJ,C,standard,5,1601252.0440548665,1914697.45,19.5750198795308,alta
32639845000118,EXPRESSO G&J TRANSPORTES E LOGISTICA LTDA,SP,H,standard,6,1599655.2768447488,1288706.82,19.43846660876093,alta
09119810000136,G-7 COMERCIO E TRANSPORTES DE PISOS LTDA,SP,H,standard,7,1598825.603841125,1503491.29,5.962771274871224,alta
25309631000118,CT SERVICES SOLUCOES EM AUTOMACAO LTDA,SP,C,standard,12,1597695.3618766067,1595172.12,0.1579300996181694,alta
04919923000100,OIL ONLINE DE MACAE HIDRAULICA LTDA,RJ,C,standard,8,1597484.933922645,1775933.6,11.170600879419384,baixa
49736862000176,GALENI & FILHOS VIGILANCIA E SERVICOS LTDA,SP,N,standard,18,1596960.093500128,1523341.98,4.609890616538573,baixa
10413437000100,VOLT TRANSPORTE RODOVIARIO LTDA,SP,H,standard,6,1593276.5855375428,1288706.82,19.115938080191295,alta
08074153000195,K-THA TRANSPORTES PESADOS LTDA,SP,H,standard,6,1593276.5855375428,1288706.82,19.115938080191295,alta
21873746000180,PRIVILEGE TRANSPORTES E LOGISTICA LTDA,SP,H,standard,6,1593276.5855375428,1288706.82,19.115938080191295,alta
03827455000173,TRANSGUERREIRO LOCACAO E VEICULOS LTDA,RJ,H,standard,8,1593270.2026156134,1718275.76,7.845847940868386,alta
57103482000122,VENEZA COMERCIO E TRANSPORTE DE PRODUTOS DE HIGIENE PESSOAL LTDA,RJ,H,recent_startup,8,1593270.2026156134,1718275.76,7.845847940868386,baixa
48570153000109,MAREMAR AGUAS COMERCIO E TRANSPORTE LTDA,SP,H,standard,6,1591941.2231899682,1288706.82,19.04809039257995,alta
44107297000164,MS MONTAGENS INDUSTRIAIS LTDA,SP,C,standard,15,1591514.8605769258,1876105.35,17.881736229588828,baixa
03209507000148,SAROTHAY COMERCIO DE MAQUINAS E EQUIPAMENTOS E SERVICOS LTDA,RJ,H,standard,6,1590919.7502405802,1288706.82,18.996114052571116,alta
06117591000168,M.ROSSIN LTDA,SP,C,standard,8,1589523.7930380148,1958982.48,23.243356820463102,baixa
14961724000106,TRANSPORTADORA HEFESTO LTDA,SP,H,standard,6,1589414.3675703416,1288706.82,18.919392809442016,baixa
10606351000102,ESPORTIVA TRANSPORTES E LOCACOES LTDA,SP,H,standard,6,1585166.290956196,1288706.82,18.70210542878546,alta
13428714000147,LK PRODUCOES CULTURAIS E ARTISTICAS LTDA,RJ,M,partnership_heavy_services,6,1582039.8239013625,1407267.06,11.047304957871857,baixa
08145077000161,TRANSPORTES MIO & VETTORAZZI LTDA,SP,H,standard,6,1579918.3889689802,1288706.82,18.432064023194155,alta
43873323000100,TMF COMERCIO DE PRODUTOS E FIBRAS LTDA,SP,C,standard,6,1573067.8348874808,1417911.6,9.863289519143898,baixa
39666723000160,SINGULAR ENVIO LOGISTICA INTEGRADA LTDA,SP,H,standard,6,1572530.2049001486,1288706.82,18.04883518394297,alta
01417433000100,ZURIPLAST INDUSTRIA DE DERIVADOS TERMOPLASTICOS LTDA,SP,C,standard,5,1572250.0402840876,1914697.45,21.78072195527093,alta
06185627000140,ACOS BUZON INDUSTRIA DE MOVEIS LTDA,SP,C,standard,5,1571606.062112959,1663453.2000000002,5.844157775998676,alta
47693151000136,ZATHURA MONTAGENS DE BARRAMENTOS E QUADROS ELETRICOS LTDA,SP,C,standard,19,1568346.868340946,1734017.33,10.563381417932515,alta
20080245000183,NARVAES TRANSPORTES LTDA,SP,H,standard,6,1567900.9981813016,1288706.82,17.806875466318022,alta
33139239000104,FABRICA DE APARELHOS DE PRECISAO FAP LTDA,RJ,C,standard,5,1566748.7866297476,1914697.45,22.208325057568988,alta
57896185000181,PAULO BERNARDINO DE AZEVEDO LTDA,SP,M,partnership_heavy_services,6,1562854.3172908335,1407267.06,9.955326966146133,baixa
10661584000108,ASO - ASSESSORIA EM SAUDE OCUPACIONAL LTDA,SP,M,partnership_heavy_services,6,1562197.631024101,1407267.06,9.91747573721105,baixa
02734092000169,SENTRAN - SERVICOS ESPECIALIZADOS DE TRANSITO LTDA,SP,N,standard,15,1561284.2161502955,1269451.65,18.691828376378243,alta
52247664000153,ALTOE EXPRESS  TRANSPORTADORA TURISTICA LTDA,SP,H,standard,7,1560534.903360986,1503491.29,3.655388497759889,alta
28164104000150,TRANSFELIPE TRANSPORTADORA E PRESTADORA DE SERVICOS LTDA,SP,H,standard,7,1560097.949547695,1503491.29,3.6284042014225073,alta
00484272000104,ACIBEL - FERRAMENTARIA E INDUSTRIA DE ARTEFATOS DE PLASTICOS LTDA-ME,SP,C,standard,5,1559815.8802635956,1914697.45,22.75150382982589,alta
01170696000167,TRANSPORTES IRMAOS DINIZ LTDA,SP,H,standard,7,1559678.5120214906,1503491.29,3.6024874093230035,alta
08047872000117,ALPAR TRANSPORTADORA E DISTRIBUIDORA LTDA,SP,H,standard,6,1557579.3177938047,1288706.82,17.262202619295337,alta
11104329000119,ZONER & ZONER LTDA,SP,H,standard,6,1557579.3177938047,1288706.82,17.262202619295337,alta
11266755000159,ESQUADRIAS DE ALUMUNIO BORTOLETO LTDA,SP,C,standard,9,1556479.8232930247,1851286.95,18.940632721036856,alta
12313281000111,ARCI SOLUCOES PROJETOS E MONTAGEM LTDA,SP,M,partnership_heavy_services,5,1556354.9684106892,1172722.55,24.649416501843724,baixa
65820599000155,INTERPAIS INDUSTRIA E COMERCIO LIMITADA,SP,C,standard,5,1555795.0349587754,1914697.45,23.068746652140753,alta
18685670000154,LESSA TRANSPORTES RODOVIARIO DE CARGAS LTDA,RJ,H,standard,8,1551090.0107056568,1718275.76,10.778597511454752,alta
06130281000183,FERRO EXPRESSO C. D. LTDA,SP,M,partnership_heavy_services,6,1549322.7679371133,1407267.06,9.16889049053717,baixa
56915721000186,HORACIO FERNANDO MARION LTDA,SP,C,standard,7,1547337.0534341272,1747876.2,12.960275598700383,alta
61556932000100,RODO RACA TRANSPORTES LTDA,SP,H,standard,7,1547232.3838922004,1503491.29,2.8270539285227327,alta
46787076000100,TAURUS UNITEXT ENGENHARIA E SERVICOS LTDA,SP,C,standard,8,1547095.727132565,1775933.6,14.791448832424232,alta
66148370000189,PERA TRANSPORTE LTDA,SP,H,standard,7,1546416.0929616014,1503491.29,2.775760234064459,alta
37453605000148,M R DO NASCIMENTO INTERMEDIACOES DE NEGOCIOS LTDA,SP,J,partnership_heavy_services,9,1541499.5786542583,1699085.7,10.22291043915274,baixa
08602869000118,JARD TRANSPORTE E TURISMO LTDA,SP,H,standard,8,1540348.0559464484,1718275.76,11.551136340041415,baixa
10366648000130,R.R. PASTRO TRANSPORTES DE CARGA LTDA,SP,H,standard,6,1537405.1797506753,1288706.82,16.176500705624477,alta
51868306000103,STELLE LOGISTICA E TRANSPORTES LTDA,SP,H,standard,6,1533905.7321916206,1288706.82,15.98526604638762,alta
41929361000102,ARB TRANSPORTES E LOGISTICA LTDA,SP,H,standard,7,1532351.785839236,1503491.29,1.8834118970553357,alta
64871825000164,COMERCIAL PIRATEM LTDA,SP,H,standard,6,1530631.2401359011,1288706.82,15.805532632041484,alta
55809859000138,BARIRI AGENCIA DE VIAGENS LTDA,SP,N,standard,6,1528594.2286865714,1272567.24,16.749179336268977,alta
18814310000105,TELASHOP INDUSTRIA E COMERCIO DE TELAS LTDA,SP,C,standard,9,1526070.8843132667,1851286.95,21.310678883247334,alta
22102827000149,RJBF ENGENHARIA LTDA,SP,M,partnership_heavy_services,5,1523545.454605325,1172722.55,23.026743543808852,baixa
50276127000297,B. BIKFAYA LTDA,SP,C,standard,5,1520945.3190298157,1846509.0,21.405350797085568,alta
21295804000135,FRUTARIA - BEBIDAS E ALIMENTOS LTDA,SP,C,standard,5,1520945.3190298157,1846509.0,21.405350797085568,alta
36672726000118,DR. VET CONSULTA VETERINARIA LTDA,SP,M,partnership_heavy_services,6,1518679.8960267454,1407267.06,7.336163224273254,baixa
51865475000181,IACANGA JUNDIAI CONFECCOES LTDA,SP,C,standard,9,1516550.8770496163,1759796.19,16.03937702529353,alta
17364966000100,BPX TRANSPORTES LTDA,SP,H,standard,7,1512679.9153339607,1503491.29,0.6074401623777772,alta
08779731000199,AGM TRANSPORTES E TURISMO LTDA,SP,H,standard,8,1512542.6422884692,1718275.76,13.601806121661312,alta
16707783000188,DC QUIMICA PROMOCOES LTDA,SP,M,partnership_heavy_services,5,1512423.3464347052,1172722.55,22.460695098068616,baixa
36503553000104,E DIAS TRANSPORTES RODOVIARIOS LTDA,SP,H,standard,6,1512322.0176053578,1288706.82,14.786215832487496,alta
51529077000194,DDNS TRANSPORTES LTDA,SP,H,standard,6,1511425.4797218286,1288706.82,14.735669254617765,alta
10463061000149,TRANSLITORAL TRANSPORTES LTDA,RJ,H,standard,7,1510964.6337437432,1503491.29,0.4946074565111633,alta
49868135000162,JORDAN ARON CONFECCOES LTDA,SP,C,standard,9,1507948.8443158902,1759796.19,16.701318922948282,alta
09479822000171,GIANCARLO PERES BOLDARINE LTDA,SP,C,standard,9,1507948.8443158902,1759796.19,16.701318922948282,alta
44053267000112,CUSTA POUCO SEDUZIR COMERCIO DE ARTIGOS DO VESTUARIO LTDA,SP,C,standard,9,1507948.8443158902,1759796.19,16.701318922948282,alta
45865664000151,BEL-BUTT CONFECCOES LTDA,SP,C,standard,9,1507948.8443158902,1759796.19,16.701318922948282,alta
15205306000151,AP PEDREIRA CONFECCOES LTDA,SP,C,standard,9,1507948.8443158902,1759796.19,16.701318922948282,alta
06199766000123,JOCARSIL LOCACAO DE MAQUINAS EQUIPAMENTOS E CONTEINER LTDA,RJ,H,standard,6,1503654.8646826136,1288706.82,14.29503869080915,alta
15233108000100,FHR USINAGEM E FERRAMENTARIA LTDA,SP,C,standard,7,1500305.6310819723,1714109.67,14.250698956841152,alta
03363030000150,ARLETE ROCHA DE CARVALHO - CLINICA VETERINARIA LTDA,SP,M,partnership_heavy_services,6,1498786.3563081524,1407267.06,6.106226943083801,baixa
07647863000102,J.D.F. TRANSPORTES RODOVIARIOS LTDA,SP,H,standard,6,1498576.9785674855,1288706.82,14.004629830100804,alta
07068266000115,"RIBEIRO JUNIOR TRANSPORTES, TURISMO, LOCACOES E EVENTOS LTDA",SP,H,standard,8,1498530.867364984,1718275.76,14.66402177096394,alta
18510915000102,KAROLINE E JULIANO TRANSPORTES LTDA,SP,H,standard,8,1498530.867364984,1718275.76,14.66402177096394,alta
58013582000120,MAURO HENRIQUE RODRIGUES & CIA LTDA,SP,C,standard,12,1496507.8213196197,1665630.2399999998,11.301138308201294,alta
08939544000125,JB DE BONSUCESSO MUDANCAS E SERVICOS LTDA,RJ,H,standard,7,1494922.553833604,1503491.29,0.5731893029790832,alta
46525018000108,FHB LOCACOES E TRANSPORTES LTDA,SP,H,standard,6,1494867.8782177374,1288706.82,13.79125615191717,baixa
03584553000127,"DEMACAMP PLANEJAMENTO, PROJETO E CONSULTORIA LTDA",SP,M,partnership_heavy_services,5,1490895.9562371008,1172722.55,21.341087210414354,baixa
18072530000100,FERCAL USINAGEM E CALDEIRARIA LTDA,SP,C,standard,6,1486161.0750496907,1469236.8599999999,1.1387873988776707,alta
57505414000190,ZINCAGEM ESPELETA LTDA,SP,C,standard,6,1486161.0750496907,1469236.8599999999,1.1387873988776707,alta
46909073000100,PLANETA TRANSPORTES E TURISMO LTDA,SP,H,standard,7,1484112.8040059337,1503491.29,1.3057286441946812,baixa
00782273000135,OSMARIO TRANSPORTE LTDA,SP,H,standard,8,1483779.236309716,1718275.76,15.804003584353735,alta
11366187000168,IRMAOS SANCHEZ TRANSPORTADORA LTDA,SP,H,standard,6,1483298.3298177014,1288706.82,13.118838328471439,alta
24099375000119,VALELOG TRANSPORTES E LOGISTICA LTDA,SP,H,standard,6,1483298.3298177014,1288706.82,13.118838328471439,alta
10551485000165,M.J. TRANSPORTES E LOGISTICA LTDA,SP,H,standard,7,1481092.4882375062,1503491.29,1.5123162085001371,alta
12838700000139,MASTER TRANSPORTES DE CARGAS LTDA,SP,H,standard,7,1481092.4882375062,1503491.29,1.5123162085001371,alta
61778387000104,TRANSELVIOS TRANSPORTES LTDA,SP,H,standard,7,1481092.4882375062,1503491.29,1.5123162085001371,alta
19023413000110,GREAT CARGO LOGISTICA E TRANSPORTE LTDA,SP,H,standard,7,1481092.4882375062,1503491.29,1.5123162085001371,alta
28015765000114,SERVIQUALY LOGISTICA E TRANSPORTES LTDA,SP,H,standard,7,1481092.4882375062,1503491.29,1.5123162085001371,alta
21692114000110,M & T UNIFORMES PROFISSIONAIS LTDA,SP,C,standard,10,1478395.103575958,1818533.0,23.007239106874263,alta
64783293000103,TRANSPORTADORA TRANSDIM LTDA,SP,H,standard,7,1476001.0828804593,1503491.29,1.8624787907264158,alta
64720881000106,M.C.O. MANUTENCAO E COMERCIO LTDA,SP,C,standard,10,1474906.627334748,1329310.1,9.871575911069721,alta
10364002000113,PAO ITALIANO TORRE DE PISA IND E COM LTDA,RJ,C,standard,7,1474774.5873730027,1760414.25,19.368360770021383,alta
18772246000147,PARTIU DESENVOLVIMENTO DE SOFTWARE LTDA,RJ,M,partnership_heavy_services,5,1470694.9358133941,1172722.55,20.260652196275846,baixa
05030664000117,AUTO SOCORRO JACAREI LTDA,SP,H,standard,6,1468765.93999518,1288706.82,12.259211293786587,alta
02358474000135,STEEL PLASTIK INDUSTRIA E COMERCIO LTDA,SP,C,standard,5,1467435.4549324801,1557035.7000000002,6.105907061625601,alta
15235243000186,S.Y.G TRANSPORTES LTDA,SP,H,standard,6,1467039.3018497662,1288706.82,12.155944399370185,alta
29386010000199,SONS TRANSPORTES E COMERCIO LTDA,SP,H,standard,6,1467039.3018497662,1288706.82,12.155944399370185,alta
23641864000198,RGF CARGO EXPRESS TRANSPORTES LTDA,SP,H,standard,6,1467039.3018497662,1288706.82,12.155944399370185,alta
08251919000160,PRAFRENTE BRASIL TRANSPORTES LTDA,SP,H,standard,6,1465994.9374279615,1288706.82,12.0933649156393,alta
09550984000159,W. C. TRANSPORTES FRANCA LTDA,SP,H,standard,7,1465988.1651744314,1503491.29,2.5582147057173756,alta
41473046000105,FRANCISCATO SERVICOS ADM LTDA,SP,C,standard,7,1464073.6850844768,1760414.25,20.24082311802663,alta
05598927000199,DATAMICRO RIO MICROFILMAGEM LTDA,RJ,N,standard,9,1463038.5900677585,1248572.79,14.65892981386265,alta
15274775000122,DARUMA TRANSPORTES LTDA,SP,H,standard,6,1460604.223191285,1288706.82,11.768924152204974,alta
26615199000156,N R VIEIRA TELEMARKETING LTDA,SP,N,standard,10,1459321.8303090064,1387303.1,4.935082091779342,alta
22575737000175,V S EQUIPAMENTOS INDUSTRIAIS SERTAOZINHO LTDA,SP,C,standard,8,1457765.743216729,1775933.6,21.825719136546372,alta
97531255000112,TRANSLOGUS TRANSPORTES LTDA,SP,H,standard,6,1457365.3434781777,1288706.82,11.572837534043027,alta
01356867000147,E. M.A. MORI TRANSPORTES LTDA,SP,H,standard,6,1456621.4019183766,1288706.82,11.527675049757766,baixa
11782077000187,GUINDASPESO LOCACAO E TRANSPORTE LTDA,SP,H,standard,6,1455638.4169747045,1288706.82,11.467930155460117,alta
17843729000122,LUCIANA FERRO KARASIAK SANTANA LTDA,SP,M,partnership_heavy_services,6,1455574.6725535032,1407267.06,3.3188000220392313,baixa
21465817000105,TELES F M S  CONFECCOES LTDA,SP,C,standard,9,1454469.2488488255,1759796.19,20.992327021890137,alta
60468535000113,CINE PLAST INDUSTRIAL LTDA,SP,C,standard,5,1451107.628767187,1329264.5,8.396560417141552,alta
20896579000120,R P TRANSPORTES LTDA,SP,H,standard,7,1449198.8212694454,1503491.29,3.7463782010943443,alta
17861814000113,SAT TOPOGRAFIA E SERVICOS DE PLOTAGEM LTDA,RJ,M,partnership_heavy_services,5,1447985.637664513,1172722.55,19.010070300731066,baixa
10400900000180,WEBE FLEX INDUSTRIA DE CALCADOS LTDA.,SP,C,standard,17,1446628.1530767095,1364205.97,5.697537608501039,alta
21677816000124,ELOY CURUCI - CLINICA VETERINARIA LTDA,SP,M,partnership_heavy_services,5,1446385.6505136106,1172722.55,18.92047950119202,baixa
36445867000106,CLINICA VETERINARIA POPULAR SAO FRANCISCO LTDA,SP,M,partnership_heavy_services,5,1446385.6505136106,1172722.55,18.92047950119202,baixa
33263279000155,LUNA SL SERVICOS VETERINARIOS LTDA,SP,M,partnership_heavy_services,5,1446385.6505136106,1172722.55,18.92047950119202,baixa
35042386000189,ANIMAL PET SERVICOS VETERINARIOS LTDA,SP,M,partnership_heavy_services,5,1446385.6505136106,1172722.55,18.92047950119202,baixa
53530124000145,ANIMAL PET RICARDO JAFET SERVICOS VETERINARIOS LTDA,SP,M,recent_startup,5,1446385.6505136106,1172722.55,18.92047950119202,baixa
05040537000107,S F MARTINS TRANSPORTES LTDA,SP,H,standard,6,1445338.5821924587,1288706.82,10.837029061720695,alta
08034042000155,EMIESSI TRANSPORTES LTDA,SP,H,standard,6,1445338.5821924587,1288706.82,10.837029061720695,alta
26354528000152,J. L. TOUR LTDA,RJ,H,standard,7,1443558.1606262007,1503491.29,4.151764092954934,alta
18412175000171,NITROLOG TRANSPORTES LTDA,SP,H,standard,6,1438847.772171385,1288706.82,10.434804506442335,baixa
20998839000178,SAPASHOW PROMOCAO DE VENDAS LTDA,SP,M,partnership_heavy_services,6,1438309.6281387983,1407267.06,2.158267422499837,baixa
11109686000170,ZELAR EMPREGOS E SERVICOS LTDA,SP,N,family_mature_sweet_spot,21,1438129.9868506726,1177624.56,18.11417808074132,baixa
66651506000179,SITC-SISTEMA INTEGRADO DE TRANSPORTE COLETIVO LTDA,SP,H,standard,8,1433170.8999686423,1718275.76,19.89329116559622,baixa
01071647000177,BONI MANUTENCAO INDUSTRIAL LTDA,SP,C,standard,5,1432593.0728260637,1109958.5,22.52102002626645,baixa
18809910000185,P.H.G. MOVEIS LTDA,SP,C,standard,19,1432447.0687691912,1734017.33,21.052803123114955,alta
52950476000197,CMJ LOGISTICA E TRANSPORTES LTDA,SP,H,standard,6,1431577.0901611426,1288706.82,9.979921524523744,alta
45401829000134,CONCORDIA CONSULTORIA E GESTAO CONTABIL LTDA,RJ,M,partnership_heavy_services,5,1430457.202214607,1172722.55,18.017641619447755,baixa
19375076000120,FSE TRANSPORTES E LOGISTICA LTDA,SP,H,standard,6,1427709.032895705,1288706.82,9.73603232122011,alta
38265204000127,RP-G MOBILIARIO E COMUNICACAO VISUAL LTDA,SP,C,standard,7,1424299.4030708945,1747876.2,22.718313033864227,alta
19860462000107,GD TRANSPORTES E LOGISTICA LTDA,SP,H,standard,8,1421946.907482185,1718275.76,20.83965659748289,alta
44578145000140,CENTRO DE ENDOCRINOLOGIA VETERINARIA E+ LTDA,RJ,M,partnership_heavy_services,6,1419369.3477346306,1407267.06,0.8526524652618606,baixa
11204154000111,FELIX CONFECCOES LTDA,SP,C,standard,9,1418816.7299252807,1759796.19,24.032664182968603,alta
32148991000140,TRANSFERRACO TRANSPORTES LTDA,RJ,H,standard,7,1416547.9458453108,1503491.29,6.13769159100412,alta
31700150000131,FR VITORIO MONTAGENS INDUSTRIAIS LTDA,SP,C,standard,9,1414399.8187045474,1196379.09,15.414363450939428,alta
37828288000105,LYLLA HAIR TIES INDUSTRIA E COMERCIO TEXTIL LTDA,SP,C,standard,7,1412750.5931030773,1402443.7,0.729562114742308,alta
45947576000107,TIJUVA TRANSPORTES DE CARGAS LTDA,SP,H,standard,6,1412704.185695864,1288706.82,8.777305748180101,alta
04584528000106,VAP COMERCIO DE SUCATAS LTDA,SP,H,standard,6,1412704.185695864,1288706.82,8.777305748180101,alta
13194313000170,CENTRALLE - TRANSPORTES E ADMINISTRADORA DE BENS PROPRIOS LTDA,SP,H,standard,5,1409933.6119214266,1073922.35,23.831708037906672,alta
05128778000102,D. B. CALDEIRA & CIA LTDA,SP,H,standard,5,1409933.6119214266,1073922.35,23.831708037906672,alta
12854097000189,SQUADRO SERVICOS DE REPARACAO LTDA,RJ,C,standard,10,1406732.7015268973,1357389.5,3.5076458714110443,alta
49591106000104,SETOR DE RECEBIMENTOS LTDA,RJ,M,partnership_heavy_services,6,1406263.8879544917,1407267.06,0.07133597428627589,baixa
02895479000105,SAO PAULO / JABAQUARA TURISMO LTDA,SP,H,standard,7,1404655.4172917577,1503491.29,7.036307374146084,alta
16384945000194,RD TRANS TRANSPORTES LTDA,SP,H,standard,5,1404473.4003453434,1073922.35,23.53558638163348,alta
01508736000138,TITULARES DO ASFALTO TRANSPORTES LTDA,SP,H,standard,6,1404328.6346160742,1288706.82,8.23324482361521,alta
07331961000128,RAPIDO TRES PONTAS PAULISTA TRANSPORTES RODOVIARIOS LTDA.,SP,H,standard,6,1404328.6346160742,1288706.82,8.23324482361521,alta
04354220000174,TRANS NICOLLY LTDA,SP,H,standard,6,1404096.9989167345,1288706.82,8.218105943233146,alta
46536929000130,WCP TRANSPORTES E LOGISTICA LTDA,RJ,H,standard,8,1403302.5179173388,1718275.76,22.445141946308024,alta
45670173000155,REDES NOBREZA E INSTALACOES LTDA,SP,C,standard,17,1403257.7243050567,1551489.1900000002,10.563381417932543,alta
36072580000170,ERLI DUTRA TENREIRO SEGURANCA EM SERVICOS LTDA,RJ,N,standard,13,1400457.214980835,1100191.43,21.44055396829415,alta
06286815000165,CONTALS ACCOUNTANCY & CONSULTING LTDA,SP,M,partnership_heavy_services,5,1400111.4887455634,1172722.55,16.240773722190767,baixa
62908363000187,VALERIO & VALERIO TRANSPORTES LTDA,SP,H,standard,6,1399682.1105917173,1288706.82,7.928606770919027,alta
08014694000128,PRATICALOG TRANSPORTES E DISTRIBUICAO LTDA,SP,H,standard,7,1399179.0928408334,1503491.29,7.455242698586615,alta
05476227000121,TRANSVAZ TRANSPORTE ESCOLAR E TURISMO LTDA,SP,H,standard,6,1398466.3250963937,1288706.82,7.84856260938769,alta
13389784000133,COSTASOL - LOGISTICA E TRANSPORTES LTDA,SP,H,standard,6,1397183.7694041273,1288706.82,7.763971481746498,alta
23194386000115,ZEUS TRANSPORTES E ORGANIZACAO LOGISTICA LTDA,SP,H,standard,6,1396513.1164334798,1288706.82,7.719676612046694,alta
01878905000121,VIA RIO SINALIZACOES LTDA,RJ,N,family_mature_sweet_spot,21,1393278.5129769826,1177624.56,15.478165418355609,alta
19151934000152,RODRIGUES FOTO ESTUDIO LTDA,SP,M,partnership_heavy_services,7,1391931.781540763,1641811.57,17.95201401196824,baixa
00984939000138,CESARGRAF IMPRESSOES GRAFICAS E EDITORA LTDA,SP,C,standard,5,1391639.8060620115,1654342.0999999999,18.877175889454424,alta
05957083000125,DE PANES INDUSTRIA E COMERCIO DE PRODUTOS ALIMENTICIOS LTDA,SP,C,standard,6,1388638.1532855923,1508926.5,8.662324769760863,baixa
33737114000178,FLUX - SOLUCOES INDUSTRIAIS LTDA,RJ,C,standard,6,1388120.7229122582,1469236.8599999999,5.843593842296446,alta
21783399000102,TRANSPORTADORA LIGEIRINHO ITAPETININGA LTDA,SP,H,standard,8,1385132.730972019,1718275.76,24.051343353513662,alta
01304095000108,VAVA CONTABILIDADE LTDA,SP,M,partnership_heavy_services,5,1385120.8620074934,1172722.55,15.334280049732172,baixa
66533431000121,TRANSPORTES EDMOS LTDA.,SP,H,standard,7,1382822.4721343254,1503491.29,8.726269662036055,baixa
96371299000160,TEXTIL ARATANS INDUSTRIA COMERCIO E CONFECCOES LTDA,SP,C,standard,5,1382054.1983653689,1471293.9000000001,6.457033431842249,alta
07909510000125,TRANSPORTADORA RIO BRANCO LTDA,SP,H,standard,5,1380284.0448462113,1073922.35,22.195554312905607,alta
31964010000170,TRANSPORTADORA PEREIRA BUENO LTDA,SP,H,standard,5,1380284.0448462113,1073922.35,22.195554312905607,alta
40632024000188,"RIVAS, LOGISTICA E TRANSPORTADORA LTDA",SP,H,standard,5,1380284.0448462113,1073922.35,22.195554312905607,alta
01237187000104,M W A LOGISTICA E TRANSPORTES LTDA.,SP,H,standard,5,1380284.0448462113,1073922.35,22.195554312905607,alta
14441602000199,DW TRANSPORTES E SERVICOS TERCEIRIZADOS LTDA,SP,H,standard,5,1380284.0448462113,1073922.35,22.195554312905607,alta
01477931000148,RODOMINAS ENCOMENDAS LTDA,SP,H,standard,5,1380284.0448462113,1073922.35,22.195554312905607,alta
30000542000125,LUJO LOGISTICA INTEGRADA PARA EVENTOS LTDA,SP,H,standard,5,1380284.0448462113,1073922.35,22.195554312905607,alta
11272409000183,LECAR LOGISTICA E TRANSPORTES LTDA,SP,H,standard,5,1380284.0448462113,1073922.35,22.195554312905607,alta
14771426000153,ST. EDWIRGES TRANSPORTES LTDA,SP,H,standard,5,1380284.0448462113,1073922.35,22.195554312905607,alta
02085242000150,NEWS MOTO EXPRESS LTDA,SP,H,standard,5,1380284.0448462113,1073922.35,22.195554312905607,alta
10853333000117,WIRK SERVICOS ESPECIALIZADOS E TRANSPORTES LTDA,SP,H,standard,5,1380284.0448462113,1073922.35,22.195554312905607,alta
46413134000135,TRANSPORTADORA SCARPONI LTDA,SP,H,standard,5,1380284.0448462113,1073922.35,22.195554312905607,alta
12146373000154,KARITUR OLIMPIA TRANSPORTE DE PASSAGEIROS LTDA,SP,H,standard,7,1378433.5565099795,1503491.29,9.072452777967111,alta
40763370000103,LIRIUS NOGUEIRA PROMOCAO DE VENDAS LTDA,RJ,M,partnership_heavy_services,6,1377861.167014875,1407267.06,2.134169514976077,baixa
36455327000103,LIBERTY TRANSPORTE E TURISMO LTDA,RJ,H,standard,6,1376539.2020368904,1288706.82,6.380666958625164,alta
50094821000102,CASTRO ASSESSORIA PREDIAL LTDA,RJ,M,partnership_heavy_services,5,1373913.7839556292,1172722.55,14.643657870319954,baixa
04252792000142,"CECAT METALURGICA, INDUSTRIA E COMERCIO LTDA",SP,C,standard,8,1373628.1421927407,1645588.4,19.798681277243308,alta
12426863000104,CALCADOS LACROSSE LTDA,SP,C,standard,11,1371798.8362096513,1526827.72,11.301138308201311,alta
10440676000150,ARTE DO BANHO COMERCIO DE MATERIAIS DE CONSTRUCAO LTDA.,RJ,C,standard,10,1370750.427175145,1329310.1,3.02318542847697,alta
52121183000105,TM EXPRESS TRANSPORTES LTDA,SP,H,standard,6,1370421.9461495357,1288706.82,5.962771274871219,alta
13272348000180,EKUALO INDUSTRIA COMERCIO E EMPREENDIMENTOS LTDA,SP,C,standard,9,1370042.6442584116,1591865.73,16.19096213327423,baixa
00942869000155,I G A  NEGOCIOS IMOBILIARIOS LTDA,SP,M,partnership_heavy_services,5,1369108.5661361176,1172722.55,14.34407913247931,baixa
27192906000101,FORPRINTART GRAFICA E EDITORA LTDA,SP,C,standard,5,1364522.6670391576,1654342.0999999999,21.239620268801687,alta
50747757000111,EMPRESA AUTO ONIBUS MACACARI LTDA,SP,H,standard,7,1364059.9952190535,1503491.29,10.221786084896904,alta
54309035000136,B-TRANSPORTES E MANUTENCAO LTDA,SP,H,recent_startup,5,1360169.059000816,1073922.35,21.044936076629586,baixa
16102810000199,ALIAL TRANSPORTES LTDA,SP,H,standard,5,1358483.9429801404,1073922.35,20.946997161842813,alta
68428184000129,TRANSBRAGANCA AUTO ONIBUS LTDA,SP,H,standard,5,1358014.956278443,1073922.35,20.91969642639146,alta
25166669000189,JML SERVICOS E TRANSPORTES LTDA,RJ,H,standard,7,1357203.7593674501,1503491.29,10.778597511454722,alta
04637829000150,TUMAN SERVICOS DA CONSTRUCAO CIVIL LTDA,RJ,M,partnership_heavy_services,6,1356054.9451843624,1407267.06,3.776551606371316,baixa
17976711000107,L B S PAINEIS LTDA,SP,M,partnership_heavy_services,5,1353805.281293137,1172722.55,13.375832831747347,baixa
06879029000171,SEACON SERVICOS ADM E REPRESENTACOES LTDA,SP,M,partnership_heavy_services,5,1353087.655825414,1172722.55,13.329890716901646,baixa
50233455000125,COTRAN TRANSPORTADORA E CONSTRUTORA LTDA,SP,H,standard,6,1352853.0427809192,1288706.82,4.741551428901727,alta
03409969000109,PAULO MAURO TRANSPORTES LTDA,SP,H,standard,5,1352261.714337601,1073922.35,20.583246673810045,alta
10943580000104,LIF BRINDES LTDA,SP,C,standard,9,1352132.5927589228,1591865.73,17.73000211110362,alta
47115294000160,TGT CARGO SOLUCOES LOGISTICAS LTDA,SP,H,standard,5,1346479.013048514,1073922.35,20.24217684844774,alta
50049902000190,TCI COMERCIAL LTDA,SP,M,partnership_heavy_services,5,1341922.983024923,1172722.55,12.608803572580317,baixa
29882754000102,ZACARONE SEGURANCA E SERVICOS LTDA,SP,N,standard,16,1341494.0109991252,1354081.76,0.9383380691725668,baixa
10933721000108,HUESO MORALES TRANSPORTES RODOVIARIOS LTDA,SP,H,standard,5,1340493.4600676845,1073922.35,19.886043312305652,alta
42047102000102,AMELI TRANSPORTES LTDA,SP,H,standard,5,1340493.4600676845,1073922.35,19.886043312305652,alta
47260307000195,ANA LUISA RIBEIRO DE MENDONCA LTDA,SP,C,standard,8,1340398.9727252356,1564263.28,16.7013189229483,alta
65909350000110,CONFECCOES ARTICOLARE LTDA,SP,C,standard,8,1340398.9727252356,1564263.28,16.7013189229483,alta
63963185000150,ROSASTYL INDUSTRIA E COM DE CONFECCOES DE ROUPAS LTDA,SP,C,standard,8,1340398.9727252356,1564263.28,16.7013189229483,alta
24072425000174,ATELIER DE MODA E CONFECCOES LTDA,SP,C,standard,8,1340398.9727252356,1564263.28,16.7013189229483,alta
07608740000154,COELHO & LIMA INTERMEDIACOES LTDA,SP,M,partnership_heavy_services,5,1339845.0744645968,1172722.55,12.473272294662802,baixa
41111914000107,SUPER CORTE ACABAMENTOS GRAFICOS LTDA.,SP,C,standard,8,1337632.1709721892,1621073.36,21.189770639398294,alta
33171282000149,PEMA TRANSPORTES LTDA,SP,H,standard,6,1337262.5787508194,1288706.82,3.6309816428256663,alta
62620356000185,NORG TRANSPORTES LTDA,SP,H,standard,6,1337226.8138980241,1288706.82,3.6284042014224958,alta
40224219000199,TRANSGIRO TRANSPORTADORA LTDA,SP,H,standard,5,1337094.864504133,1073922.35,19.682411584291845,alta
86948726000176,PORTO DE OURO TRANSPORTES E COMERCIO LTDA,RJ,H,standard,6,1331924.9473266823,1288706.82,3.244786983938222,alta
41647357000143,LF GUSMA ASSIS SERVICOS DE TRANSPORTES DE CARGAS E LOGISTICA LTDA,SP,H,standard,6,1331553.0170740047,1288706.82,3.2177612550611183,alta
35482166000176,DIFFUSA METALURGICA LTDA,SP,C,standard,5,1330862.902806607,1663453.2000000002,24.99057539976551,alta
06020284000164,LEVISA DESCARTAVEIS LTDA,SP,C,standard,7,1329337.9718260006,1402443.7,5.49940870744707,alta
09246206000170,STAL INDUSTRIA E GALVANOPLASTIA LTDA,SP,C,family_mature_sweet_spot,21,1328731.9696401688,1564267.5299999998,17.726341033520544,alta
36012223000116,BELOTI TRANSPORTES E HORTIFRUTIGRANJEIROS LTDA,SP,H,standard,6,1328076.9069295544,1288706.82,2.9644433032553796,baixa
10290695000147,TRANSPORTER LOGISTIC LTDA,SP,H,standard,5,1327730.4879479525,1073922.35,19.1159380801913,alta
46801810000148,RP7 TRANSPORTES E LOGISTICA LTDA,SP,H,standard,5,1327730.4879479525,1073922.35,19.1159380801913,alta
97524493000109,J E G BORGES SERVICOS DE TRANSPORTE RODOVIARIO LTDA,SP,H,standard,5,1327730.4879479525,1073922.35,19.1159380801913,alta
11250702000140,SCRIDELLI & SCRIDELLI TRANSPORTADORA LTDA,SP,H,standard,5,1327730.4879479525,1073922.35,19.1159380801913,alta
11250702000140,SCRIDELLI & SCRIDELLI TRANSPORTADORA LTDA,SP,H,standard,5,1327730.4879479525,1073922.35,19.1159380801913,alta
25330060000101,ICONE BRASIL TEXTIL LTDA,SP,C,standard,5,1323144.999379141,1471293.9000000001,11.196724523039801,baixa
41434378000180,URBAN LAND URBANISMO LTDA,SP,M,partnership_heavy_services,5,1322046.535713157,1172722.55,11.294911463355293,baixa
60409125000100,INDUSTRIAS TEXTEIS JACKNYL LIMITADA,SP,C,standard,7,1320323.902454083,1402443.7,6.2196705969861625,alta
17833209000139,"INSTITUTO DE MARKETING, ASSESSORIA E GESTAO DE IMAGEM NA EMPRESA LTDA",SP,M,partnership_heavy_services,5,1320250.8087375264,1172722.55,11.174260054314864,baixa
32143182000146,FORTES FASHION MATERIAL HOSPITALAR LTDA,RJ,C,standard,8,1319238.2319656701,1564263.28,18.573222189690608,alta
28001801000190,MIRANDA E CRUZ CONFECCAO LTDA,RJ,C,standard,8,1319238.2319656701,1564263.28,18.573222189690608,alta
09272507000179,LOPES & CORREA TRANSPORTES LTDA,SP,H,standard,7,1317275.7169425252,1503491.29,14.136415836290686,alta
36716411000125,RODOVIX LOGISTICA E DISTRIBUICAO LTDA,SP,H,standard,5,1316598.65747415,1073922.35,18.43206402319414,alta
09181053000120,V.R. TRANSPORTES DE CARGAS LTDA,SP,H,standard,5,1316598.65747415,1073922.35,18.43206402319414,alta
27601909000151,SAO RAFAEL TRANSPORTES LTDA,SP,H,standard,5,1316598.65747415,1073922.35,18.43206402319414,alta
44536532000113,J.J.M. TRANSPORTES E LOGISTICA LTDA,SP,H,standard,5,1316598.65747415,1073922.35,18.43206402319414,alta
19865299000175,CUBO TRANSPORTES LTDA,SP,H,standard,5,1316598.65747415,1073922.35,18.43206402319414,alta
27450432000150,KALINE LEAL & SANTOS SERVICOS LTDA,SP,H,standard,5,1316598.65747415,1073922.35,18.43206402319414,alta
09139479000116,JOMIG EQUIPAMENTOS INDUSTRIAIS LTDA,SP,C,standard,7,1312708.7156803727,1553941.9000000001,18.37674888862127,alta
54660493000115,A.A.A. ABASTCORTE COMERCIAL LTDA,SP,C,standard,5,1311413.8912362861,1481991.7000000002,13.007168057592269,alta
08220962000168,RL ASSI TRANSPORTES LTDA.,SP,H,standard,5,1304231.5196040508,1073922.35,17.658610924689953,alta
17130770000151,DECOCASA COMERCIO DE MOVEIS E DECORACOES LTDA,SP,C,standard,6,1303954.715696254,1498179.6,14.895063606563866,alta
06965824000182,IDEAL SERVICE TERCEIRIZACAO DE SERVICOS LTDA,SP,N,standard,16,1301080.1992502057,986451.68,24.182100337206087,alta
30052210000194,LUTRANS BRASIL TURISMO E TRANSPORTES LTDA,RJ,H,standard,6,1300221.2947917557,1288706.82,0.8855780810450296,baixa
17376819000150,WDR TRANSPORTES LTDA,SP,H,standard,5,1299250.6698218386,1073922.35,17.342944287474328,alta
10945481000161,MODALPRINT ESTAMPARIA E COMERCIO LTDA,SP,C,standard,8,1296568.3309080368,1573011.28,21.321124579555292,alta
43059035000109,CLINICA VETERINARIA E PET CABUCU LTDA,RJ,M,partnership_heavy_services,6,1293390.9506275442,1407267.06,8.804461583499094,baixa
47363730000110,JM-G3 CONFECCAO LTDA,SP,C,standard,8,1292861.5545322893,1564263.28,20.992327021890144,alta
04978719000152,BENE CONFECCOES LTDA,SP,C,standard,8,1292861.5545322893,1564263.28,20.992327021890144,alta
50907789000137,NCX GESTAO ADMINISTRATIVA LTDA,RJ,N,standard,7,1287965.5793596953,971112.1699999999,24.60107742298651,alta
10997455000187,MHS ASSISTENCIA E ASSESSORIA EMPRESARIAL LTDA. ME,RJ,M,partnership_heavy_services,6,1287493.5757429213,1407267.06,9.302841312273417,baixa
35542725000196,VIACAO VICENTE TRANSPORTES LTDA,SP,H,standard,7,1287291.3794577955,1503491.29,16.79494743709598,baixa
19409644000166,TEMPO DE VENCER TRANSPORTES LTDA,RJ,H,standard,6,1281362.1890002321,1288706.82,0.5731893029790807,alta
02266664000122,"INTERFRANCESA TRANSP.LOCACOES,COM.E REPRESENTACOES LTDA",RJ,H,standard,6,1281362.1890002321,1288706.82,0.5731893029790807,alta
07935886000104,E P DA SILVA TRANSPORTES LTDA,RJ,H,standard,6,1281362.1890002321,1288706.82,0.5731893029790807,alta
11340832000173,TRANSPORTADORA MADUREIRA LTDA,SP,H,standard,6,1279099.7531509853,1288706.82,0.7510803457938515,alta
26154747000198,F P KITZBERGER MOVEIS LTDA,SP,C,standard,6,1278563.5055411027,1498179.6,17.176784219721124,alta
14863501000106,HOSPITAL CAIEIRAS VETERINARIA LTDA.,SP,M,partnership_heavy_services,6,1275599.7091706092,1407267.06,10.321995990027348,baixa
05238149000127,G.D. THOME TRANSPORTES LTDA,SP,H,standard,5,1275526.0334465844,1073922.35,15.805532632041485,alta
72819089000123,S. SABAS LOCADORA DE VEICULOS LTDA,SP,H,standard,5,1273653.5317152613,1073922.35,15.68175149220355,alta
24140174000118,AUTO ONIBUS VALINHOS DE TRANSPORTES E TURISMO LTDA,SP,H,standard,5,1273653.5317152613,1073922.35,15.68175149220355,alta
03720948000100,MWX COMUNICACAO LTDA,SP,M,partnership_heavy_services,5,1270852.3619350689,1172722.55,7.721574501828917,baixa
33902374000151,JESSICARGAS TRANSPORTES DE CARGAS LTDA,SP,H,standard,6,1269507.8470607195,1288706.82,1.5123162085001502,alta
51440051000175,NL TECNOLOGIA E LOGISTICA  LTDA,SP,H,standard,6,1269507.8470607195,1288706.82,1.5123162085001502,alta
03763744000156,LINK MOTO EXPRESS ENTREGA RAPIDA LTDA,SP,H,standard,6,1269507.8470607195,1288706.82,1.5123162085001502,alta
39690995000103,MACAE EXPRESS TRANSPORTES LTDA,RJ,H,standard,5,1268208.0769546856,1073922.35,15.319704272915427,alta
26334981000105,BENNY CONTABILIDADE SOLUCOES EMPRESARIAIS LTDA,RJ,M,partnership_heavy_services,5,1266414.4209954306,1172722.55,7.398199944832164,baixa
22437523000132,TRANSMONALIZA TRANSPORTES LTDA,SP,H,standard,6,1266398.5302537081,1288706.82,1.7615536668241973,alta
30220161000151,RAD EXPRESS TRANSPORTES LTDA,SP,H,standard,6,1266398.5302537081,1288706.82,1.7615536668241973,alta
54330626000195,TRANSPORTADORA MANOEL DE OLIVEIRA LTDA,SP,H,standard,6,1265143.7853261079,1288706.82,1.8624787907264235,alta
27733600000115,M V V INOCENCIO TRANSPORTES LTDA,SP,H,standard,6,1265143.7853261079,1288706.82,1.8624787907264235,alta
20505845000146,ORMAFE FACILITIES E PORTARIA LTDA,SP,M,partnership_heavy_services,5,1261984.2639841905,1172722.55,7.073124168948331,baixa
14201759000147,VIACAO AMERICANA TRANSPORTES E TURISMO LTDA,SP,H,standard,5,1261238.1830137344,1073922.35,14.851741371018617,alta
34535353000108,GOLD CAT CONFECCAO IMPRESSAO E COMERCIO DE ROUPAS LTDA,SP,C,standard,8,1261170.4266002493,1564263.28,24.03266418296863,alta
36191176000115,ESTRELA CONFECCOES DE VESTUARIO LTDA,SP,C,standard,8,1261170.4266002493,1564263.28,24.03266418296863,alta
67244830000135,CONFECCOES RAWELLA LTDA,SP,C,standard,8,1261170.4266002493,1564263.28,24.03266418296863,alta
12417070000129,G TRANSPORTES DE ENCOMENDAS LTDA,SP,H,standard,5,1260268.3480044645,1073922.35,14.786215832487471,alta
47404708000171,JR FRETAMENTO E TURISMO UNIPESSOAL LTDA,SP,H,standard,5,1260268.3480044645,1073922.35,14.786215832487471,alta
07760299000121,SOFACIL TECNOLOGIA LTDA,SP,N,standard,7,1256647.9141739283,971112.1699999999,22.72201632241824,alta
33645978000160,N BIDS COMUNICACAO LTDA,SP,J,partnership_heavy_services,6,1255805.4298642534,1132723.7999999998,9.801011123001603,baixa
50073557000120,XINGU LOGISTICA LTDA,SP,H,standard,5,1255755.6566199565,1073922.35,14.479991044546548,alta
12493903000130,"CSB COMERCIO, MANUTENCAO E REPARACAO DE MAQUINAS E EQUIPAMENTOS LTDA.",SP,C,standard,5,1254289.511229123,1109958.5,11.50699339641993,alta
06180562000140,PONTE ALTA TRANSPORTADORA E DISTRIBUIDORA DE ALIMENTOS LTDA,RJ,H,standard,5,1253045.7205688448,1073922.35,14.295038690809154,alta
01148814000130,CENTRAL LOG TRANSPORTES LTDA,SP,H,standard,5,1252346.4103680092,1073922.35,14.247181042789766,alta
29061151000131,COSMOTOUR TRANSPORTES LTDA,SP,H,standard,5,1251189.6560461943,1073922.35,14.167900540863279,baixa
26052960000199,POUSADA VILLA DA MATA LTDA,SP,I,standard,8,1249475.5292266035,1105742.96,11.503432109276332,baixa
14646416000196,MIX MUDANCAS LOGISTICA E ARMAZENAMENTO LTDA,RJ,H,standard,7,1249257.0587697295,1503491.29,20.350834077386835,alta
48766356000167,MARCENARIA E CARPINTARIA BRISTOL LTDA,SP,C,standard,6,1241931.7940317856,1498179.6,20.63300152227653,alta
31512598000121,ONAECO CONFECCOES LTDA,SP,C,standard,6,1239128.5760957736,1091119.7999999998,11.944585812242138,alta
45045235000138,TELEASSIST-SUPRIMENTOS MEDICOS E ASSISTENCIA TECNICA LTDA,SP,C,standard,6,1238001.9846567695,1173966.9,5.172454119653377,alta
07897704000158,M&S SERVICOS E TRANSPORTES LTDA,SP,H,standard,5,1236081.9415147512,1073922.35,13.118838328471439,alta
06212494000154,"GAMA - INDUSTRIA, COMERCIO, IMPORTACAO E EXPORTACAO DE MAQUINAS E EQUIPAMENTOS INDUSTRIAIS LTDA",SP,C,standard,5,1228823.759895662,1224364.05,0.3629251029489128,alta
32243429000104,LAFAETE TRANSPORTES LTDA,SP,H,standard,5,1225111.7095698281,1073922.35,12.340863154668153,alta
32446137000160,EXPRESSO PREMIUM TRANSPORTE E LOGISTICA LTDA,SP,H,standard,5,1222532.7515414716,1073922.35,12.155944399370163,alta
34897568000179,TRANSPORTADORA MILENIUM LTDA,SP,H,standard,5,1222532.7515414716,1073922.35,12.155944399370163,alta
39891543000181,TRANSMS LOGISTICA E TRANSPORTES LTDA.,SP,H,standard,5,1222532.7515414716,1073922.35,12.155944399370163,alta
29060984000188,ACTIVITY LOGG TRANSPORTES LTDA,SP,H,standard,5,1222532.7515414716,1073922.35,12.155944399370163,alta
10887811000100,R. O. DE FREITAS TRANSPORTES LTDA,SP,H,standard,5,1222532.7515414716,1073922.35,12.155944399370163,alta
49037944000122,TRANSPOR RIO TRANSPORTADORA LTDA,SP,H,standard,5,1222532.7515414716,1073922.35,12.155944399370163,alta
06745674000100,ZEUS  EXPRESS TRANSPORTES E LOGISTICA  LTDA,SP,H,standard,5,1222532.7515414716,1073922.35,12.155944399370163,alta
31872857000125,TRANSNETUNO LOGISTICA E COMERCIO DE CONFECCOES LTDA,SP,H,standard,5,1221662.4478566346,1073922.35,12.0933649156393,alta
69017812000146,TRANSPORTADORA RODODOCE LTDA,SP,H,standard,5,1221662.4478566346,1073922.35,12.0933649156393,alta
20200813000132,KUDO RIO PRETO TRANSPORTES LTDA,SP,H,standard,5,1221662.4478566346,1073922.35,12.0933649156393,alta
05143528000133,URBAN COMERCIO DE MOVEIS E ARTIGOS EM MADEIRA LTDA,SP,C,standard,6,1220828.0597750524,1498179.6,22.71831303386425,alta
04358329000180,AMMT TERRA EXPRESS LTDA,SP,H,standard,5,1219144.3876173915,1073922.35,11.911799709073263,alta
51933823000100,EVOLVEER INDUSTRIA E COMERCIO DE ARTEFATOS EM METAIS E CIA LTDA,SP,C,standard,7,1218857.4932763071,1439889.8499999999,18.134388797951633,alta
13933307000197,TRANSPORTADORA MEDALHA MILAGROSA LTDA,SP,H,standard,6,1218324.7308493122,1288706.82,5.776956452457755,alta
44489953000130,RODOESTE TRANSPORTES RODOVIARIO LTDA,SP,H,standard,5,1218000.478576927,1073922.35,11.829069947925078,alta
48506250000124,SERRANA CONSULTORIA EMPRESARIAL LTDA,SP,M,partnership_heavy_services,5,1217592.2601123601,1172722.55,3.685117882419807,baixa
08516228000140,H.D.F. TRANSPORTES LTDA,SP,H,standard,5,1217170.185992738,1073922.35,11.768924152205004,alta
30556306000190,R&N TRANSPORTADORA LTDA,SP,H,standard,5,1217170.185992738,1073922.35,11.768924152205004,alta
27308819000177,CS MODELOS PARA FUNDICAO LTDA,SP,C,standard,6,1212600.5984218775,1417911.6,16.93146134393483,baixa
37781654000100,CONFECCAO ARAUJO LTDA,SP,C,standard,6,1210929.0798026377,1202094.6,0.7295621147422997,alta
63045629000178,FABRICA DE ESTOPAS CIRT LTDA,SP,C,standard,6,1210929.0798026377,1202094.6,0.7295621147422997,alta
06278965000127,STRADA INDUSTRIA E COMERCIO TEXTIL LTDA.,SP,C,standard,6,1210929.0798026377,1202094.6,0.7295621147422997,alta
50711437000101,INNOVA PETIKO INDUSTRIA DE ARTIGOS PARA ANIMAIS LTDA,SP,C,standard,6,1210428.5599767445,1484719.08,22.660612042112213,alta
30339315000129,QPACK SOLUCOES ANALITICAS LTDA,SP,C,standard,7,1201097.8501265007,1369628.05,14.031346393280913,baixa
20001428000166,M2 RP PRESTACAO DE SERVICOS LTDA,SP,M,partnership_heavy_services,5,1198591.3567823316,1172722.55,2.1582674224998115,baixa
62757208000107,CONFECCOES BRUVI INDUSTRIA & COMERCIO LTDA,SP,C,standard,10,1196082.4583714844,1241269.4,3.777911908351149,alta
51356837000109,FX INSTALACOES METALICAS LTDA,SP,C,standard,10,1190313.232273964,1357389.5,14.036327850178981,alta
51981705000178,LMD METAIS LTDA,SP,C,standard,5,1189625.7996539786,1224364.05,2.9200989383489886,alta
66175746000144,TITANEWS INDUSTRIA E COMERCIO DE TITANIO LTDA,SP,C,standard,5,1189625.7996539786,1224364.05,2.9200989383489886,alta
31031144000139,G S JUNHO & CARVALHO LTDA,SP,C,standard,10,1188119.835876375,1329310.1,11.883503655124239,alta
16973692000194,KALDERMEC SOLUCAO EM CALDEIRARIA LTDA,SP,C,standard,10,1188119.835876375,1329310.1,11.883503655124239,alta
11794424000191,NEW TRACK TRANSPORTES LTDA,SP,H,standard,5,1187455.1627542218,1073922.35,9.561018918044034,alta
12970499000149,VOLK UNIFORMES PROFISSIONAIS LTDA,SP,C,standard,8,1186035.820194245,1454826.4,22.662939451671296,alta
03255359000106,SERVICOS INTEGRAIS RAMOS LTDA,RJ,C,standard,6,1184217.2256747878,1469236.8599999999,24.06818851691698,alta
15009193000119,CENTRO DE TRATAMENTO VETERINARIO RECANTO ANIMAL LTDA,RJ,M,partnership_heavy_services,5,1182807.789778859,1172722.55,0.852652465261867,baixa
42458307000180,VETERINARIA FLIPER LTDA,RJ,M,partnership_heavy_services,5,1182807.789778859,1172722.55,0.852652465261867,baixa
48064892000110,RODO MACKGREGOR TRANSPORTES LTDA,SP,H,standard,6,1182152.3475583685,1288706.82,9.013599022301184,baixa
05423943000140,TOLEDO & DELFINI LTDA.,SP,C,standard,7,1179539.5710385905,1368730.37,16.039377025293536,alta
29676527000112,OMEGA SEGURANCA ELETRONICA E TECNOLOGIA PIRACICABA LTDA.,SP,N,standard,11,1176832.3157763379,930931.21,20.895169386483136,alta
40184769000121,WB SERVICES TERCEIRIZACAO DE MAO DE OBRA LTDA,SP,N,standard,18,1175747.8967458606,1009392.48,14.148901920750664,baixa
38126075000196,ENSAIOS DE PROFICIENCIA PIPA LTDA,SP,M,partnership_heavy_services,5,1174963.2058671666,1172722.55,0.190700087966831,baixa
54016340000130,TRANSPANTCHO LTDA.,SP,H,standard,5,1174519.9578590326,1073922.35,8.56499774106915,alta
53255864000110,M & M CONFECCAO E DISTRIBUICAO LTDA,SP,C,standard,7,1172849.1011345813,1368730.37,16.7013189229483,alta
55888762000168,MALHARIA MICHIGAN LTDA,SP,C,standard,7,1172849.1011345813,1368730.37,16.7013189229483,alta
05276600000109,BY CHAMPAGNE INDUSTRIA E COMERCIO DE ROUPAS LTDA,SP,C,standard,7,1172849.1011345813,1368730.37,16.7013189229483,alta
07020136000102,ANDRE D.B. COMERCIO DE CONFECCOES LTDA,SP,C,standard,7,1172849.1011345813,1368730.37,16.7013189229483,alta
46989357000145,INDUSTRIA GRAFICA JOTA PREMIUM LTDA,SP,C,standard,7,1170428.1496006656,1418439.1900000002,21.189770639398297,alta
37376299000193,D-XIS COMERCIO E TRANSPORTES LTDA,SP,H,standard,5,1170273.8621800619,1073922.35,8.233244823615212,alta
24104107000148,PROMARKT SERVICOS LTDA,SP,H,standard,5,1165388.6042469947,1073922.35,7.848562609387683,alta
51879373000115,GAO AMM LTDA,SP,H,standard,5,1164438.4303145648,1073922.35,7.773367655867598,alta
54502711000193,TRANSPORTADORA ARAGAO BARBOSA LTDA,SP,H,standard,5,1164438.4303145648,1073922.35,7.773367655867598,alta
10685622000154,AP TRANSPORTES URGENTES LTDA,SP,H,standard,5,1164319.8078367724,1073922.35,7.763971481746471,alta
34659890000160,LSANTOS EXPRESS TRANSPORTADORA LTDA,RJ,H,standard,6,1163317.5080292427,1288706.82,10.778597511454747,alta
08990358000110,TRANSMARIO DE IGUACU TRANSPORTADORA LTDA,RJ,H,standard,6,1163317.5080292427,1288706.82,10.778597511454747,alta
06573106000160,P B COELHO TRANSPORTES LTDA,RJ,H,standard,5,1163100.3356285463,1073922.35,7.66726505846582,alta
10605322000118,FERMODEL USINAGEM E FERRAMENTARIA LTDA,SP,C,standard,5,1160616.0812186734,1224364.05,5.492597406921145,alta
05494218000163,EPSE - EMPRESA PAULISTA DE SOLUCOES EM ENERGIA LTDA,SP,C,standard,6,1160321.7953494238,1331950.2000000002,14.791448832424248,alta
21405353000141,CNC TECH PRODUTOS E SERVICOS LTDA,SP,C,standard,5,1159385.3129890743,1109958.5,4.263191230329141,alta
27743052000104,BATU & PK CONFECCAO DE ROUPAS LTDA,RJ,C,standard,7,1154333.452969961,1368730.37,18.57322218969064,alta
52329390000141,HL VISCARDE TRANSPORTES E LOGISTICA LTDA,SP,H,standard,5,1149749.8503378094,1073922.35,6.595130263816112,alta
11874063000193,ADJ TRANSPORTES LTDA,SP,H,standard,5,1148159.9618165228,1073922.35,6.465789984443466,alta
23981279000137,MATSUMOTO FRETAMENTO E TURISMO LTDA,SP,H,standard,5,1148044.9776996858,1073922.35,6.456421929409398,alta
21732874000103,ARNIX INDUSTRIA E COMERCIO DE ALUMINIO LTDA,SP,C,standard,6,1145961.5088685767,1398837.42,22.066701994300924,alta
09263669000140,DELPASSO FRETAMENTO E TRANSPORTE LTDA,SP,H,standard,5,1139864.662618661,1073922.35,5.785100177346388,baixa
03367481000166,OMUS TRANSPORTES LTDA,SP,H,standard,6,1139427.475980118,1288706.82,13.101258936333299,alta
40151127000126,IMPACTO SOLUCOES EM LOGISTICA LTDA,RJ,H,standard,5,1135348.493475629,1073922.35,5.410333816323285,alta
04402831000140,TERRA DE AVENTURA AGENCIA DE VIAGENS E TURISMO LTDA,SP,N,standard,5,1135055.841507235,1060472.7,6.570878610535718,alta
28676447000102,CLINICA VETERINARIA TODODOY LTDA,RJ,M,partnership_heavy_services,6,1132190.7580577107,1407267.06,24.295932464082874,baixa
08938139000192,TRT - TRANSPORTES RODOVIARIOS TROIANE LTDA.,SP,H,standard,5,1131926.8142039552,1073922.35,5.124400577500911,alta
28167741000180,SRA.VETCLINICA VETERINARIA LTDA,RJ,M,partnership_heavy_services,5,1131648.6151965647,1172722.55,3.629566126080656,baixa
00823652000126,CLINICA OCEANICA VETERINARIA INTEGRADA LTDA,RJ,M,partnership_heavy_services,5,1131648.6151965647,1172722.55,3.629566126080656,baixa
34469434000157,FERLY CONFECCOES LTDA,SP,C,standard,7,1131253.860215753,1368730.37,20.992327021890155,alta
24263993000152,MANUBRAS SERVICOS E MANUTENCAO LTDA,RJ,C,standard,8,1125386.1612215177,1085911.6,3.5076458714110283,alta
45779006000147,ENGESEL EQUIPAMENTOS DE SEGURANCA LTDA,SP,C,standard,7,1124053.9978484923,1272973.0999999999,13.248393977206408,alta
49230845000162,GIRO INDUSTRIA E COMERCIO DE CALCADOS LTDA,SP,C,standard,9,1122380.8659897146,1249222.68,11.301138308201315,alta
10707141000100,JOAO B. DE OLIVEIRA CALCADOS LTDA,SP,C,standard,9,1122380.8659897146,1249222.68,11.301138308201315,alta
12111750000110,INTER QUALITY SERVICE LTDA,RJ,N,standard,7,1119938.1331143929,971112.1699999999,13.288766469673513,alta
26769159000169,PEREIRA & GALDINO TRANSPORTES LTDA,SP,H,standard,5,1114056.0800153506,1073922.35,3.6024874093230124,alta
40977582000185,ADRIANO MARINHO TRANSPORTES LTDA,SP,H,standard,5,1114056.0800153506,1073922.35,3.6024874093230124,alta
05674295000103,STINE SOLUCOES PARA RODOVIAS LTDA,SP,C,standard,10,1111718.815171562,912640.7000000001,17.907236295253295,baixa
31346965000164,LEVORATO & CIA TRANSPORTES LTDA,SP,H,standard,5,1109627.5142283374,1073922.35,3.217761255061128,alta
15296260000123,SOEST EMPREENDIMENTOS E PARTICIPACOES LTDA,SP,M,partnership_heavy_services,5,1105528.9639785283,1172722.55,6.077957992132426,baixa
08533180000189,PACHECO & SILVA COMERCIO DE MOVEIS PLANEJADOS LTDA,SP,C,standard,5,1105240.7524529481,1248483.0,12.960275598700377,alta
07279712000130,DIDI TRANSPORTES DOURADO LTDA,SP,H,standard,5,1104582.923544001,1073922.35,2.775760234064456,alta
10494305000150,GALPAO CONFECCOES LTDA,SP,C,standard,7,1103524.1232752183,1368730.37,24.032664182968617,alta
13514300000130,AUTO VIACAO SANTA TEREZA LTDA,SP,H,standard,6,1101148.7214572828,1288706.82,17.032948854946593,alta
04997387000153,LACERDA & LACERDA DESIGN & DECORACOES LTDA,SP,C,standard,5,1101009.7068191485,1248483.0,13.394368121140953,alta
06169380000179,BEMPOSTA EMPREENDIMENTOS AGROPECUARIOS LTDA,RJ,I,standard,6,1098579.3509978447,829307.22,24.510940493580517,alta
08191023000132,SILK TECH COMERCIO E RECONDICIONAMENTO DE MATRIZES GRAFICAS LTDA,SP,C,standard,5,1096877.0407617395,1168903.9,6.566539052384623,baixa
10772384000114,ESTEQUIOMETRICA SISTEMAS DE COMBUSTAO INDUSTRIAL LTDA,RJ,C,standard,8,1096600.341740116,1063448.08,3.0231854284769786,alta
02629866000191,J A M LOCADORA DE VEICULOS E TURISMO LTDA,SP,H,standard,6,1096252.6587687556,1288706.82,17.555639176045172,alta
28375707000100,DADA FOTOS LTDA,RJ,M,standard,5,1094777.5313221146,1172722.55,7.119713041950599,baixa
23476214000134,ECHOSERVICE SOLUCOES AMBIENTAIS LTDA,RJ,H,standard,5,1090604.76710613,1073922.35,1.5296482840796635,alta
24675705000177,TEIAS SERVICE ENGINEERING AND COMMERCE LTDA,SP,C,standard,10,1088279.192450222,1329310.1,22.14789267514207,alta
72819980000160,M. SO MATERIAL HOSPITALAR LTDA,SP,C,standard,13,1086764.085311169,1350150.49,24.2358399811691,alta
07660977000184,S Z COMERCIO DE TECIDOS LTDA,SP,C,standard,5,1081579.0340299066,1329264.5,22.900357549205662,alta
47665222000197,GAOSBE AMBIENTAL LTDA,SP,H,standard,5,1081063.5037014016,1073922.35,0.6605674575962738,alta
08699190000199,ANDERSON COSTA TRANSPORTES LTDA,SP,H,standard,5,1080523.5981965384,1073922.35,0.6109304977287124,alta
32168634000144,DMJ SERVICOS DE INFORMACOES CADASTRAIS LTDA,RJ,N,standard,7,1080307.9691866522,971112.1699999999,10.107839829124298,alta
69011104000106,CONFECCOES E COMERCIO YEGRIN LTDA,SP,C,standard,9,1076474.212534336,1117142.46,3.77791190835116,alta
28902304000163,TECNOCALIBRACAO SERVICOS LTDA,SP,C,standard,5,1076264.953714503,978305.75,9.101773998718187,alta
22478979000140,TRANSVOLPE PROJETOS E TRANSPORTES LTDA,RJ,H,standard,6,1074223.4897011998,1288706.82,19.96636010616932,alta
08722058000150,CLINICA VETERINARIA QUATRO PATAS DE CAXIAS LTDA,RJ,M,partnership_heavy_services,5,1073714.5422449175,1172722.55,9.221073559093004,baixa
10234561000109,L C SOLUCOES EM MOBILIARIO LTDA,SP,C,standard,12,1072394.8635077835,1095168.84,2.1236558722151395,alta
05210138000139,TRL PRESTACAO DE SERVICOS MECANICOS LTDA,SP,C,standard,5,1071646.879344266,1224364.05,14.250698956841159,alta
14252469000122,METALTEC USINAGEM E FERRAMENTARIA LTDA,SP,C,standard,5,1071646.879344266,1224364.05,14.250698956841159,alta
08934302000149,LPA PRIMOR TRANSPORTES RODOVIARIO E AEREO DE CARGAS E LOCACAO DE VEICULOS DE CARGAS LTDA,RJ,H,standard,5,1067801.82416686,1073922.35,0.5731893029790989,alta
30096642000105,W A G TRANSPORTES E MUDANCAS LTDA,RJ,H,standard,5,1067801.82416686,1073922.35,0.5731893029790989,alta
07179207000114,DOM RUAM TRANSPORTADORA LTDA,RJ,H,standard,5,1067801.82416686,1073922.35,0.5731893029790989,alta
57089794000129,CARIOCA RIOLOG TRANSPORTES E LOGISTICA LTDA,RJ,H,recent_startup,5,1067801.82416686,1073922.35,0.5731893029790989,baixa
01359847000120,TRANSPORTADORA LANZA LIMITADA,RJ,H,standard,5,1067801.82416686,1073922.35,0.5731893029790989,alta
00229686000197,VANATUR TURISMO LTDA,SP,N,standard,5,1064266.8359479557,1060472.7,0.3565023187607164,baixa
38905360000105,GIRUS INDUSTRIA E COMERCIO DE MOVEIS E DECORACOES LTDA,SP,C,standard,5,1062978.8210111684,1248483.0,17.451352305624397,alta
59359455000140,ALTERNATIVA TRANSPORTADORA TURISTICA LTDA,SP,H,standard,5,1060080.5742899526,1073922.35,1.3057286441946874,baixa
13184202000182,DDS EXPRESS TRANSPORTES LTDA,SP,H,standard,5,1057923.2058839328,1073922.35,1.512316208500169,alta
49997825000111,TRANS OTHA TRANSPORTES LTDA,SP,H,standard,5,1057923.2058839328,1073922.35,1.512316208500169,alta
18712931000188,AGRV TRANSPORTES LTDA,SP,H,standard,5,1057923.2058839328,1073922.35,1.512316208500169,alta
00989495000123,T & C TRANSPORTES E COMERCIO LTDA,SP,H,standard,5,1057923.2058839328,1073922.35,1.512316208500169,alta
34598370000194,"TERA CARGO TRANSPORTES, ESTOCAGEM E LOGISTICA LTDA",SP,H,standard,5,1057914.404065761,1073922.35,1.5131607881240274,alta
74624248000160,TRANSPORTADORA DIRCEU LTDA,SP,H,standard,5,1057914.404065761,1073922.35,1.5131607881240274,alta
42548122000167,LOGISTICA SBS LTDA,SP,N,standard,6,1057233.243288874,832381.86,21.267907031507946,alta
25198791000137,C M DE CAMPOS SANTOS INFORMACOES CADASTRAIS LTDA,RJ,N,standard,6,1055404.2854311494,832381.86,21.131468623897163,alta
01229751000147,TRANSPORTADORA RICCI LTDA,SP,H,standard,5,1052858.3307090625,1073922.35,2.0006508640865017,alta
46536929000130,WCP TRANSPORTES E LOGISTICA LTDA,RJ,H,standard,6,1052476.888438004,1288706.82,22.445141946308027,alta
12362074000157,SWP COMERCIO E MANUTENCAO INDUSTRIAL LTDA,SP,C,standard,5,1044135.2519973976,1224364.05,17.261058627972808,alta
41326791000121,GAMA INSTALACOES LTDA,SP,C,standard,9,1043852.5947654399,1221650.55,17.032860398695707,alta
28590461000180,SOLUMAR PINTURAS LTDA,RJ,N,standard,6,1042326.5261918193,832381.86,20.141928744619058,alta
09243285000166,NEW HAMMER INDUSTRIA E COMERCIO DE MOVEIS LTDA,SP,C,standard,5,1038815.9520014124,1248483.0,20.183271887059213,alta
34195410000157,P&G TRANSPORTES RODOVIARIOS DE BARRETOS LTDA,SP,H,standard,5,1036002.1109626476,1073922.35,3.6602472751833695,alta
27352064000108,TRANSMAX TRANSPORTES LTDA,SP,H,standard,5,1035142.0151924609,1073922.35,3.746378201094362,alta
01953940000168,JAPEX DO BRASIL MUDANCAS E TRANSPORTES LTDA,SP,H,standard,5,1035142.0151924609,1073922.35,3.746378201094362,alta
30946088000108,OMEGA INDUSTRIA DE ESTOFADOS LTDA.,SP,C,standard,5,1034943.1616931546,1248483.0,20.633001522276526,alta
24700138000161,A VITRINE DO LOJISTA LTDA,SP,C,standard,5,1034943.1616931546,1248483.0,20.633001522276526,alta
00348039000102,MOVEIS E DECORACOES SEVAL LTDA,SP,C,standard,5,1034943.1616931546,1248483.0,20.633001522276526,alta
16417378000125,BARAO DE MAUA ASSESSORIA EMPRESARIAL LTDA,RJ,N,standard,6,1034441.127806855,832381.86,19.533181964182535,baixa
01643613000100,TIG MASTER SOLDAS COMERCIO E SERVICOS DE SOLDAS ESPECIAIS LTDA,SP,C,standard,5,1032469.8200914246,1224364.05,18.585940835692735,alta
15808984000109,BENGE ENGENHARIA E SERVICOS LTDA,SP,C,standard,7,1030372.659669799,930517.0700000001,9.691211110143339,alta
48772416000154,UTIS BRASIL ULTIMATE TECHNOLOGY TO INDUSTRIAL SAVING LTDA,SP,C,standard,7,1030372.659669799,930517.0700000001,9.691211110143339,alta
55631924000188,FARIA BROKER CONSULTORIA E NEGOCIOS LTDA,RJ,M,recent_startup,5,1029336.6867481992,1172722.55,13.92992837987485,baixa
52485829000125,RAMOS AUGUSTO TRANSPORTADORA LTDA,SP,H,standard,5,1015509.5997605401,1073922.35,5.752062831629944,alta
18355400000185,AGIL  EXPRESS TRANSPORTES E COMERCIO LTDA,RJ,H,standard,5,1011349.71243479,1073922.35,6.187042602164648,alta
44285662000120,JFS ELETRICA E AUTOMACAO LTDA,SP,C,standard,8,1011019.532176724,1063448.08,5.18571067666689,alta
18104903000188,JWM MONTAGENS INDUSTRIAIS LTDA,SP,C,standard,8,1011019.532176724,1063448.08,5.18571067666689,alta
00859498000142,TRAROM COMERCIO LTDA,SP,C,standard,5,1009107.566502198,1001745.5,0.7295621147422998,alta
10372850000174,OFICINA DE COSTURA TRIGO FINO LTDA,SP,C,standard,6,1005299.2295439268,1173197.46,16.70131892294829,alta
32897046000141,DRIWORKS IND E COM LTDA,SP,C,standard,6,1005299.2295439268,1173197.46,16.70131892294829,alta
49221895000183,GUALBERTO QUISPE COMERCIO E CONFECCOES LTDA,SP,C,standard,6,1005299.2295439268,1173197.46,16.70131892294829,alta
29776431000126,US2 CONFECCAO DE VESTUARIO LTDA,SP,C,standard,6,1005299.2295439268,1173197.46,16.70131892294829,alta
24703507000170,REGINALDO FERNANDES FERREIRA CONFECCOES LTDA,SP,C,standard,6,1005299.2295439268,1173197.46,16.70131892294829,alta
05902348000198,COMERCIO E CONFECCOES VICENTE E SILVA LTDA,SP,C,standard,6,1005299.2295439268,1173197.46,16.70131892294829,alta
61192233000128,DIKSZTEJN CIA LTDA,SP,C,standard,6,1005299.2295439268,1173197.46,16.70131892294829,alta
36691130000165,YELLOW COMERCIO E INDUSTRIA DE ROUPAS LTDA,SP,C,standard,6,1005299.2295439268,1173197.46,16.70131892294829,alta
07584772000167,LILIANE MODAS E CONFECCOES LTDA,SP,C,standard,6,1005299.2295439268,1173197.46,16.70131892294829,alta
53285250000181,SETTING - GRUPO EMPRESARIAL TEXTIL LTDA,SP,C,standard,6,1005299.2295439268,1173197.46,16.70131892294829,alta
57175085000166,FRANCAL MANUTENCAO E REPARACAO DE MAQUINAS E EQUIPAMENTOS LTDA,SP,C,standard,5,1002624.5561989906,1109958.5,10.705297724595818,alta
05313923000117,SICALTH INDUSTRIA E COMERCIO DE CALCADOS LTDA,SP,C,standard,8,997671.8808797465,1110420.16,11.301138308201294,alta
15250460000145,M.B INDUSTRIA E COMERCIO DE CALCADOS LTDA,SP,C,standard,8,997671.8808797465,1110420.16,11.301138308201294,alta
07627601000178,INJECASTING INDUSTRIA E COMERCIO DE METAIS LTDA,SP,C,standard,5,983830.6355652413,1165697.85,18.485622205723487,alta
12564115000198,CENPROS PROCESSAMENTO DE DADOS LTDA.,SP,N,standard,6,980879.7992417848,832381.86,15.139259607198866,alta
03733092000107,MASTER PREMIUM ATIVOS & NEGOCIOS LTDA,SP,N,standard,6,980612.4174525458,832381.86,15.116120784766535,alta
53024208000107,NOVA MONTADORA DE MOVEIS LTDA,SP,C,standard,13,980095.3628420782,1186432.9100000001,21.05280312311496,alta
16957842000176,BERNARDES TRANSPORTES CABREUVA LTDA,SP,H,standard,5,974794.4573457274,1073922.35,10.169107128921164,alta
51151031000184,RICARDO TRANSPORTADORA LTDA,RJ,H,standard,5,969431.2566910355,1073922.35,10.778597511454766,alta
18293254000100,VIBRAX CONTROLE DE VIBRACAO E ENGENHARIA LTDA,SP,C,standard,5,966934.8294578532,1109958.5,14.791448832424223,alta
52010578000122,MARCOS PAULO QUERUBIN TRANSPORTES LTDA,SP,H,standard,5,964628.602582742,1073922.35,11.330137539425007,baixa
52311744000120,WA TRANSPORTES E SERVICOS LTDA,RJ,H,standard,5,961691.0108865327,1073922.35,11.67020777390933,alta
09494806000158,BOTUTRANSPORTES E LOCACAO LTDA,SP,H,standard,5,959465.9980162892,1073922.35,11.929172291707175,alta
23926515000112,ROMU SISTEMAS DE SEGURANCA LTDA,SP,N,standard,9,959305.0859042044,761670.99,20.60179798983574,baixa
03873776000104,FERRER POUSADA LTDA,RJ,I,standard,6,958653.3498540992,829307.22,13.49248191473851,baixa
03119048000101,KIT'S CONFECCOES LTDA,SP,C,standard,8,956865.9666971874,993015.52,3.777911908351174,alta
36364995000117,VALENTIM CONSULTORIA EMPRESARIAL LTDA,RJ,M,partnership_heavy_services,5,953382.8637264695,1172722.55,23.00646409944917,baixa
57221454000100,GHS2 GESTORA EMPRESARIAL LTDA,RJ,M,recent_startup,5,953382.8637264695,1172722.55,23.00646409944917,baixa
20625530000132,AGENCIA DIGITAL MIXD LTDA,SP,J,partnership_heavy_services,5,946581.0071724879,943936.5,0.279374628526222,baixa
66142928000119,LANABELLA TEXTIL LIMITADA,SP,C,standard,6,945877.8199501871,1173197.46,24.032664182968603,alta
50563572000157,ELIAS EV LEITE  LTDA,RJ,N,standard,6,944394.6310991051,832381.86,11.860801344109978,baixa
37764761000120,BOX MARKET COMERCIAL LTDA.,SP,J,partnership_heavy_services,5,942653.0847546117,943936.5,0.1361492648933918,baixa
73019333000136,TRANSGODOY TRANSPORTES DE CARGAS EM GERAL LTDA.,SP,H,standard,5,942040.8739753651,1073922.35,13.999549241223667,alta
26608207000137,ADRILOM TRANSPORTES LTDA,SP,H,standard,5,936784.1741627341,1073922.35,14.639249852810066,alta
22040667000150,WOS GRAFICA E UNIFORMES LTDA,SP,C,standard,5,929919.7947038556,983132.05,5.722241380299954,alta
34026677000110,D. SOARES GOVEIA MANUTENCAO INDUSTRIAL LTDA,SP,C,standard,8,922653.2652477085,1063448.08,15.259775265033259,alta
25011464000124,W R A FLASH SERVICOS DE APOIO ADMINISTRATIVO LTDA,SP,N,standard,5,921199.7720749619,693651.55,24.701289445873346,alta
28203338000160,MURALHA TOUR TRANSPORTES E TURISMO LTDA,SP,H,standard,5,918710.145152889,1073922.35,16.894578302635505,baixa
00583121000103,TURISMO SINGULAR LTDA,SP,H,standard,5,918710.145152889,1073922.35,16.894578302635505,baixa
08587298000190,MCR PRESTADORA DE SERVICOS DE TECNOLOGIA LTDA,RJ,N,standard,10,917988.5116887768,846301.1,7.809183968642169,alta
08641443000173,ELITE FRETAMENTO LTDA,SP,H,standard,5,903236.3882178823,1073922.35,18.89715295005855,alta
19842283000147,"EUROVAN AGENCIA DE VIAGENS, TRANSPORTE E LOGISTICA LTDA",SP,H,standard,5,903236.3882178823,1073922.35,18.89715295005855,alta
05564205000113,BELSYS AUTOMACAO LTDA,SP,C,standard,8,902493.3620184512,1063448.08,17.834448956119655,alta
53805594000174,VIACAO PIRASSUNUNGA LTDA,SP,H,standard,5,902382.0807502582,1073922.35,19.00971582980903,alta
10919465000102,TTS TOTUS ADMINISTRACAO E SERVICOS DE APOIO A EDIFICIOS E EMPRESAS LTDA,SP,N,standard,5,901486.8194864398,693651.55,23.054720822744766,alta
02777272000128,ISRACO INDUSTRIA E COMERCIO LTDA,SP,C,standard,6,901421.7285059486,1061243.82,17.73000211110363,alta
37231857000122,BALBINO SERVICOS ADMINISTRATIVOS LTDA,RJ,N,standard,5,899484.8628494593,693651.55,22.883466009356088,alta
10707151000138,USF SERVICOS E SEGURANCA LTDA,SP,N,standard,8,896347.5064034975,677040.88,24.46669677070257,alta
24155839000167,VIGA TRANSPORTES E LOGISTICA LTDA,RJ,H,standard,5,895186.2414176664,1073922.35,19.966360106169333,alta
25289074000110,RIO FLV FORNECIMENTO LTDA,RJ,H,standard,5,895186.2414176664,1073922.35,19.966360106169333,alta
01492732000109,TRANSTIME BARRA TRANSPORTES RODOVIARIOS LTDA,RJ,H,standard,5,895186.2414176664,1073922.35,19.966360106169333,alta
35236530000118,S & B SERVICOS INDUTRIAIS DE CALDEIRARIA LTDA,SP,C,standard,7,890485.478501974,930517.0700000001,4.495479428296742,baixa
06020468000124,M.F. ORGANIZACAO DE FESTAS E RECEPCOES LTDA,SP,N,standard,5,885925.3942258987,693651.55,21.70316433856184,alta
14043184000181,TRANSPORTO DE ITAGUAI TRANSPORTES LTDA,RJ,H,standard,5,884230.2293191288,1073922.35,21.45279751710561,alta
45254452000138,SPACEGAZ COMERCIO E MANUTENCAO DE EQUIPAMENTOS LTDA,SP,C,standard,6,883176.5654312563,797586.06,9.691211110143339,alta
21682689000151,WA3 TELEMARKETING E COBRANCA LTDA,RJ,N,standard,5,881446.3399134531,693651.55,21.30530032399841,alta
26073033000155,SMART SOLUCOES INTEGRADAS LTDA,RJ,N,standard,5,881446.3399134531,693651.55,21.30530032399841,alta
02037913000108,JUNIOR E KEZIA COMERCIO DE GAS LTDA,RJ,H,standard,5,877436.9449558215,1073922.35,22.393108265354787,alta
26529042000108,AMJ PROMOTORA DE VENDAS LTDA,SP,N,standard,5,875445.0568003666,693651.55,20.765838517016395,baixa
22029171000186,SW INSTALACOES INDUSTRIAIS LTDA,SP,C,standard,8,875361.8257254972,1063448.08,21.486686847306547,alta
48131501000133,PORTELA APOIO EMPRESARIAL LTDA,RJ,N,standard,5,874421.6657846206,693651.55,20.673105763272126,alta
47684322000160,MIRAI PORTAS LTDA,SP,C,standard,5,870612.4951973622,1028492.75,18.134388797951654,alta
07275295000158,CEFI CALDEIRARIA E MONTAGEM INDUSTRIAL LTDA,SP,C,standard,7,867310.0044638257,875515.8300000001,0.94612370362858,alta
20188767000101,LOCATELLI VIGILANCIA E SERVICOS PATRIMONIAIS LTDA,SP,N,standard,8,865279.8694055146,677040.88,21.75469418176145,baixa
34040660000118,INTEGRA SOLUCOES DE ENGENHARIA LTDA,SP,C,standard,8,863065.5969306169,1000589.52,15.934353490449565,alta
29042751000152,COREMA COMERCIO E RECUPERACAO DE METAIS LTDA,RJ,N,standard,5,862472.6123952023,693651.55,19.57407805986598,alta
18261732000109,ESQUADRIAS E VIDROS ESQUADRIMAXXI LTDA,SP,C,standard,5,862199.592290811,1028492.75,19.287083779216175,alta
24940921000100,RODRIGUES & FERREIRA COMERCIO E SERVICOS LTDA,RJ,H,standard,5,861731.8124804011,1073922.35,24.62373263310677,alta
03038663000193,FOUR CONFECCAO DE UNIFORMES LTDA,SP,C,standard,5,856717.5239532602,909266.5,6.1337575779069455,alta
02009366000157,B & B - OFICINA DE COSTURA LTDA,SP,C,standard,5,856717.5239532602,909266.5,6.1337575779069455,alta
67074492000130,CENTURION COMERCIO DE EQUIPAMENTOS DE SEGURANCA E SERVICOS LTDA.,SP,N,standard,8,852732.978829974,677040.88,20.60341316587043,alta
36400601000139,CREATOR SERVICOS E COMERCIO PARA FLUIDOS INDUSTRIAIS LTDA,SP,C,standard,7,846840.0485279546,930517.0700000001,9.881089305766723,alta
24835882000173,DUMON TERCEIRIZACAO DE SERVICOS LTDA,SP,N,standard,8,844427.4546094874,677040.88,19.822493181121967,alta
62073861000157,BIENE CONFECCOES DE ROUPAS LTDA,SP,C,standard,5,837749.3579532723,977664.55,16.7013189229483,alta
03633087000122,PLANET BORDADOS LTDA,SP,C,standard,5,837749.3579532723,977664.55,16.7013189229483,alta
36064492000126,ESPERANCA CONFECCOES LTDA,SP,C,standard,5,837749.3579532723,977664.55,16.7013189229483,alta
07292791000110,RRM CONFECCOES LTDA.,SP,C,standard,5,837749.3579532723,977664.55,16.7013189229483,alta
01317898000199,RENALUCI CONFECCOES LTDA,SP,C,standard,5,837749.3579532723,977664.55,16.7013189229483,alta
33972336000175,PINHEIRO DE ARAUJO APOIO ADMINISTRATIVO E OPERACIONAL EM REPARACAO AUTOMOTIVA LTDA,RJ,N,standard,5,829908.4828948252,693651.55,16.418308247620725,alta
02105011000161,M M BAPTISTA CONFECCOES LTDA,RJ,C,standard,5,824523.8949785437,977664.55,18.573222189690625,alta
20685479000154,IDEIA & TECNOLOGIA COMERCIO E SERVICOS TECNICOS LTDA,RJ,C,standard,6,822450.2563050869,797586.06,3.023185428476965,alta
13587439000104,PROFIMIET DO BRASIL LTDA.,RJ,C,standard,6,822450.2563050869,797586.06,3.023185428476965,alta
61827291000180,FEDERAL ART CONFECCOES LTDA,SP,C,standard,5,808038.4715826807,977664.55,20.992327021890162,alta
44852020000166,DND FABRICA DE VESTUARIO LTDA,SP,C,standard,5,808038.4715826807,977664.55,20.992327021890162,alta
11177146000123,PERIGOT COMERCIO DE ARTIGOS PARA ANIMAIS LTDA,SP,C,standard,5,808038.4715826807,977664.55,20.992327021890162,alta
39912499000149,J COSTA INDUSTRIA DE CALCADOS LTDA,SP,C,standard,11,807948.0150915266,882721.51,9.25474083874108,alta
28044800000123,JET KIDS CALCADOS LTDA,SP,C,standard,11,807948.0150915266,882721.51,9.25474083874108,alta
22835246000116,ACMB DE ARAUJO INDUSTRIA E COMERCIO LTDA,SP,C,standard,7,807321.607091745,930517.0700000001,15.259775265033253,alta
51082621000100,HATA QUALITY  CALDEIRARIA E MONTAGEM INDUSTRIAL LTDA,SP,C,standard,6,798847.6809383034,797586.06,0.1579300996181694,alta
16575358000182,W.E.S. SERVICOS PATRIMONIAIS LTDA,SP,N,standard,8,793558.2413167347,677040.88,14.682899786082476,alta
22803924000169,R. PACTO LTDA,SP,N,standard,5,793003.42906379,693651.55,12.52855604686143,alta
01627559000109,ESCALA INDUSTRIA E COMERCIO DE BORDADOS LTDA,SP,C,standard,5,788231.5166251559,977664.55,24.03266418296861,alta
11655638000187,INNOVATI CONFECCOES LTDA,SP,C,standard,5,788231.5166251559,977664.55,24.03266418296861,alta
12421272000144,NADIA SCATENA GIMENES BERARDO LTDA,SP,C,standard,12,784790.7103262754,893867.1599999999,13.898794702650866,baixa
32960842000181,BALLROOM NOVA IGUACU LTDA,RJ,N,standard,5,778391.9836532302,693651.55,10.886601536608532,alta
14778270000132,INUSITTA CASA DE FESTAS E EVENTOS LTDA,RJ,N,standard,5,778391.9836532302,693651.55,10.886601536608532,alta
18706962000126,R.P. DA SILVA SEGURANCA LTDA,SP,N,standard,7,772662.8877974622,592410.77,23.32868844151236,alta
09319311000192,ARTEC ESTEIRAS INDUSTRIAIS LTDA,SP,C,standard,7,769724.8741396504,930517.0700000001,20.88956733275289,alta
24131355000188,HONORATO SOLUTIONS INSTALACAO DE MAQUINAS LTDA,SP,C,standard,7,765941.5975098099,930517.0700000001,21.486686847306576,alta
43290983000150,RBS SEGURANCA PATRIMONIAL LTDA,SP,N,standard,7,755835.4378100146,592410.77,21.621726057662393,alta
32321062000191,TEC AUTOMACAO INDUSTRIAL LTDA,SP,C,standard,7,750978.9777238993,930517.0700000001,23.907206140477175,baixa
41031855000167,VIA KA INDUSTRIA E COMERCIO DE CALCADOS LTDA,SP,C,standard,5,742744.5659676364,923468.7,24.331936215099585,alta
42835098000147,VINICIUS DE MARIO ESVICERO LTDA,SP,C,standard,5,742744.5659676364,923468.7,24.331936215099585,alta
07871613000143,UBERPOSTOS INSTALACOES EM POSTOS DE COMBUSTIVEIS LTDA,SP,C,standard,7,740865.5888976557,875515.8300000001,18.17471929053856,alta
30831704000177,UPDOWN EQUIPAMENTOS INDUSTRIAIS LTDA,SP,C,standard,6,738402.7788003786,797586.06,8.015040422216673,alta
13332196000163,INOVACRIL INDUSTRIAL LTDA,SP,C,standard,9,729083.198552789,821376.6300000001,12.658833947951495,baixa
07681643000197,TUSSOR CONFECCOES LTDA,RJ,C,standard,6,728614.7700697507,744761.64,2.2161052168491646,alta
33786765000158,LV INDUSTRIA E COMERCIO DE ROUPAS LTDA,RJ,C,standard,6,728614.7700697507,744761.64,2.2161052168491646,alta
41600543000127,OFICCINA DI MODA INTIMA LTDA,SP,C,standard,7,710705.3634228364,868888.5800000001,22.257214412360085,alta
22719846000119,MARCELO MARQUES DE ALMEIDA FERNANDES DE MELO LTDA,SP,C,standard,9,691709.1095453503,821376.6300000001,18.745961078910508,baixa
40415411000162,COMPANY MONITORAMENTO ASSIS LTDA,SP,N,standard,7,687911.4103556571,592410.77,13.882694619977636,baixa
49994447000112,EMISSAO ZERO MONTAGEM E MANUTENCAO DE FILTROS LTDA,SP,C,standard,6,681933.1421549384,797586.06,16.959568423319826,alta
24949310000115,MFB ENGENHARIA LTDA,SP,C,standard,8,680821.2680206522,730112.56,7.239975349573334,baixa
11078076000156,GUIAN COMERCIO E SERVICO DE MONITORAMENTO DE ALARME LTDA,SP,N,standard,6,665803.6194736457,507780.66000000003,23.734169483574075,alta
33497704000170,MDH MONTADORA E DISTRIBUIDORA DE INSTRUMENTOS DE MEDICAO LTDA,SP,C,standard,5,665706.4007819194,664655.05,0.15793009961815482,alta
23180504000136,AFC REPRESENTACAO E SERVICOS LTDA,SP,C,standard,5,665706.4007819194,664655.05,0.15793009961815482,alta
61531299000103,SCAI COMERCIO E SERVICOS LTDA,SP,C,standard,5,665706.4007819194,664655.05,0.15793009961815482,alta
29300230000158,MAKE MONTAGENS INSTALACOES INDUSTRIAIS LTDA,SP,C,standard,5,665706.4007819194,664655.05,0.15793009961815482,alta
09577128000197,J.A.D. INDUSTRIA E COMERCIO DE CALCADOS LTDA,SP,C,standard,9,661048.3759839763,722226.6900000001,9.254740838741085,alta
20226971000161,DIGIFIRECOM PRESTACAO DE SERVICOS DE EQUIPAMENTOS PROFISSIONAIS DE SEGURANCA ELETRONICA E MONITORAMENTO LTDA,SP,N,standard,6,660823.2304244571,507780.66000000003,23.159381114092408,alta
51246962000166,G. A. CAMARGO MANUTENCAO DE TANQUES LTDA,SP,C,standard,6,639012.0655870916,750442.14,17.437867047241458,baixa
62838610000116,SERVAL INSTALACOES INDUSTRIAIS LTDA,SP,C,standard,5,631887.2076104525,664655.05,5.185710676666887,alta
39453336000145,TOTAL SEG SOLUCOES PARA EMPRESAS E CONDOMINIOS LTDA,SP,N,standard,6,627088.5144568465,507780.66000000003,19.025680060523058,alta
05047049000113,INTER VIRAS INDUSTRIA DE COMPONENTES PARA CALCADOS LTDA,SP,C,standard,5,623544.9255498415,694012.6,11.301138308201313,alta
16791479000161,INDUSTRIA DE CALCADOS SANTWEST LTDA,SP,C,standard,5,623544.9255498415,694012.6,11.301138308201313,alta
53198434000104,INTERNATIONAL DIGITAL SOLUTIONS SERVICE LTDA,SP,C,standard,5,615335.6490003155,664655.05,8.015040422216673,alta
40963007000123,"RAGUIAR-COBRANCAS, CADASTROS E ALIMENTACAO/BUFE LTDA",RJ,N,standard,5,601980.1620800272,693651.55,15.228307126138501,baixa
36021823000140,SAMAS CALDEIRARIA E CONSTRUCAO CIVIL LTDA,SP,C,standard,5,586736.1817718055,664655.05,13.280051690846445,alta
49927571000165,SOLUTIZA AUTOMACAO INDUSTRIAL LTDA,SP,C,standard,5,582961.572106099,664655.05,14.013527100725062,alta
26018166000129,FOX DESENVOLVIMENTO E TECNOLOGIA LTDA,SP,N,standard,5,560217.191502186,423150.55,24.46669677070258,alta
33959935000159,SHIELD TECH SOLUCOES EM TECNOLOGIA DA INFORMACAO LTDA,SP,N,standard,6,547316.7585458717,507780.66000000003,7.223622870769099,baixa
32230190000120,"LPDS - INSTALACAO, MANUTENCAO E REPARACAO DE SERVICOS INDUSTRIAIS LTDA",SP,C,standard,5,547101.1410784357,664655.05,21.48668684730656,alta
00768008000100,SAT COMPANY SEGURANCA E VIGILANCIA PRIVADA LTDA,SP,N,standard,5,540672.9006550477,423150.55,21.736312382711347,baixa
05813368000192,MEGAFER - SEGURANCA ELETRONICA LTDA,SP,N,standard,5,532490.426827577,423150.55,20.533679352508198,baixa
09420336000188,RIBLAST LOCACOES E SERVICOS LTDA,SP,C,standard,5,529189.7063554684,625368.45,18.174719290538544,alta
07032903000101,C L BEZERRA LINGERIES LTDA,SP,C,standard,5,512577.983155894,620634.7,21.081029695971534,alta
42956715000162,C.A. DOS SANTOS INDUSTRIA E COMERCIO DE CALCADOS LTDA,SP,C,standard,6,510574.6422623681,481484.46,5.697537608501045,alta
16575372000186,M.C.R. - SERVICOS PATRIMONIAIS LTDA,SP,N,standard,5,495973.9008229591,423150.55,14.682899786082459,alta
01249355000181,INTERNI IMPLANTACAO DE LAYOUTS LTDA,SP,C,standard,6,452351.70592711295,547584.42,21.05280312311497,alta
19250395000109,NFL INDUSTRIA DE CALCADOS LTDA,SP,C,standard,6,440698.9173226509,481484.46,9.254740838741071,alta
48554769000188,ZATURE STORES CALCADOS E ACESSORIOS LTDA,SP,C,standard,5,367249.09776887577,401237.05000000005,9.254740838741073,alta
07627837000104,GTO PRESTADORA DE SERVICOS PARA CONDOMINIOS E EVENTOS LTDA.,RJ,N,standard,7,335315.1909489503,392541.52,17.0664290183507,baixa
