cnae_5digit,cnae_5digit_clean,cnae_class,cnae_group,cnae_division,cnae_section,cnae_class_name,survey_classification_code,survey_classification_name,source_survey,coverage_status,notes
0111-3/01,111301,01.11-3,1.1,1,A,Cultivo de cereais,,,,not_covered,Producao agropecuaria primaria (secao A) — nao coberta por PIA/PAC/PAS
0111-3/02,111302,01.11-3,1.1,1,A,Cultivo de cereais,,,,not_covered,Producao agropecuaria primaria (secao A) — nao coberta por PIA/PAC/PAS
0111-3/03,111303,01.11-3,1.1,1,A,Cultivo de cereais,,,,not_covered,Producao agropecuaria primaria (secao A) — nao coberta por PIA/PAC/PAS
0111-3/99,111399,01.11-3,1.1,1,A,Cultivo de cereais,,,,not_covered,Producao agropecuaria primaria (secao A) — nao coberta por PIA/PAC/PAS
0112-1/01,112101,01.12-1,1.1,1,A,Cultivo de algodão herbáceo e de outras fibras de lavoura temporária,,,,not_covered,Producao agropecuaria primaria (secao A) — nao coberta por PIA/PAC/PAS
0112-1/02,112102,01.12-1,1.1,1,A,Cultivo de algodão herbáceo e de outras fibras de lavoura temporária,,,,not_covered,Producao agropecuaria primaria (secao A) — nao coberta por PIA/PAC/PAS
0112-1/99,112199,01.12-1,1.1,1,A,Cultivo de algodão herbáceo e de outras fibras de lavoura temporária,,,,not_covered,Producao agropecuaria primaria (secao A) — nao coberta por PIA/PAC/PAS
0113-0/00,113000,01.13-0,1.1,1,A,Cultivo de cana-de-açúcar,,,,not_covered,Producao agropecuaria primaria (secao A) — nao coberta por PIA/PAC/PAS
0114-8/00,114800,01.14-8,1.1,1,A,Cultivo de fumo,,,,not_covered,Producao agropecuaria primaria (secao A) — nao coberta por PIA/PAC/PAS
0115-6/00,115600,01.15-6,1.1,1,A,Cultivo de soja,,,,not_covered,Producao agropecuaria primaria (secao A) — nao coberta por PIA/PAC/PAS
0116-4/01,116401,01.16-4,1.1,1,A,"Cultivo de oleaginosas de lavoura temporária, exceto soja",,,,not_covered,Producao agropecuaria primaria (secao A) — nao coberta por PIA/PAC/PAS
0116-4/02,116402,01.16-4,1.1,1,A,"Cultivo de oleaginosas de lavoura temporária, exceto soja",,,,not_covered,Producao agropecuaria primaria (secao A) — nao coberta por PIA/PAC/PAS
0116-4/03,116403,01.16-4,1.1,1,A,"Cultivo de oleaginosas de lavoura temporária, exceto soja",,,,not_covered,Producao agropecuaria primaria (secao A) — nao coberta por PIA/PAC/PAS
0116-4/99,116499,01.16-4,1.1,1,A,"Cultivo de oleaginosas de lavoura temporária, exceto soja",,,,not_covered,Producao agropecuaria primaria (secao A) — nao coberta por PIA/PAC/PAS
0119-9/01,119901,01.19-9,1.1,1,A,Cultivo de plantas de lavoura temporária não especificadas anteriormente,,,,not_covered,Producao agropecuaria primaria (secao A) — nao coberta por PIA/PAC/PAS
0119-9/02,119902,01.19-9,1.1,1,A,Cultivo de plantas de lavoura temporária não especificadas anteriormente,,,,not_covered,Producao agropecuaria primaria (secao A) — nao coberta por PIA/PAC/PAS
0119-9/03,119903,01.19-9,1.1,1,A,Cultivo de plantas de lavoura temporária não especificadas anteriormente,,,,not_covered,Producao agropecuaria primaria (secao A) — nao coberta por PIA/PAC/PAS
0119-9/04,119904,01.19-9,1.1,1,A,Cultivo de plantas de lavoura temporária não especificadas anteriormente,,,,not_covered,Producao agropecuaria primaria (secao A) — nao coberta por PIA/PAC/PAS
0119-9/05,119905,01.19-9,1.1,1,A,Cultivo de plantas de lavoura temporária não especificadas anteriormente,,,,not_covered,Producao agropecuaria primaria (secao A) — nao coberta por PIA/PAC/PAS
0119-9/06,119906,01.19-9,1.1,1,A,Cultivo de plantas de lavoura temporária não especificadas anteriormente,,,,not_covered,Producao agropecuaria primaria (secao A) — nao coberta por PIA/PAC/PAS
0119-9/07,119907,01.19-9,1.1,1,A,Cultivo de plantas de lavoura temporária não especificadas anteriormente,,,,not_covered,Producao agropecuaria primaria (secao A) — nao coberta por PIA/PAC/PAS
0119-9/08,119908,01.19-9,1.1,1,A,Cultivo de plantas de lavoura temporária não especificadas anteriormente,,,,not_covered,Producao agropecuaria primaria (secao A) — nao coberta por PIA/PAC/PAS
0119-9/09,119909,01.19-9,1.1,1,A,Cultivo de plantas de lavoura temporária não especificadas anteriormente,,,,not_covered,Producao agropecuaria primaria (secao A) — nao coberta por PIA/PAC/PAS
0119-9/99,119999,01.19-9,1.1,1,A,Cultivo de plantas de lavoura temporária não especificadas anteriormente,,,,not_covered,Producao agropecuaria primaria (secao A) — nao coberta por PIA/PAC/PAS
0121-1/01,121101,01.21-1,1.2,1,A,Horticultura,,,,not_covered,Producao agropecuaria primaria (secao A) — nao coberta por PIA/PAC/PAS
0121-1/02,121102,01.21-1,1.2,1,A,Horticultura,,,,not_covered,Producao agropecuaria primaria (secao A) — nao coberta por PIA/PAC/PAS
0122-9/00,122900,01.22-9,1.2,1,A,Cultivo de flores e plantas ornamentais,,,,not_covered,Producao agropecuaria primaria (secao A) — nao coberta por PIA/PAC/PAS
0131-8/00,131800,01.31-8,1.3,1,A,Cultivo de laranja,,,,not_covered,Producao agropecuaria primaria (secao A) — nao coberta por PIA/PAC/PAS
0132-6/00,132600,01.32-6,1.3,1,A,Cultivo de uva,,,,not_covered,Producao agropecuaria primaria (secao A) — nao coberta por PIA/PAC/PAS
0133-4/01,133401,01.33-4,1.3,1,A,"Cultivo de frutas de lavoura permanente, exceto laranja e uva",,,,not_covered,Producao agropecuaria primaria (secao A) — nao coberta por PIA/PAC/PAS
0133-4/02,133402,01.33-4,1.3,1,A,"Cultivo de frutas de lavoura permanente, exceto laranja e uva",,,,not_covered,Producao agropecuaria primaria (secao A) — nao coberta por PIA/PAC/PAS
0133-4/03,133403,01.33-4,1.3,1,A,"Cultivo de frutas de lavoura permanente, exceto laranja e uva",,,,not_covered,Producao agropecuaria primaria (secao A) — nao coberta por PIA/PAC/PAS
0133-4/04,133404,01.33-4,1.3,1,A,"Cultivo de frutas de lavoura permanente, exceto laranja e uva",,,,not_covered,Producao agropecuaria primaria (secao A) — nao coberta por PIA/PAC/PAS
0133-4/05,133405,01.33-4,1.3,1,A,"Cultivo de frutas de lavoura permanente, exceto laranja e uva",,,,not_covered,Producao agropecuaria primaria (secao A) — nao coberta por PIA/PAC/PAS
0133-4/06,133406,01.33-4,1.3,1,A,"Cultivo de frutas de lavoura permanente, exceto laranja e uva",,,,not_covered,Producao agropecuaria primaria (secao A) — nao coberta por PIA/PAC/PAS
0133-4/07,133407,01.33-4,1.3,1,A,"Cultivo de frutas de lavoura permanente, exceto laranja e uva",,,,not_covered,Producao agropecuaria primaria (secao A) — nao coberta por PIA/PAC/PAS
0133-4/08,133408,01.33-4,1.3,1,A,"Cultivo de frutas de lavoura permanente, exceto laranja e uva",,,,not_covered,Producao agropecuaria primaria (secao A) — nao coberta por PIA/PAC/PAS
0133-4/09,133409,01.33-4,1.3,1,A,"Cultivo de frutas de lavoura permanente, exceto laranja e uva",,,,not_covered,Producao agropecuaria primaria (secao A) — nao coberta por PIA/PAC/PAS
0133-4/10,133410,01.33-4,1.3,1,A,"Cultivo de frutas de lavoura permanente, exceto laranja e uva",,,,not_covered,Producao agropecuaria primaria (secao A) — nao coberta por PIA/PAC/PAS
0133-4/11,133411,01.33-4,1.3,1,A,"Cultivo de frutas de lavoura permanente, exceto laranja e uva",,,,not_covered,Producao agropecuaria primaria (secao A) — nao coberta por PIA/PAC/PAS
0133-4/99,133499,01.33-4,1.3,1,A,"Cultivo de frutas de lavoura permanente, exceto laranja e uva",,,,not_covered,Producao agropecuaria primaria (secao A) — nao coberta por PIA/PAC/PAS
0134-2/00,134200,01.34-2,1.3,1,A,Cultivo de café,,,,not_covered,Producao agropecuaria primaria (secao A) — nao coberta por PIA/PAC/PAS
0135-1/00,135100,01.35-1,1.3,1,A,Cultivo de cacau,,,,not_covered,Producao agropecuaria primaria (secao A) — nao coberta por PIA/PAC/PAS
0139-3/01,139301,01.39-3,1.3,1,A,Cultivo de plantas de lavoura permanente não especificadas anteriormente,,,,not_covered,Producao agropecuaria primaria (secao A) — nao coberta por PIA/PAC/PAS
0139-3/02,139302,01.39-3,1.3,1,A,Cultivo de plantas de lavoura permanente não especificadas anteriormente,,,,not_covered,Producao agropecuaria primaria (secao A) — nao coberta por PIA/PAC/PAS
0139-3/03,139303,01.39-3,1.3,1,A,Cultivo de plantas de lavoura permanente não especificadas anteriormente,,,,not_covered,Producao agropecuaria primaria (secao A) — nao coberta por PIA/PAC/PAS
0139-3/04,139304,01.39-3,1.3,1,A,Cultivo de plantas de lavoura permanente não especificadas anteriormente,,,,not_covered,Producao agropecuaria primaria (secao A) — nao coberta por PIA/PAC/PAS
0139-3/05,139305,01.39-3,1.3,1,A,Cultivo de plantas de lavoura permanente não especificadas anteriormente,,,,not_covered,Producao agropecuaria primaria (secao A) — nao coberta por PIA/PAC/PAS
0139-3/06,139306,01.39-3,1.3,1,A,Cultivo de plantas de lavoura permanente não especificadas anteriormente,,,,not_covered,Producao agropecuaria primaria (secao A) — nao coberta por PIA/PAC/PAS
0139-3/99,139399,01.39-3,1.3,1,A,Cultivo de plantas de lavoura permanente não especificadas anteriormente,,,,not_covered,Producao agropecuaria primaria (secao A) — nao coberta por PIA/PAC/PAS
0141-5/01,141501,01.41-5,1.4,1,A,Produção de sementes certificadas,,,,not_covered,Producao agropecuaria primaria (secao A) — nao coberta por PIA/PAC/PAS
0141-5/02,141502,01.41-5,1.4,1,A,Produção de sementes certificadas,,,,not_covered,Producao agropecuaria primaria (secao A) — nao coberta por PIA/PAC/PAS
0142-3/00,142300,01.42-3,1.4,1,A,"Produção de mudas e outras formas de propagação vegetal, certificadas",,,,not_covered,Producao agropecuaria primaria (secao A) — nao coberta por PIA/PAC/PAS
0151-2/01,151201,01.51-2,1.5,1,A,Criação de bovinos,,,,not_covered,Producao agropecuaria primaria (secao A) — nao coberta por PIA/PAC/PAS
0151-2/02,151202,01.51-2,1.5,1,A,Criação de bovinos,,,,not_covered,Producao agropecuaria primaria (secao A) — nao coberta por PIA/PAC/PAS
0151-2/03,151203,01.51-2,1.5,1,A,Criação de bovinos,,,,not_covered,Producao agropecuaria primaria (secao A) — nao coberta por PIA/PAC/PAS
0152-1/01,152101,01.52-1,1.5,1,A,Criação de outros animais de grande porte,,,,not_covered,Producao agropecuaria primaria (secao A) — nao coberta por PIA/PAC/PAS
0152-1/02,152102,01.52-1,1.5,1,A,Criação de outros animais de grande porte,,,,not_covered,Producao agropecuaria primaria (secao A) — nao coberta por PIA/PAC/PAS
0152-1/03,152103,01.52-1,1.5,1,A,Criação de outros animais de grande porte,,,,not_covered,Producao agropecuaria primaria (secao A) — nao coberta por PIA/PAC/PAS
0153-9/01,153901,01.53-9,1.5,1,A,Criação de caprinos e ovinos,,,,not_covered,Producao agropecuaria primaria (secao A) — nao coberta por PIA/PAC/PAS
0153-9/02,153902,01.53-9,1.5,1,A,Criação de caprinos e ovinos,,,,not_covered,Producao agropecuaria primaria (secao A) — nao coberta por PIA/PAC/PAS
0154-7/00,154700,01.54-7,1.5,1,A,Criação de suínos,,,,not_covered,Producao agropecuaria primaria (secao A) — nao coberta por PIA/PAC/PAS
0155-5/01,155501,01.55-5,1.5,1,A,Criação de aves,,,,not_covered,Producao agropecuaria primaria (secao A) — nao coberta por PIA/PAC/PAS
0155-5/02,155502,01.55-5,1.5,1,A,Criação de aves,,,,not_covered,Producao agropecuaria primaria (secao A) — nao coberta por PIA/PAC/PAS
0155-5/03,155503,01.55-5,1.5,1,A,Criação de aves,,,,not_covered,Producao agropecuaria primaria (secao A) — nao coberta por PIA/PAC/PAS
0155-5/04,155504,01.55-5,1.5,1,A,Criação de aves,,,,not_covered,Producao agropecuaria primaria (secao A) — nao coberta por PIA/PAC/PAS
0155-5/05,155505,01.55-5,1.5,1,A,Criação de aves,,,,not_covered,Producao agropecuaria primaria (secao A) — nao coberta por PIA/PAC/PAS
0159-8/01,159801,01.59-8,1.5,1,A,Criação de animais não especificados anteriormente,,,,not_covered,Producao agropecuaria primaria (secao A) — nao coberta por PIA/PAC/PAS
0159-8/02,159802,01.59-8,1.5,1,A,Criação de animais não especificados anteriormente,,,,not_covered,Producao agropecuaria primaria (secao A) — nao coberta por PIA/PAC/PAS
0159-8/03,159803,01.59-8,1.5,1,A,Criação de animais não especificados anteriormente,,,,not_covered,Producao agropecuaria primaria (secao A) — nao coberta por PIA/PAC/PAS
0159-8/04,159804,01.59-8,1.5,1,A,Criação de animais não especificados anteriormente,,,,not_covered,Producao agropecuaria primaria (secao A) — nao coberta por PIA/PAC/PAS
0159-8/99,159899,01.59-8,1.5,1,A,Criação de animais não especificados anteriormente,,,,not_covered,Producao agropecuaria primaria (secao A) — nao coberta por PIA/PAC/PAS
0161-0/01,161001,01.61-0,1.6,1,A,Atividades de apoio à agricultura,PAS_8.1,"8.1 Serviços auxiliares da agricultura, pecuária e produção florestal",PAS,covered,PAS_8.1 — Servicos auxiliares agropecuarios (grupo 01.6)
0161-0/02,161002,01.61-0,1.6,1,A,Atividades de apoio à agricultura,PAS_8.1,"8.1 Serviços auxiliares da agricultura, pecuária e produção florestal",PAS,covered,PAS_8.1 — Servicos auxiliares agropecuarios (grupo 01.6)
0161-0/03,161003,01.61-0,1.6,1,A,Atividades de apoio à agricultura,PAS_8.1,"8.1 Serviços auxiliares da agricultura, pecuária e produção florestal",PAS,covered,PAS_8.1 — Servicos auxiliares agropecuarios (grupo 01.6)
0161-0/99,161099,01.61-0,1.6,1,A,Atividades de apoio à agricultura,PAS_8.1,"8.1 Serviços auxiliares da agricultura, pecuária e produção florestal",PAS,covered,PAS_8.1 — Servicos auxiliares agropecuarios (grupo 01.6)
0162-8/01,162801,01.62-8,1.6,1,A,Atividades de apoio à pecuária,PAS_8.1,"8.1 Serviços auxiliares da agricultura, pecuária e produção florestal",PAS,covered,PAS_8.1 — Servicos auxiliares agropecuarios (grupo 01.6)
0162-8/02,162802,01.62-8,1.6,1,A,Atividades de apoio à pecuária,PAS_8.1,"8.1 Serviços auxiliares da agricultura, pecuária e produção florestal",PAS,covered,PAS_8.1 — Servicos auxiliares agropecuarios (grupo 01.6)
0162-8/03,162803,01.62-8,1.6,1,A,Atividades de apoio à pecuária,PAS_8.1,"8.1 Serviços auxiliares da agricultura, pecuária e produção florestal",PAS,covered,PAS_8.1 — Servicos auxiliares agropecuarios (grupo 01.6)
0162-8/99,162899,01.62-8,1.6,1,A,Atividades de apoio à pecuária,PAS_8.1,"8.1 Serviços auxiliares da agricultura, pecuária e produção florestal",PAS,covered,PAS_8.1 — Servicos auxiliares agropecuarios (grupo 01.6)
0163-6/00,163600,01.63-6,1.6,1,A,Atividades de pós-colheita,PAS_8.1,"8.1 Serviços auxiliares da agricultura, pecuária e produção florestal",PAS,covered,PAS_8.1 — Servicos auxiliares agropecuarios (grupo 01.6)
0170-9/00,170900,01.70-9,1.7,1,A,Caça e serviços relacionados,,,,not_covered,Producao agropecuaria primaria (secao A) — nao coberta por PIA/PAC/PAS
0210-1/01,210101,02.10-1,2.1,2,A,Produção florestal - florestas plantadas,,,,not_covered,Secao A — producao agropecuaria primaria nao coberta
0210-1/02,210102,02.10-1,2.1,2,A,Produção florestal - florestas plantadas,,,,not_covered,Secao A — producao agropecuaria primaria nao coberta
0210-1/03,210103,02.10-1,2.1,2,A,Produção florestal - florestas plantadas,,,,not_covered,Secao A — producao agropecuaria primaria nao coberta
0210-1/04,210104,02.10-1,2.1,2,A,Produção florestal - florestas plantadas,,,,not_covered,Secao A — producao agropecuaria primaria nao coberta
0210-1/05,210105,02.10-1,2.1,2,A,Produção florestal - florestas plantadas,,,,not_covered,Secao A — producao agropecuaria primaria nao coberta
0210-1/06,210106,02.10-1,2.1,2,A,Produção florestal - florestas plantadas,,,,not_covered,Secao A — producao agropecuaria primaria nao coberta
0210-1/07,210107,02.10-1,2.1,2,A,Produção florestal - florestas plantadas,,,,not_covered,Secao A — producao agropecuaria primaria nao coberta
0210-1/08,210108,02.10-1,2.1,2,A,Produção florestal - florestas plantadas,,,,not_covered,Secao A — producao agropecuaria primaria nao coberta
0210-1/09,210109,02.10-1,2.1,2,A,Produção florestal - florestas plantadas,,,,not_covered,Secao A — producao agropecuaria primaria nao coberta
0210-1/99,210199,02.10-1,2.1,2,A,Produção florestal - florestas plantadas,,,,not_covered,Secao A — producao agropecuaria primaria nao coberta
0220-9/01,220901,02.20-9,2.2,2,A,Produção florestal - florestas nativas,,,,not_covered,Secao A — producao agropecuaria primaria nao coberta
0220-9/02,220902,02.20-9,2.2,2,A,Produção florestal - florestas nativas,,,,not_covered,Secao A — producao agropecuaria primaria nao coberta
0220-9/03,220903,02.20-9,2.2,2,A,Produção florestal - florestas nativas,,,,not_covered,Secao A — producao agropecuaria primaria nao coberta
0220-9/04,220904,02.20-9,2.2,2,A,Produção florestal - florestas nativas,,,,not_covered,Secao A — producao agropecuaria primaria nao coberta
0220-9/05,220905,02.20-9,2.2,2,A,Produção florestal - florestas nativas,,,,not_covered,Secao A — producao agropecuaria primaria nao coberta
0220-9/06,220906,02.20-9,2.2,2,A,Produção florestal - florestas nativas,,,,not_covered,Secao A — producao agropecuaria primaria nao coberta
0220-9/99,220999,02.20-9,2.2,2,A,Produção florestal - florestas nativas,,,,not_covered,Secao A — producao agropecuaria primaria nao coberta
0230-6/00,230600,02.30-6,2.3,2,A,Atividades de apoio à produção florestal,,,,not_covered,Secao A — producao agropecuaria primaria nao coberta
0311-6/01,311601,03.11-6,3.1,3,A,Pesca em água salgada,,,,not_covered,Secao A — producao agropecuaria primaria nao coberta
0311-6/02,311602,03.11-6,3.1,3,A,Pesca em água salgada,,,,not_covered,Secao A — producao agropecuaria primaria nao coberta
0311-6/03,311603,03.11-6,3.1,3,A,Pesca em água salgada,,,,not_covered,Secao A — producao agropecuaria primaria nao coberta
0311-6/04,311604,03.11-6,3.1,3,A,Pesca em água salgada,,,,not_covered,Secao A — producao agropecuaria primaria nao coberta
0312-4/01,312401,03.12-4,3.1,3,A,Pesca em água doce,,,,not_covered,Secao A — producao agropecuaria primaria nao coberta
0312-4/02,312402,03.12-4,3.1,3,A,Pesca em água doce,,,,not_covered,Secao A — producao agropecuaria primaria nao coberta
0312-4/03,312403,03.12-4,3.1,3,A,Pesca em água doce,,,,not_covered,Secao A — producao agropecuaria primaria nao coberta
0312-4/04,312404,03.12-4,3.1,3,A,Pesca em água doce,,,,not_covered,Secao A — producao agropecuaria primaria nao coberta
0321-3/01,321301,03.21-3,3.2,3,A,Aqüicultura em água salgada e salobra,,,,not_covered,Secao A — producao agropecuaria primaria nao coberta
0321-3/02,321302,03.21-3,3.2,3,A,Aqüicultura em água salgada e salobra,,,,not_covered,Secao A — producao agropecuaria primaria nao coberta
0321-3/03,321303,03.21-3,3.2,3,A,Aqüicultura em água salgada e salobra,,,,not_covered,Secao A — producao agropecuaria primaria nao coberta
0321-3/04,321304,03.21-3,3.2,3,A,Aqüicultura em água salgada e salobra,,,,not_covered,Secao A — producao agropecuaria primaria nao coberta
0321-3/05,321305,03.21-3,3.2,3,A,Aqüicultura em água salgada e salobra,,,,not_covered,Secao A — producao agropecuaria primaria nao coberta
0321-3/99,321399,03.21-3,3.2,3,A,Aqüicultura em água salgada e salobra,,,,not_covered,Secao A — producao agropecuaria primaria nao coberta
0322-1/01,322101,03.22-1,3.2,3,A,Aqüicultura em água doce,,,,not_covered,Secao A — producao agropecuaria primaria nao coberta
0322-1/02,322102,03.22-1,3.2,3,A,Aqüicultura em água doce,,,,not_covered,Secao A — producao agropecuaria primaria nao coberta
0322-1/03,322103,03.22-1,3.2,3,A,Aqüicultura em água doce,,,,not_covered,Secao A — producao agropecuaria primaria nao coberta
0322-1/04,322104,03.22-1,3.2,3,A,Aqüicultura em água doce,,,,not_covered,Secao A — producao agropecuaria primaria nao coberta
0322-1/05,322105,03.22-1,3.2,3,A,Aqüicultura em água doce,,,,not_covered,Secao A — producao agropecuaria primaria nao coberta
0322-1/06,322106,03.22-1,3.2,3,A,Aqüicultura em água doce,,,,not_covered,Secao A — producao agropecuaria primaria nao coberta
0322-1/07,322107,03.22-1,3.2,3,A,Aqüicultura em água doce,,,,not_covered,Secao A — producao agropecuaria primaria nao coberta
0322-1/99,322199,03.22-1,3.2,3,A,Aqüicultura em água doce,,,,not_covered,Secao A — producao agropecuaria primaria nao coberta
0500-3/01,500301,05.00-3,5.0,5,B,Extração de carvão mineral,05,Extração de carvão mineral,PIA,covered,PIA (tabela 5548) — divisao 05
0500-3/02,500302,05.00-3,5.0,5,B,Extração de carvão mineral,05,Extração de carvão mineral,PIA,covered,PIA (tabela 5548) — divisao 05
0600-0/01,600001,06.00-0,6.0,6,B,Extração de petróleo e gás natural,06,Extração de petróleo e gás natural,PIA,covered,PIA (tabela 5548) — divisao 06
0600-0/02,600002,06.00-0,6.0,6,B,Extração de petróleo e gás natural,06,Extração de petróleo e gás natural,PIA,covered,PIA (tabela 5548) — divisao 06
0600-0/03,600003,06.00-0,6.0,6,B,Extração de petróleo e gás natural,06,Extração de petróleo e gás natural,PIA,covered,PIA (tabela 5548) — divisao 06
0710-3/01,710301,07.10-3,7.1,7,B,Extração de minério de ferro,07,Extração de minerais metálicos,PIA,covered,PIA (tabela 5548) — divisao 07
0710-3/02,710302,07.10-3,7.1,7,B,Extração de minério de ferro,07,Extração de minerais metálicos,PIA,covered,PIA (tabela 5548) — divisao 07
0721-9/01,721901,07.21-9,7.2,7,B,Extração de minério de alumínio,07,Extração de minerais metálicos,PIA,covered,PIA (tabela 5548) — divisao 07
0721-9/02,721902,07.21-9,7.2,7,B,Extração de minério de alumínio,07,Extração de minerais metálicos,PIA,covered,PIA (tabela 5548) — divisao 07
0722-7/01,722701,07.22-7,7.2,7,B,Extração de minério de estanho,07,Extração de minerais metálicos,PIA,covered,PIA (tabela 5548) — divisao 07
0722-7/02,722702,07.22-7,7.2,7,B,Extração de minério de estanho,07,Extração de minerais metálicos,PIA,covered,PIA (tabela 5548) — divisao 07
0723-5/01,723501,07.23-5,7.2,7,B,Extração de minério de manganês,07,Extração de minerais metálicos,PIA,covered,PIA (tabela 5548) — divisao 07
0723-5/02,723502,07.23-5,7.2,7,B,Extração de minério de manganês,07,Extração de minerais metálicos,PIA,covered,PIA (tabela 5548) — divisao 07
0724-3/01,724301,07.24-3,7.2,7,B,Extração de minério de metais preciosos,07,Extração de minerais metálicos,PIA,covered,PIA (tabela 5548) — divisao 07
0724-3/02,724302,07.24-3,7.2,7,B,Extração de minério de metais preciosos,07,Extração de minerais metálicos,PIA,covered,PIA (tabela 5548) — divisao 07
0725-1/00,725100,07.25-1,7.2,7,B,Extração de minerais radioativos,07,Extração de minerais metálicos,PIA,covered,PIA (tabela 5548) — divisao 07
0729-4/01,729401,07.29-4,7.2,7,B,Extração de minerais metálicos não-ferrosos não especificados anteriormente,07,Extração de minerais metálicos,PIA,covered,PIA (tabela 5548) — divisao 07
0729-4/02,729402,07.29-4,7.2,7,B,Extração de minerais metálicos não-ferrosos não especificados anteriormente,07,Extração de minerais metálicos,PIA,covered,PIA (tabela 5548) — divisao 07
0729-4/03,729403,07.29-4,7.2,7,B,Extração de minerais metálicos não-ferrosos não especificados anteriormente,07,Extração de minerais metálicos,PIA,covered,PIA (tabela 5548) — divisao 07
0729-4/04,729404,07.29-4,7.2,7,B,Extração de minerais metálicos não-ferrosos não especificados anteriormente,07,Extração de minerais metálicos,PIA,covered,PIA (tabela 5548) — divisao 07
0729-4/05,729405,07.29-4,7.2,7,B,Extração de minerais metálicos não-ferrosos não especificados anteriormente,07,Extração de minerais metálicos,PIA,covered,PIA (tabela 5548) — divisao 07
0810-0/01,810001,08.10-0,8.1,8,B,"Extração de pedra, areia e argila",08,Extração de minerais não-metálicos,PIA,covered,PIA (tabela 5548) — divisao 08
0810-0/02,810002,08.10-0,8.1,8,B,"Extração de pedra, areia e argila",08,Extração de minerais não-metálicos,PIA,covered,PIA (tabela 5548) — divisao 08
0810-0/03,810003,08.10-0,8.1,8,B,"Extração de pedra, areia e argila",08,Extração de minerais não-metálicos,PIA,covered,PIA (tabela 5548) — divisao 08
0810-0/04,810004,08.10-0,8.1,8,B,"Extração de pedra, areia e argila",08,Extração de minerais não-metálicos,PIA,covered,PIA (tabela 5548) — divisao 08
0810-0/05,810005,08.10-0,8.1,8,B,"Extração de pedra, areia e argila",08,Extração de minerais não-metálicos,PIA,covered,PIA (tabela 5548) — divisao 08
0810-0/06,810006,08.10-0,8.1,8,B,"Extração de pedra, areia e argila",08,Extração de minerais não-metálicos,PIA,covered,PIA (tabela 5548) — divisao 08
0810-0/07,810007,08.10-0,8.1,8,B,"Extração de pedra, areia e argila",08,Extração de minerais não-metálicos,PIA,covered,PIA (tabela 5548) — divisao 08
0810-0/08,810008,08.10-0,8.1,8,B,"Extração de pedra, areia e argila",08,Extração de minerais não-metálicos,PIA,covered,PIA (tabela 5548) — divisao 08
0810-0/09,810009,08.10-0,8.1,8,B,"Extração de pedra, areia e argila",08,Extração de minerais não-metálicos,PIA,covered,PIA (tabela 5548) — divisao 08
0810-0/10,810010,08.10-0,8.1,8,B,"Extração de pedra, areia e argila",08,Extração de minerais não-metálicos,PIA,covered,PIA (tabela 5548) — divisao 08
0810-0/99,810099,08.10-0,8.1,8,B,"Extração de pedra, areia e argila",08,Extração de minerais não-metálicos,PIA,covered,PIA (tabela 5548) — divisao 08
0891-6/00,891600,08.91-6,8.9,8,B,"Extração de minerais para fabricação de adubos, fertilizantes e outros produtos químicos",08,Extração de minerais não-metálicos,PIA,covered,PIA (tabela 5548) — divisao 08
0892-4/01,892401,08.92-4,8.9,8,B,Extração e refino de sal marinho e sal-gema,08,Extração de minerais não-metálicos,PIA,covered,PIA (tabela 5548) — divisao 08
0892-4/02,892402,08.92-4,8.9,8,B,Extração e refino de sal marinho e sal-gema,08,Extração de minerais não-metálicos,PIA,covered,PIA (tabela 5548) — divisao 08
0892-4/03,892403,08.92-4,8.9,8,B,Extração e refino de sal marinho e sal-gema,08,Extração de minerais não-metálicos,PIA,covered,PIA (tabela 5548) — divisao 08
0893-2/00,893200,08.93-2,8.9,8,B,Extração de gemas (pedras preciosas e semipreciosas),08,Extração de minerais não-metálicos,PIA,covered,PIA (tabela 5548) — divisao 08
0899-1/01,899101,08.99-1,8.9,8,B,Extração de minerais não-metálicos não especificados anteriormente,08,Extração de minerais não-metálicos,PIA,covered,PIA (tabela 5548) — divisao 08
0899-1/02,899102,08.99-1,8.9,8,B,Extração de minerais não-metálicos não especificados anteriormente,08,Extração de minerais não-metálicos,PIA,covered,PIA (tabela 5548) — divisao 08
0899-1/03,899103,08.99-1,8.9,8,B,Extração de minerais não-metálicos não especificados anteriormente,08,Extração de minerais não-metálicos,PIA,covered,PIA (tabela 5548) — divisao 08
0899-1/99,899199,08.99-1,8.9,8,B,Extração de minerais não-metálicos não especificados anteriormente,08,Extração de minerais não-metálicos,PIA,covered,PIA (tabela 5548) — divisao 08
0910-6/00,910600,09.10-6,9.1,9,B,Atividades de apoio à extração de petróleo e gás natural,09,Atividades de apoio à extração de minerais,PIA,covered,PIA (tabela 5548) — divisao 09
0990-4/01,990401,09.90-4,9.9,9,B,"Atividades de apoio à extração de minerais, exceto petróleo e gás natural",09,Atividades de apoio à extração de minerais,PIA,covered,PIA (tabela 5548) — divisao 09
0990-4/02,990402,09.90-4,9.9,9,B,"Atividades de apoio à extração de minerais, exceto petróleo e gás natural",09,Atividades de apoio à extração de minerais,PIA,covered,PIA (tabela 5548) — divisao 09
0990-4/03,990403,09.90-4,9.9,9,B,"Atividades de apoio à extração de minerais, exceto petróleo e gás natural",09,Atividades de apoio à extração de minerais,PIA,covered,PIA (tabela 5548) — divisao 09
1011-2/01,1011201,10.11-2,10.1,10,C,"Abate de reses, exceto suínos",10,Fabricação de produtos alimentícios,PIA,covered,PIA (tabela 5548) — divisao 10
1011-2/02,1011202,10.11-2,10.1,10,C,"Abate de reses, exceto suínos",10,Fabricação de produtos alimentícios,PIA,covered,PIA (tabela 5548) — divisao 10
1011-2/03,1011203,10.11-2,10.1,10,C,"Abate de reses, exceto suínos",10,Fabricação de produtos alimentícios,PIA,covered,PIA (tabela 5548) — divisao 10
1011-2/04,1011204,10.11-2,10.1,10,C,"Abate de reses, exceto suínos",10,Fabricação de produtos alimentícios,PIA,covered,PIA (tabela 5548) — divisao 10
1011-2/05,1011205,10.11-2,10.1,10,C,"Abate de reses, exceto suínos",10,Fabricação de produtos alimentícios,PIA,covered,PIA (tabela 5548) — divisao 10
1012-1/01,1012101,10.12-1,10.1,10,C,"Abate de suínos, aves e outros pequenos animais",10,Fabricação de produtos alimentícios,PIA,covered,PIA (tabela 5548) — divisao 10
1012-1/02,1012102,10.12-1,10.1,10,C,"Abate de suínos, aves e outros pequenos animais",10,Fabricação de produtos alimentícios,PIA,covered,PIA (tabela 5548) — divisao 10
1012-1/03,1012103,10.12-1,10.1,10,C,"Abate de suínos, aves e outros pequenos animais",10,Fabricação de produtos alimentícios,PIA,covered,PIA (tabela 5548) — divisao 10
1012-1/04,1012104,10.12-1,10.1,10,C,"Abate de suínos, aves e outros pequenos animais",10,Fabricação de produtos alimentícios,PIA,covered,PIA (tabela 5548) — divisao 10
1013-9/01,1013901,10.13-9,10.1,10,C,Fabricação de produtos de carne,10,Fabricação de produtos alimentícios,PIA,covered,PIA (tabela 5548) — divisao 10
1013-9/02,1013902,10.13-9,10.1,10,C,Fabricação de produtos de carne,10,Fabricação de produtos alimentícios,PIA,covered,PIA (tabela 5548) — divisao 10
1020-1/01,1020101,10.20-1,10.2,10,C,Preservação do pescado e fabricação de produtos do pescado,10,Fabricação de produtos alimentícios,PIA,covered,PIA (tabela 5548) — divisao 10
1020-1/02,1020102,10.20-1,10.2,10,C,Preservação do pescado e fabricação de produtos do pescado,10,Fabricação de produtos alimentícios,PIA,covered,PIA (tabela 5548) — divisao 10
1031-7/00,1031700,10.31-7,10.3,10,C,Fabricação de conservas de frutas,10,Fabricação de produtos alimentícios,PIA,covered,PIA (tabela 5548) — divisao 10
1032-5/01,1032501,10.32-5,10.3,10,C,Fabricação de conservas de legumes e outros vegetais,10,Fabricação de produtos alimentícios,PIA,covered,PIA (tabela 5548) — divisao 10
1032-5/99,1032599,10.32-5,10.3,10,C,Fabricação de conservas de legumes e outros vegetais,10,Fabricação de produtos alimentícios,PIA,covered,PIA (tabela 5548) — divisao 10
1033-3/01,1033301,10.33-3,10.3,10,C,"Fabricação de sucos de frutas, hortaliças e legumes",10,Fabricação de produtos alimentícios,PIA,covered,PIA (tabela 5548) — divisao 10
1033-3/02,1033302,10.33-3,10.3,10,C,"Fabricação de sucos de frutas, hortaliças e legumes",10,Fabricação de produtos alimentícios,PIA,covered,PIA (tabela 5548) — divisao 10
1041-4/00,1041400,10.41-4,10.4,10,C,"Fabricação de óleos vegetais em bruto, exceto óleo de milho",10,Fabricação de produtos alimentícios,PIA,covered,PIA (tabela 5548) — divisao 10
1042-2/00,1042200,10.42-2,10.4,10,C,"Fabricação de óleos vegetais refinados, exceto óleo de milho",10,Fabricação de produtos alimentícios,PIA,covered,PIA (tabela 5548) — divisao 10
1043-1/00,1043100,10.43-1,10.4,10,C,Fabricação de margarina e outras gorduras vegetais e de óleos não-comestíveis de animais,10,Fabricação de produtos alimentícios,PIA,covered,PIA (tabela 5548) — divisao 10
1051-1/00,1051100,10.51-1,10.5,10,C,Preparação do leite,10,Fabricação de produtos alimentícios,PIA,covered,PIA (tabela 5548) — divisao 10
1052-0/00,1052000,10.52-0,10.5,10,C,Fabricação de laticínios,10,Fabricação de produtos alimentícios,PIA,covered,PIA (tabela 5548) — divisao 10
1053-8/00,1053800,10.53-8,10.5,10,C,Fabricação de sorvetes e outros gelados comestíveis,10,Fabricação de produtos alimentícios,PIA,covered,PIA (tabela 5548) — divisao 10
1061-9/01,1061901,10.61-9,10.6,10,C,Beneficiamento de arroz e fabricação de produtos do arroz,10,Fabricação de produtos alimentícios,PIA,covered,PIA (tabela 5548) — divisao 10
1061-9/02,1061902,10.61-9,10.6,10,C,Beneficiamento de arroz e fabricação de produtos do arroz,10,Fabricação de produtos alimentícios,PIA,covered,PIA (tabela 5548) — divisao 10
1062-7/00,1062700,10.62-7,10.6,10,C,Moagem de trigo e fabricação de derivados,10,Fabricação de produtos alimentícios,PIA,covered,PIA (tabela 5548) — divisao 10
1063-5/00,1063500,10.63-5,10.6,10,C,Fabricação de farinha de mandioca e derivados,10,Fabricação de produtos alimentícios,PIA,covered,PIA (tabela 5548) — divisao 10
1064-3/00,1064300,10.64-3,10.6,10,C,"Fabricação de farinha de milho e derivados, exceto óleos de milho",10,Fabricação de produtos alimentícios,PIA,covered,PIA (tabela 5548) — divisao 10
1065-1/01,1065101,10.65-1,10.6,10,C,Fabricação de amidos e féculas de vegetais e de óleos de milho,10,Fabricação de produtos alimentícios,PIA,covered,PIA (tabela 5548) — divisao 10
1065-1/02,1065102,10.65-1,10.6,10,C,Fabricação de amidos e féculas de vegetais e de óleos de milho,10,Fabricação de produtos alimentícios,PIA,covered,PIA (tabela 5548) — divisao 10
1065-1/03,1065103,10.65-1,10.6,10,C,Fabricação de amidos e féculas de vegetais e de óleos de milho,10,Fabricação de produtos alimentícios,PIA,covered,PIA (tabela 5548) — divisao 10
1066-0/00,1066000,10.66-0,10.6,10,C,Fabricação de alimentos para animais,10,Fabricação de produtos alimentícios,PIA,covered,PIA (tabela 5548) — divisao 10
1069-4/00,1069400,10.69-4,10.6,10,C,Moagem e fabricação de produtos de origem vegetal não especificados anteriormente,10,Fabricação de produtos alimentícios,PIA,covered,PIA (tabela 5548) — divisao 10
1071-6/00,1071600,10.71-6,10.7,10,C,Fabricação de açúcar em bruto,10,Fabricação de produtos alimentícios,PIA,covered,PIA (tabela 5548) — divisao 10
1072-4/01,1072401,10.72-4,10.7,10,C,Fabricação de açúcar refinado,10,Fabricação de produtos alimentícios,PIA,covered,PIA (tabela 5548) — divisao 10
1072-4/02,1072402,10.72-4,10.7,10,C,Fabricação de açúcar refinado,10,Fabricação de produtos alimentícios,PIA,covered,PIA (tabela 5548) — divisao 10
1081-3/01,1081301,10.81-3,10.8,10,C,Torrefação e moagem de café,10,Fabricação de produtos alimentícios,PIA,covered,PIA (tabela 5548) — divisao 10
1081-3/02,1081302,10.81-3,10.8,10,C,Torrefação e moagem de café,10,Fabricação de produtos alimentícios,PIA,covered,PIA (tabela 5548) — divisao 10
1082-1/00,1082100,10.82-1,10.8,10,C,Fabricação de produtos à base de café,10,Fabricação de produtos alimentícios,PIA,covered,PIA (tabela 5548) — divisao 10
1091-1/00,1091100,10.91-1,10.9,10,C,Fabricação de produtos de panificação,10,Fabricação de produtos alimentícios,PIA,covered,PIA (tabela 5548) — divisao 10
1092-9/00,1092900,10.92-9,10.9,10,C,Fabricação de biscoitos e bolachas,10,Fabricação de produtos alimentícios,PIA,covered,PIA (tabela 5548) — divisao 10
1093-7/01,1093701,10.93-7,10.9,10,C,"Fabricação de produtos derivados do cacau, de chocolates e confeitos",10,Fabricação de produtos alimentícios,PIA,covered,PIA (tabela 5548) — divisao 10
1093-7/02,1093702,10.93-7,10.9,10,C,"Fabricação de produtos derivados do cacau, de chocolates e confeitos",10,Fabricação de produtos alimentícios,PIA,covered,PIA (tabela 5548) — divisao 10
1094-5/00,1094500,10.94-5,10.9,10,C,Fabricação de massas alimentícias,10,Fabricação de produtos alimentícios,PIA,covered,PIA (tabela 5548) — divisao 10
1095-3/00,1095300,10.95-3,10.9,10,C,"Fabricação de especiarias, molhos, temperos e condimentos",10,Fabricação de produtos alimentícios,PIA,covered,PIA (tabela 5548) — divisao 10
1096-1/00,1096100,10.96-1,10.9,10,C,Fabricação de alimentos e pratos prontos,10,Fabricação de produtos alimentícios,PIA,covered,PIA (tabela 5548) — divisao 10
1099-6/01,1099601,10.99-6,10.9,10,C,Fabricação de produtos alimentícios não especificados anteriormente,10,Fabricação de produtos alimentícios,PIA,covered,PIA (tabela 5548) — divisao 10
1099-6/02,1099602,10.99-6,10.9,10,C,Fabricação de produtos alimentícios não especificados anteriormente,10,Fabricação de produtos alimentícios,PIA,covered,PIA (tabela 5548) — divisao 10
1099-6/03,1099603,10.99-6,10.9,10,C,Fabricação de produtos alimentícios não especificados anteriormente,10,Fabricação de produtos alimentícios,PIA,covered,PIA (tabela 5548) — divisao 10
1099-6/04,1099604,10.99-6,10.9,10,C,Fabricação de produtos alimentícios não especificados anteriormente,10,Fabricação de produtos alimentícios,PIA,covered,PIA (tabela 5548) — divisao 10
1099-6/05,1099605,10.99-6,10.9,10,C,Fabricação de produtos alimentícios não especificados anteriormente,10,Fabricação de produtos alimentícios,PIA,covered,PIA (tabela 5548) — divisao 10
1099-6/06,1099606,10.99-6,10.9,10,C,Fabricação de produtos alimentícios não especificados anteriormente,10,Fabricação de produtos alimentícios,PIA,covered,PIA (tabela 5548) — divisao 10
1099-6/99,1099699,10.99-6,10.9,10,C,Fabricação de produtos alimentícios não especificados anteriormente,10,Fabricação de produtos alimentícios,PIA,covered,PIA (tabela 5548) — divisao 10
1111-9/01,1111901,11.11-9,11.1,11,C,Fabricação de aguardentes e outras bebidas destiladas,11,Fabricação de bebidas,PIA,covered,PIA (tabela 5548) — divisao 11
1111-9/02,1111902,11.11-9,11.1,11,C,Fabricação de aguardentes e outras bebidas destiladas,11,Fabricação de bebidas,PIA,covered,PIA (tabela 5548) — divisao 11
1112-7/00,1112700,11.12-7,11.1,11,C,Fabricação de vinho,11,Fabricação de bebidas,PIA,covered,PIA (tabela 5548) — divisao 11
1113-5/01,1113501,11.13-5,11.1,11,C,"Fabricação de malte, cervejas e chopes",11,Fabricação de bebidas,PIA,covered,PIA (tabela 5548) — divisao 11
1113-5/02,1113502,11.13-5,11.1,11,C,"Fabricação de malte, cervejas e chopes",11,Fabricação de bebidas,PIA,covered,PIA (tabela 5548) — divisao 11
1121-6/00,1121600,11.21-6,11.2,11,C,Fabricação de águas envasadas,11,Fabricação de bebidas,PIA,covered,PIA (tabela 5548) — divisao 11
1122-4/01,1122401,11.22-4,11.2,11,C,Fabricação de refrigerantes e de outras bebidas não-alcoólicas,11,Fabricação de bebidas,PIA,covered,PIA (tabela 5548) — divisao 11
1122-4/02,1122402,11.22-4,11.2,11,C,Fabricação de refrigerantes e de outras bebidas não-alcoólicas,11,Fabricação de bebidas,PIA,covered,PIA (tabela 5548) — divisao 11
1122-4/03,1122403,11.22-4,11.2,11,C,Fabricação de refrigerantes e de outras bebidas não-alcoólicas,11,Fabricação de bebidas,PIA,covered,PIA (tabela 5548) — divisao 11
1122-4/99,1122499,11.22-4,11.2,11,C,Fabricação de refrigerantes e de outras bebidas não-alcoólicas,11,Fabricação de bebidas,PIA,covered,PIA (tabela 5548) — divisao 11
1210-7/00,1210700,12.10-7,12.1,12,C,Processamento industrial do fumo,12,Fabricação de produtos do fumo,PIA,covered,PIA (tabela 5548) — divisao 12
1220-4/01,1220401,12.20-4,12.2,12,C,Fabricação de produtos do fumo,12,Fabricação de produtos do fumo,PIA,covered,PIA (tabela 5548) — divisao 12
1220-4/02,1220402,12.20-4,12.2,12,C,Fabricação de produtos do fumo,12,Fabricação de produtos do fumo,PIA,covered,PIA (tabela 5548) — divisao 12
1220-4/03,1220403,12.20-4,12.2,12,C,Fabricação de produtos do fumo,12,Fabricação de produtos do fumo,PIA,covered,PIA (tabela 5548) — divisao 12
1220-4/99,1220499,12.20-4,12.2,12,C,Fabricação de produtos do fumo,12,Fabricação de produtos do fumo,PIA,covered,PIA (tabela 5548) — divisao 12
1311-1/00,1311100,13.11-1,13.1,13,C,Preparação e fiação de fibras de algodão,13,Fabricação de produtos têxteis,PIA,covered,PIA (tabela 5548) — divisao 13
1312-0/00,1312000,13.12-0,13.1,13,C,"Preparação e fiação de fibras têxteis naturais, exceto algodão",13,Fabricação de produtos têxteis,PIA,covered,PIA (tabela 5548) — divisao 13
1313-8/00,1313800,13.13-8,13.1,13,C,Fiação de fibras artificiais e sintéticas,13,Fabricação de produtos têxteis,PIA,covered,PIA (tabela 5548) — divisao 13
1314-6/00,1314600,13.14-6,13.1,13,C,Fabricação de linhas para costurar e bordar,13,Fabricação de produtos têxteis,PIA,covered,PIA (tabela 5548) — divisao 13
1321-9/00,1321900,13.21-9,13.2,13,C,Tecelagem de fios de algodão,13,Fabricação de produtos têxteis,PIA,covered,PIA (tabela 5548) — divisao 13
1322-7/00,1322700,13.22-7,13.2,13,C,"Tecelagem de fios de fibras têxteis naturais, exceto algodão",13,Fabricação de produtos têxteis,PIA,covered,PIA (tabela 5548) — divisao 13
1323-5/00,1323500,13.23-5,13.2,13,C,Tecelagem de fios de fibras artificiais e sintéticas,13,Fabricação de produtos têxteis,PIA,covered,PIA (tabela 5548) — divisao 13
1330-8/00,1330800,13.30-8,13.3,13,C,Fabricação de tecidos de malha,13,Fabricação de produtos têxteis,PIA,covered,PIA (tabela 5548) — divisao 13
1340-5/01,1340501,13.40-5,13.4,13,C,"Acabamentos em fios, tecidos e artefatos têxteis",13,Fabricação de produtos têxteis,PIA,covered,PIA (tabela 5548) — divisao 13
1340-5/02,1340502,13.40-5,13.4,13,C,"Acabamentos em fios, tecidos e artefatos têxteis",13,Fabricação de produtos têxteis,PIA,covered,PIA (tabela 5548) — divisao 13
1340-5/99,1340599,13.40-5,13.4,13,C,"Acabamentos em fios, tecidos e artefatos têxteis",13,Fabricação de produtos têxteis,PIA,covered,PIA (tabela 5548) — divisao 13
1351-1/00,1351100,13.51-1,13.5,13,C,Fabricação de artefatos têxteis para uso doméstico,13,Fabricação de produtos têxteis,PIA,covered,PIA (tabela 5548) — divisao 13
1352-9/00,1352900,13.52-9,13.5,13,C,Fabricação de artefatos de tapeçaria,13,Fabricação de produtos têxteis,PIA,covered,PIA (tabela 5548) — divisao 13
1353-7/00,1353700,13.53-7,13.5,13,C,Fabricação de artefatos de cordoaria,13,Fabricação de produtos têxteis,PIA,covered,PIA (tabela 5548) — divisao 13
1354-5/00,1354500,13.54-5,13.5,13,C,"Fabricação de tecidos especiais, inclusive artefatos",13,Fabricação de produtos têxteis,PIA,covered,PIA (tabela 5548) — divisao 13
1359-6/00,1359600,13.59-6,13.5,13,C,Fabricação de outros produtos têxteis não especificados anteriormente,13,Fabricação de produtos têxteis,PIA,covered,PIA (tabela 5548) — divisao 13
1411-8/01,1411801,14.11-8,14.1,14,C,Confecção de roupas íntimas,14,Confecção de artigos do vestuário e acessórios,PIA,covered,PIA (tabela 5548) — divisao 14
1411-8/02,1411802,14.11-8,14.1,14,C,Confecção de roupas íntimas,14,Confecção de artigos do vestuário e acessórios,PIA,covered,PIA (tabela 5548) — divisao 14
1412-6/01,1412601,14.12-6,14.1,14,C,"Confecção de peças do vestuário, exceto roupas íntimas",14,Confecção de artigos do vestuário e acessórios,PIA,covered,PIA (tabela 5548) — divisao 14
1412-6/02,1412602,14.12-6,14.1,14,C,"Confecção de peças do vestuário, exceto roupas íntimas",14,Confecção de artigos do vestuário e acessórios,PIA,covered,PIA (tabela 5548) — divisao 14
1412-6/03,1412603,14.12-6,14.1,14,C,"Confecção de peças do vestuário, exceto roupas íntimas",14,Confecção de artigos do vestuário e acessórios,PIA,covered,PIA (tabela 5548) — divisao 14
1413-4/01,1413401,14.13-4,14.1,14,C,Confecção de roupas profissionais,14,Confecção de artigos do vestuário e acessórios,PIA,covered,PIA (tabela 5548) — divisao 14
1413-4/02,1413402,14.13-4,14.1,14,C,Confecção de roupas profissionais,14,Confecção de artigos do vestuário e acessórios,PIA,covered,PIA (tabela 5548) — divisao 14
1413-4/03,1413403,14.13-4,14.1,14,C,Confecção de roupas profissionais,14,Confecção de artigos do vestuário e acessórios,PIA,covered,PIA (tabela 5548) — divisao 14
1414-2/00,1414200,14.14-2,14.1,14,C,"Fabricação de acessórios do vestuário, exceto para segurança e proteção",14,Confecção de artigos do vestuário e acessórios,PIA,covered,PIA (tabela 5548) — divisao 14
1421-5/00,1421500,14.21-5,14.2,14,C,Fabricação de meias,14,Confecção de artigos do vestuário e acessórios,PIA,covered,PIA (tabela 5548) — divisao 14
1422-3/00,1422300,14.22-3,14.2,14,C,"Fabricação de artigos do vestuário, produzidos em malharias e tricotagens, exceto meias",14,Confecção de artigos do vestuário e acessórios,PIA,covered,PIA (tabela 5548) — divisao 14
1510-6/00,1510600,15.10-6,15.1,15,C,Curtimento e outras preparações de couro,15,"Preparação de couros e fabricação de artefatos de couro, artigos para viagem e calçados",PIA,covered,PIA (tabela 5548) — divisao 15
1521-1/00,1521100,15.21-1,15.2,15,C,"Fabricação de artigos para viagem, bolsas e semelhantes de qualquer material",15,"Preparação de couros e fabricação de artefatos de couro, artigos para viagem e calçados",PIA,covered,PIA (tabela 5548) — divisao 15
1529-7/00,1529700,15.29-7,15.2,15,C,Fabricação de artefatos de couro não especificados anteriormente,15,"Preparação de couros e fabricação de artefatos de couro, artigos para viagem e calçados",PIA,covered,PIA (tabela 5548) — divisao 15
1531-9/01,1531901,15.31-9,15.3,15,C,Fabricação de calçados de couro,15,"Preparação de couros e fabricação de artefatos de couro, artigos para viagem e calçados",PIA,covered,PIA (tabela 5548) — divisao 15
1531-9/02,1531902,15.31-9,15.3,15,C,Fabricação de calçados de couro,15,"Preparação de couros e fabricação de artefatos de couro, artigos para viagem e calçados",PIA,covered,PIA (tabela 5548) — divisao 15
1532-7/00,1532700,15.32-7,15.3,15,C,Fabricação de tênis de qualquer material,15,"Preparação de couros e fabricação de artefatos de couro, artigos para viagem e calçados",PIA,covered,PIA (tabela 5548) — divisao 15
1533-5/00,1533500,15.33-5,15.3,15,C,Fabricação de calçados de material sintético,15,"Preparação de couros e fabricação de artefatos de couro, artigos para viagem e calçados",PIA,covered,PIA (tabela 5548) — divisao 15
1539-4/00,1539400,15.39-4,15.3,15,C,Fabricação de calçados de materiais não especificados anteriormente,15,"Preparação de couros e fabricação de artefatos de couro, artigos para viagem e calçados",PIA,covered,PIA (tabela 5548) — divisao 15
1540-8/00,1540800,15.40-8,15.4,15,C,"Fabricação de partes para calçados, de qualquer material",15,"Preparação de couros e fabricação de artefatos de couro, artigos para viagem e calçados",PIA,covered,PIA (tabela 5548) — divisao 15
1610-2/01,1610201,16.10-2,16.1,16,C,Desdobramento de madeira,16,Fabricação de produtos de madeira,PIA,covered,PIA (tabela 5548) — divisao 16
1610-2/02,1610202,16.10-2,16.1,16,C,Desdobramento de madeira,16,Fabricação de produtos de madeira,PIA,covered,PIA (tabela 5548) — divisao 16
1621-8/00,1621800,16.21-8,16.2,16,C,"Fabricação de madeira laminada e de chapas de madeira compensada, prensada e aglomerada",16,Fabricação de produtos de madeira,PIA,covered,PIA (tabela 5548) — divisao 16
1622-6/01,1622601,16.22-6,16.2,16,C,Fabricação de estruturas de madeira e de artigos de carpintaria para construção,16,Fabricação de produtos de madeira,PIA,covered,PIA (tabela 5548) — divisao 16
1622-6/02,1622602,16.22-6,16.2,16,C,Fabricação de estruturas de madeira e de artigos de carpintaria para construção,16,Fabricação de produtos de madeira,PIA,covered,PIA (tabela 5548) — divisao 16
1622-6/99,1622699,16.22-6,16.2,16,C,Fabricação de estruturas de madeira e de artigos de carpintaria para construção,16,Fabricação de produtos de madeira,PIA,covered,PIA (tabela 5548) — divisao 16
1623-4/00,1623400,16.23-4,16.2,16,C,Fabricação de artefatos de tanoaria e de embalagens de madeira,16,Fabricação de produtos de madeira,PIA,covered,PIA (tabela 5548) — divisao 16
1629-3/01,1629301,16.29-3,16.2,16,C,"Fabricação de artefatos de madeira, palha, cortiça, vime e material trançado não especificados anteriormente, exceto móveis",16,Fabricação de produtos de madeira,PIA,covered,PIA (tabela 5548) — divisao 16
1629-3/02,1629302,16.29-3,16.2,16,C,"Fabricação de artefatos de madeira, palha, cortiça, vime e material trançado não especificados anteriormente, exceto móveis",16,Fabricação de produtos de madeira,PIA,covered,PIA (tabela 5548) — divisao 16
1710-9/00,1710900,17.10-9,17.1,17,C,Fabricação de celulose e outras pastas para a fabricação de papel,17,"Fabricação de celulose, papel e produtos de papel",PIA,covered,PIA (tabela 5548) — divisao 17
1721-4/00,1721400,17.21-4,17.2,17,C,Fabricação de papel,17,"Fabricação de celulose, papel e produtos de papel",PIA,covered,PIA (tabela 5548) — divisao 17
1722-2/00,1722200,17.22-2,17.2,17,C,Fabricação de cartolina e papel-cartão,17,"Fabricação de celulose, papel e produtos de papel",PIA,covered,PIA (tabela 5548) — divisao 17
1731-1/00,1731100,17.31-1,17.3,17,C,Fabricação de embalagens de papel,17,"Fabricação de celulose, papel e produtos de papel",PIA,covered,PIA (tabela 5548) — divisao 17
1732-0/00,1732000,17.32-0,17.3,17,C,Fabricação de embalagens de cartolina e papel-cartão,17,"Fabricação de celulose, papel e produtos de papel",PIA,covered,PIA (tabela 5548) — divisao 17
1733-8/00,1733800,17.33-8,17.3,17,C,Fabricação de chapas e de embalagens de papelão ondulado,17,"Fabricação de celulose, papel e produtos de papel",PIA,covered,PIA (tabela 5548) — divisao 17
1741-9/01,1741901,17.41-9,17.4,17,C,"Fabricação de produtos de papel, cartolina, papel-cartão e papelão ondulado para uso comercial e de escritório",17,"Fabricação de celulose, papel e produtos de papel",PIA,covered,PIA (tabela 5548) — divisao 17
1741-9/02,1741902,17.41-9,17.4,17,C,"Fabricação de produtos de papel, cartolina, papel-cartão e papelão ondulado para uso comercial e de escritório",17,"Fabricação de celulose, papel e produtos de papel",PIA,covered,PIA (tabela 5548) — divisao 17
1742-7/01,1742701,17.42-7,17.4,17,C,Fabricação de produtos de papel para usos doméstico e higiênico-sanitário,17,"Fabricação de celulose, papel e produtos de papel",PIA,covered,PIA (tabela 5548) — divisao 17
1742-7/02,1742702,17.42-7,17.4,17,C,Fabricação de produtos de papel para usos doméstico e higiênico-sanitário,17,"Fabricação de celulose, papel e produtos de papel",PIA,covered,PIA (tabela 5548) — divisao 17
1742-7/99,1742799,17.42-7,17.4,17,C,Fabricação de produtos de papel para usos doméstico e higiênico-sanitário,17,"Fabricação de celulose, papel e produtos de papel",PIA,covered,PIA (tabela 5548) — divisao 17
1749-4/00,1749400,17.49-4,17.4,17,C,"Fabricação de produtos de pastas celulósicas, papel, cartolina, papel-cartão e papelão ondulado não especificados anteriormente",17,"Fabricação de celulose, papel e produtos de papel",PIA,covered,PIA (tabela 5548) — divisao 17
1811-3/01,1811301,18.11-3,18.1,18,C,"Impressão de jornais, livros, revistas e outras publicações periódicas",18,Impressão e reprodução de gravações,PIA,covered,PIA (tabela 5548) — divisao 18
1811-3/02,1811302,18.11-3,18.1,18,C,"Impressão de jornais, livros, revistas e outras publicações periódicas",18,Impressão e reprodução de gravações,PIA,covered,PIA (tabela 5548) — divisao 18
1812-1/00,1812100,18.12-1,18.1,18,C,Impressão de material de segurança,18,Impressão e reprodução de gravações,PIA,covered,PIA (tabela 5548) — divisao 18
1813-0/01,1813001,18.13-0,18.1,18,C,Impressão de materiais para outros usos,18,Impressão e reprodução de gravações,PIA,covered,PIA (tabela 5548) — divisao 18
1813-0/99,1813099,18.13-0,18.1,18,C,Impressão de materiais para outros usos,18,Impressão e reprodução de gravações,PIA,covered,PIA (tabela 5548) — divisao 18
1821-1/00,1821100,18.21-1,18.2,18,C,Serviços de pré-impressão,18,Impressão e reprodução de gravações,PIA,covered,PIA (tabela 5548) — divisao 18
1822-9/00,1822900,18.22-9,18.2,18,C,Serviços de acabamentos gráficos,18,Impressão e reprodução de gravações,PIA,covered,PIA (tabela 5548) — divisao 18
1830-0/01,1830001,18.30-0,18.3,18,C,Reprodução de materiais gravados em qualquer suporte,18,Impressão e reprodução de gravações,PIA,covered,PIA (tabela 5548) — divisao 18
1830-0/02,1830002,18.30-0,18.3,18,C,Reprodução de materiais gravados em qualquer suporte,18,Impressão e reprodução de gravações,PIA,covered,PIA (tabela 5548) — divisao 18
1830-0/03,1830003,18.30-0,18.3,18,C,Reprodução de materiais gravados em qualquer suporte,18,Impressão e reprodução de gravações,PIA,covered,PIA (tabela 5548) — divisao 18
1910-1/00,1910100,19.10-1,19.1,19,C,Coquerias,19,"Fabricação de coque, de produtos derivados do petróleo e de biocombustíveis",PIA,covered,PIA (tabela 5548) — divisao 19
1921-7/00,1921700,19.21-7,19.2,19,C,Fabricação de produtos do refino de petróleo,19,"Fabricação de coque, de produtos derivados do petróleo e de biocombustíveis",PIA,covered,PIA (tabela 5548) — divisao 19
1922-5/01,1922501,19.22-5,19.2,19,C,"Fabricação de produtos derivados do petróleo, exceto produtos do refino",19,"Fabricação de coque, de produtos derivados do petróleo e de biocombustíveis",PIA,covered,PIA (tabela 5548) — divisao 19
1922-5/02,1922502,19.22-5,19.2,19,C,"Fabricação de produtos derivados do petróleo, exceto produtos do refino",19,"Fabricação de coque, de produtos derivados do petróleo e de biocombustíveis",PIA,covered,PIA (tabela 5548) — divisao 19
1922-5/99,1922599,19.22-5,19.2,19,C,"Fabricação de produtos derivados do petróleo, exceto produtos do refino",19,"Fabricação de coque, de produtos derivados do petróleo e de biocombustíveis",PIA,covered,PIA (tabela 5548) — divisao 19
1931-4/00,1931400,19.31-4,19.3,19,C,Fabricação de álcool,19,"Fabricação de coque, de produtos derivados do petróleo e de biocombustíveis",PIA,covered,PIA (tabela 5548) — divisao 19
1932-2/00,1932200,19.32-2,19.3,19,C,"Fabricação de biocombustíveis, exceto álcool",19,"Fabricação de coque, de produtos derivados do petróleo e de biocombustíveis",PIA,covered,PIA (tabela 5548) — divisao 19
2011-8/00,2011800,20.11-8,20.1,20,C,Fabricação de cloro e álcalis,20,Fabricação de produtos químicos,PIA,covered,PIA (tabela 5548) — divisao 20
2012-6/00,2012600,20.12-6,20.1,20,C,Fabricação de intermediários para fertilizantes,20,Fabricação de produtos químicos,PIA,covered,PIA (tabela 5548) — divisao 20
2013-4/00,2013400,20.13-4,20.1,20,C,Fabricação de adubos e fertilizantes,20,Fabricação de produtos químicos,PIA,covered,PIA (tabela 5548) — divisao 20
2014-2/00,2014200,20.14-2,20.1,20,C,Fabricação de gases industriais,20,Fabricação de produtos químicos,PIA,covered,PIA (tabela 5548) — divisao 20
2019-3/01,2019301,20.19-3,20.1,20,C,Fabricação de produtos químicos inorgânicos não especificados anteriormente,20,Fabricação de produtos químicos,PIA,covered,PIA (tabela 5548) — divisao 20
2019-3/99,2019399,20.19-3,20.1,20,C,Fabricação de produtos químicos inorgânicos não especificados anteriormente,20,Fabricação de produtos químicos,PIA,covered,PIA (tabela 5548) — divisao 20
2021-5/00,2021500,20.21-5,20.2,20,C,Fabricação de produtos petroquímicos básicos,20,Fabricação de produtos químicos,PIA,covered,PIA (tabela 5548) — divisao 20
2022-3/00,2022300,20.22-3,20.2,20,C,"Fabricação de intermediários para plastificantes, resinas e fibras",20,Fabricação de produtos químicos,PIA,covered,PIA (tabela 5548) — divisao 20
2029-1/00,2029100,20.29-1,20.2,20,C,Fabricação de produtos químicos orgânicos não especificados anteriormente,20,Fabricação de produtos químicos,PIA,covered,PIA (tabela 5548) — divisao 20
2031-2/00,2031200,20.31-2,20.3,20,C,Fabricação de resinas termoplásticas,20,Fabricação de produtos químicos,PIA,covered,PIA (tabela 5548) — divisao 20
2032-1/00,2032100,20.32-1,20.3,20,C,Fabricação de resinas termofixas,20,Fabricação de produtos químicos,PIA,covered,PIA (tabela 5548) — divisao 20
2033-9/00,2033900,20.33-9,20.3,20,C,Fabricação de elastômeros,20,Fabricação de produtos químicos,PIA,covered,PIA (tabela 5548) — divisao 20
2040-1/00,2040100,20.40-1,20.4,20,C,Fabricação de fibras artificiais e sintéticas,20,Fabricação de produtos químicos,PIA,covered,PIA (tabela 5548) — divisao 20
2051-7/00,2051700,20.51-7,20.5,20,C,Fabricação de defensivos agrícolas,20,Fabricação de produtos químicos,PIA,covered,PIA (tabela 5548) — divisao 20
2052-5/00,2052500,20.52-5,20.5,20,C,Fabricação de desinfestantes domissanitários,20,Fabricação de produtos químicos,PIA,covered,PIA (tabela 5548) — divisao 20
2061-4/00,2061400,20.61-4,20.6,20,C,Fabricação de sabões e detergentes sintéticos,20,Fabricação de produtos químicos,PIA,covered,PIA (tabela 5548) — divisao 20
2062-2/00,2062200,20.62-2,20.6,20,C,Fabricação de produtos de limpeza e polimento,20,Fabricação de produtos químicos,PIA,covered,PIA (tabela 5548) — divisao 20
2063-1/00,2063100,20.63-1,20.6,20,C,"Fabricação de cosméticos, produtos de perfumaria e de higiene pessoal",20,Fabricação de produtos químicos,PIA,covered,PIA (tabela 5548) — divisao 20
2071-1/00,2071100,20.71-1,20.7,20,C,"Fabricação de tintas, vernizes, esmaltes e lacas",20,Fabricação de produtos químicos,PIA,covered,PIA (tabela 5548) — divisao 20
2072-0/00,2072000,20.72-0,20.7,20,C,Fabricação de tintas de impressão,20,Fabricação de produtos químicos,PIA,covered,PIA (tabela 5548) — divisao 20
2073-8/00,2073800,20.73-8,20.7,20,C,"Fabricação de impermeabilizantes, solventes e produtos afins",20,Fabricação de produtos químicos,PIA,covered,PIA (tabela 5548) — divisao 20
2091-6/00,2091600,20.91-6,20.9,20,C,Fabricação de adesivos e selantes,20,Fabricação de produtos químicos,PIA,covered,PIA (tabela 5548) — divisao 20
2092-4/01,2092401,20.92-4,20.9,20,C,Fabricação de explosivos,20,Fabricação de produtos químicos,PIA,covered,PIA (tabela 5548) — divisao 20
2092-4/02,2092402,20.92-4,20.9,20,C,Fabricação de explosivos,20,Fabricação de produtos químicos,PIA,covered,PIA (tabela 5548) — divisao 20
2092-4/03,2092403,20.92-4,20.9,20,C,Fabricação de explosivos,20,Fabricação de produtos químicos,PIA,covered,PIA (tabela 5548) — divisao 20
2093-2/00,2093200,20.93-2,20.9,20,C,Fabricação de aditivos de uso industrial,20,Fabricação de produtos químicos,PIA,covered,PIA (tabela 5548) — divisao 20
2094-1/00,2094100,20.94-1,20.9,20,C,Fabricação de catalisadores,20,Fabricação de produtos químicos,PIA,covered,PIA (tabela 5548) — divisao 20
2099-1/01,2099101,20.99-1,20.9,20,C,Fabricação de produtos químicos não especificados anteriormente,20,Fabricação de produtos químicos,PIA,covered,PIA (tabela 5548) — divisao 20
2099-1/99,2099199,20.99-1,20.9,20,C,Fabricação de produtos químicos não especificados anteriormente,20,Fabricação de produtos químicos,PIA,covered,PIA (tabela 5548) — divisao 20
2110-6/00,2110600,21.10-6,21.1,21,C,Fabricação de produtos farmoquímicos,21,Fabricação de produtos farmoquímicos e farmacêuticos,PIA,covered,PIA (tabela 5548) — divisao 21
2121-1/01,2121101,21.21-1,21.2,21,C,Fabricação de medicamentos para uso humano,21,Fabricação de produtos farmoquímicos e farmacêuticos,PIA,covered,PIA (tabela 5548) — divisao 21
2121-1/02,2121102,21.21-1,21.2,21,C,Fabricação de medicamentos para uso humano,21,Fabricação de produtos farmoquímicos e farmacêuticos,PIA,covered,PIA (tabela 5548) — divisao 21
2121-1/03,2121103,21.21-1,21.2,21,C,Fabricação de medicamentos para uso humano,21,Fabricação de produtos farmoquímicos e farmacêuticos,PIA,covered,PIA (tabela 5548) — divisao 21
2122-0/00,2122000,21.22-0,21.2,21,C,Fabricação de medicamentos para uso veterinário,21,Fabricação de produtos farmoquímicos e farmacêuticos,PIA,covered,PIA (tabela 5548) — divisao 21
2123-8/00,2123800,21.23-8,21.2,21,C,Fabricação de preparações farmacêuticas,21,Fabricação de produtos farmoquímicos e farmacêuticos,PIA,covered,PIA (tabela 5548) — divisao 21
2211-1/00,2211100,22.11-1,22.1,22,C,Fabricação de pneumáticos e de câmaras-de-ar,22,Fabricação de produtos de borracha e de material plástico,PIA,covered,PIA (tabela 5548) — divisao 22
2212-9/00,2212900,22.12-9,22.1,22,C,Reforma de pneumáticos usados,22,Fabricação de produtos de borracha e de material plástico,PIA,covered,PIA (tabela 5548) — divisao 22
2219-6/00,2219600,22.19-6,22.1,22,C,Fabricação de artefatos de borracha não especificados anteriormente,22,Fabricação de produtos de borracha e de material plástico,PIA,covered,PIA (tabela 5548) — divisao 22
2221-8/00,2221800,22.21-8,22.2,22,C,Fabricação de laminados planos e tubulares de material plástico,22,Fabricação de produtos de borracha e de material plástico,PIA,covered,PIA (tabela 5548) — divisao 22
2222-6/00,2222600,22.22-6,22.2,22,C,Fabricação de embalagens de material plástico,22,Fabricação de produtos de borracha e de material plástico,PIA,covered,PIA (tabela 5548) — divisao 22
2223-4/00,2223400,22.23-4,22.2,22,C,Fabricação de tubos e acessórios de material plástico para uso na construção,22,Fabricação de produtos de borracha e de material plástico,PIA,covered,PIA (tabela 5548) — divisao 22
2229-3/01,2229301,22.29-3,22.2,22,C,Fabricação de artefatos de material plástico não especificados anteriormente,22,Fabricação de produtos de borracha e de material plástico,PIA,covered,PIA (tabela 5548) — divisao 22
2229-3/02,2229302,22.29-3,22.2,22,C,Fabricação de artefatos de material plástico não especificados anteriormente,22,Fabricação de produtos de borracha e de material plástico,PIA,covered,PIA (tabela 5548) — divisao 22
2229-3/03,2229303,22.29-3,22.2,22,C,Fabricação de artefatos de material plástico não especificados anteriormente,22,Fabricação de produtos de borracha e de material plástico,PIA,covered,PIA (tabela 5548) — divisao 22
2229-3/99,2229399,22.29-3,22.2,22,C,Fabricação de artefatos de material plástico não especificados anteriormente,22,Fabricação de produtos de borracha e de material plástico,PIA,covered,PIA (tabela 5548) — divisao 22
2311-7/00,2311700,23.11-7,23.1,23,C,Fabricação de vidro plano e de segurança,23,Fabricação de produtos de minerais não-metálicos,PIA,covered,PIA (tabela 5548) — divisao 23
2312-5/00,2312500,23.12-5,23.1,23,C,Fabricação de embalagens de vidro,23,Fabricação de produtos de minerais não-metálicos,PIA,covered,PIA (tabela 5548) — divisao 23
2319-2/00,2319200,23.19-2,23.1,23,C,Fabricação de artigos de vidro,23,Fabricação de produtos de minerais não-metálicos,PIA,covered,PIA (tabela 5548) — divisao 23
2320-6/00,2320600,23.20-6,23.2,23,C,Fabricação de cimento,23,Fabricação de produtos de minerais não-metálicos,PIA,covered,PIA (tabela 5548) — divisao 23
2330-3/01,2330301,23.30-3,23.3,23,C,"Fabricação de artefatos de concreto, cimento, fibrocimento, gesso e materiais semelhantes",23,Fabricação de produtos de minerais não-metálicos,PIA,covered,PIA (tabela 5548) — divisao 23
2330-3/02,2330302,23.30-3,23.3,23,C,"Fabricação de artefatos de concreto, cimento, fibrocimento, gesso e materiais semelhantes",23,Fabricação de produtos de minerais não-metálicos,PIA,covered,PIA (tabela 5548) — divisao 23
2330-3/03,2330303,23.30-3,23.3,23,C,"Fabricação de artefatos de concreto, cimento, fibrocimento, gesso e materiais semelhantes",23,Fabricação de produtos de minerais não-metálicos,PIA,covered,PIA (tabela 5548) — divisao 23
2330-3/04,2330304,23.30-3,23.3,23,C,"Fabricação de artefatos de concreto, cimento, fibrocimento, gesso e materiais semelhantes",23,Fabricação de produtos de minerais não-metálicos,PIA,covered,PIA (tabela 5548) — divisao 23
2330-3/05,2330305,23.30-3,23.3,23,C,"Fabricação de artefatos de concreto, cimento, fibrocimento, gesso e materiais semelhantes",23,Fabricação de produtos de minerais não-metálicos,PIA,covered,PIA (tabela 5548) — divisao 23
2330-3/99,2330399,23.30-3,23.3,23,C,"Fabricação de artefatos de concreto, cimento, fibrocimento, gesso e materiais semelhantes",23,Fabricação de produtos de minerais não-metálicos,PIA,covered,PIA (tabela 5548) — divisao 23
2341-9/00,2341900,23.41-9,23.4,23,C,Fabricação de produtos cerâmicos refratários,23,Fabricação de produtos de minerais não-metálicos,PIA,covered,PIA (tabela 5548) — divisao 23
2342-7/01,2342701,23.42-7,23.4,23,C,Fabricação de produtos cerâmicos não-refratários para uso estrutural na construção,23,Fabricação de produtos de minerais não-metálicos,PIA,covered,PIA (tabela 5548) — divisao 23
2342-7/02,2342702,23.42-7,23.4,23,C,Fabricação de produtos cerâmicos não-refratários para uso estrutural na construção,23,Fabricação de produtos de minerais não-metálicos,PIA,covered,PIA (tabela 5548) — divisao 23
2349-4/01,2349401,23.49-4,23.4,23,C,Fabricação de produtos cerâmicos não-refratários não especificados anteriormente,23,Fabricação de produtos de minerais não-metálicos,PIA,covered,PIA (tabela 5548) — divisao 23
2349-4/99,2349499,23.49-4,23.4,23,C,Fabricação de produtos cerâmicos não-refratários não especificados anteriormente,23,Fabricação de produtos de minerais não-metálicos,PIA,covered,PIA (tabela 5548) — divisao 23
2391-5/01,2391501,23.91-5,23.9,23,C,Aparelhamento e outros trabalhos em pedras,23,Fabricação de produtos de minerais não-metálicos,PIA,covered,PIA (tabela 5548) — divisao 23
2391-5/02,2391502,23.91-5,23.9,23,C,Aparelhamento e outros trabalhos em pedras,23,Fabricação de produtos de minerais não-metálicos,PIA,covered,PIA (tabela 5548) — divisao 23
2391-5/03,2391503,23.91-5,23.9,23,C,Aparelhamento e outros trabalhos em pedras,23,Fabricação de produtos de minerais não-metálicos,PIA,covered,PIA (tabela 5548) — divisao 23
2392-3/00,2392300,23.92-3,23.9,23,C,Fabricação de cal e gesso,23,Fabricação de produtos de minerais não-metálicos,PIA,covered,PIA (tabela 5548) — divisao 23
2399-1/01,2399101,23.99-1,23.9,23,C,Fabricação de produtos de minerais não-metálicos não especificados anteriormente,23,Fabricação de produtos de minerais não-metálicos,PIA,covered,PIA (tabela 5548) — divisao 23
2399-1/99,2399199,23.99-1,23.9,23,C,Fabricação de produtos de minerais não-metálicos não especificados anteriormente,23,Fabricação de produtos de minerais não-metálicos,PIA,covered,PIA (tabela 5548) — divisao 23
2411-3/00,2411300,24.11-3,24.1,24,C,Produção de ferro-gusa,24,Metalurgia,PIA,covered,PIA (tabela 5548) — divisao 24
2412-1/00,2412100,24.12-1,24.1,24,C,Produção de ferroligas,24,Metalurgia,PIA,covered,PIA (tabela 5548) — divisao 24
2421-1/00,2421100,24.21-1,24.2,24,C,Produção de semi-acabados de aço,24,Metalurgia,PIA,covered,PIA (tabela 5548) — divisao 24
2422-9/01,2422901,24.22-9,24.2,24,C,Produção de laminados planos de aço,24,Metalurgia,PIA,covered,PIA (tabela 5548) — divisao 24
2422-9/02,2422902,24.22-9,24.2,24,C,Produção de laminados planos de aço,24,Metalurgia,PIA,covered,PIA (tabela 5548) — divisao 24
2423-7/01,2423701,24.23-7,24.2,24,C,Produção de laminados longos de aço,24,Metalurgia,PIA,covered,PIA (tabela 5548) — divisao 24
2423-7/02,2423702,24.23-7,24.2,24,C,Produção de laminados longos de aço,24,Metalurgia,PIA,covered,PIA (tabela 5548) — divisao 24
2424-5/01,2424501,24.24-5,24.2,24,C,"Produção de relaminados, trefilados e perfilados de aço",24,Metalurgia,PIA,covered,PIA (tabela 5548) — divisao 24
2424-5/02,2424502,24.24-5,24.2,24,C,"Produção de relaminados, trefilados e perfilados de aço",24,Metalurgia,PIA,covered,PIA (tabela 5548) — divisao 24
2431-8/00,2431800,24.31-8,24.3,24,C,Produção de tubos de aço com costura,24,Metalurgia,PIA,covered,PIA (tabela 5548) — divisao 24
2439-3/00,2439300,24.39-3,24.3,24,C,Produção de outros tubos de ferro e aço,24,Metalurgia,PIA,covered,PIA (tabela 5548) — divisao 24
2441-5/01,2441501,24.41-5,24.4,24,C,Metalurgia do alumínio e suas ligas,24,Metalurgia,PIA,covered,PIA (tabela 5548) — divisao 24
2441-5/02,2441502,24.41-5,24.4,24,C,Metalurgia do alumínio e suas ligas,24,Metalurgia,PIA,covered,PIA (tabela 5548) — divisao 24
2442-3/00,2442300,24.42-3,24.4,24,C,Metalurgia dos metais preciosos,24,Metalurgia,PIA,covered,PIA (tabela 5548) — divisao 24
2443-1/00,2443100,24.43-1,24.4,24,C,Metalurgia do cobre,24,Metalurgia,PIA,covered,PIA (tabela 5548) — divisao 24
2449-1/01,2449101,24.49-1,24.4,24,C,Metalurgia dos metais não-ferrosos e suas ligas não especificados anteriormente,24,Metalurgia,PIA,covered,PIA (tabela 5548) — divisao 24
2449-1/02,2449102,24.49-1,24.4,24,C,Metalurgia dos metais não-ferrosos e suas ligas não especificados anteriormente,24,Metalurgia,PIA,covered,PIA (tabela 5548) — divisao 24
2449-1/03,2449103,24.49-1,24.4,24,C,Metalurgia dos metais não-ferrosos e suas ligas não especificados anteriormente,24,Metalurgia,PIA,covered,PIA (tabela 5548) — divisao 24
2449-1/99,2449199,24.49-1,24.4,24,C,Metalurgia dos metais não-ferrosos e suas ligas não especificados anteriormente,24,Metalurgia,PIA,covered,PIA (tabela 5548) — divisao 24
2451-2/00,2451200,24.51-2,24.5,24,C,Fundição de ferro e aço,24,Metalurgia,PIA,covered,PIA (tabela 5548) — divisao 24
2452-1/00,2452100,24.52-1,24.5,24,C,Fundição de metais não-ferrosos e suas ligas,24,Metalurgia,PIA,covered,PIA (tabela 5548) — divisao 24
2511-0/00,2511000,25.11-0,25.1,25,C,Fabricação de estruturas metálicas,25,"Fabricação de produtos de metal, exceto máquinas e equipamentos",PIA,covered,PIA (tabela 5548) — divisao 25
2512-8/00,2512800,25.12-8,25.1,25,C,Fabricação de esquadrias de metal,25,"Fabricação de produtos de metal, exceto máquinas e equipamentos",PIA,covered,PIA (tabela 5548) — divisao 25
2513-6/00,2513600,25.13-6,25.1,25,C,Fabricação de obras de caldeiraria pesada,25,"Fabricação de produtos de metal, exceto máquinas e equipamentos",PIA,covered,PIA (tabela 5548) — divisao 25
2521-7/00,2521700,25.21-7,25.2,25,C,"Fabricação de tanques, reservatórios metálicos e caldeiras para aquecimento central",25,"Fabricação de produtos de metal, exceto máquinas e equipamentos",PIA,covered,PIA (tabela 5548) — divisao 25
2522-5/00,2522500,25.22-5,25.2,25,C,"Fabricação de caldeiras geradoras de vapor, exceto para aquecimento central e para veículos",25,"Fabricação de produtos de metal, exceto máquinas e equipamentos",PIA,covered,PIA (tabela 5548) — divisao 25
2531-4/01,2531401,25.31-4,25.3,25,C,Produção de forjados de aço e de metais não-ferrosos e suas ligas,25,"Fabricação de produtos de metal, exceto máquinas e equipamentos",PIA,covered,PIA (tabela 5548) — divisao 25
2531-4/02,2531402,25.31-4,25.3,25,C,Produção de forjados de aço e de metais não-ferrosos e suas ligas,25,"Fabricação de produtos de metal, exceto máquinas e equipamentos",PIA,covered,PIA (tabela 5548) — divisao 25
2532-2/01,2532201,25.32-2,25.3,25,C,Produção de artefatos estampados de metal; metalurgia do pó,25,"Fabricação de produtos de metal, exceto máquinas e equipamentos",PIA,covered,PIA (tabela 5548) — divisao 25
2532-2/02,2532202,25.32-2,25.3,25,C,Produção de artefatos estampados de metal; metalurgia do pó,25,"Fabricação de produtos de metal, exceto máquinas e equipamentos",PIA,covered,PIA (tabela 5548) — divisao 25
2539-0/00,2539000,25.39-0,25.3,25,C,"Serviços de usinagem, solda, tratamento e revestimento em metais",25,"Fabricação de produtos de metal, exceto máquinas e equipamentos",PIA,covered,PIA (tabela 5548) — divisao 25
2541-1/00,2541100,25.41-1,25.4,25,C,Fabricação de artigos de cutelaria,25,"Fabricação de produtos de metal, exceto máquinas e equipamentos",PIA,covered,PIA (tabela 5548) — divisao 25
2542-0/00,2542000,25.42-0,25.4,25,C,"Fabricação de artigos de serralheria, exceto esquadrias",25,"Fabricação de produtos de metal, exceto máquinas e equipamentos",PIA,covered,PIA (tabela 5548) — divisao 25
2543-8/00,2543800,25.43-8,25.4,25,C,Fabricação de ferramentas,25,"Fabricação de produtos de metal, exceto máquinas e equipamentos",PIA,covered,PIA (tabela 5548) — divisao 25
2550-1/01,2550101,25.50-1,25.5,25,C,"Fabricação de equipamento bélico pesado, armas de fogo e munições",25,"Fabricação de produtos de metal, exceto máquinas e equipamentos",PIA,covered,PIA (tabela 5548) — divisao 25
2550-1/02,2550102,25.50-1,25.5,25,C,"Fabricação de equipamento bélico pesado, armas de fogo e munições",25,"Fabricação de produtos de metal, exceto máquinas e equipamentos",PIA,covered,PIA (tabela 5548) — divisao 25
2591-8/00,2591800,25.91-8,25.9,25,C,Fabricação de embalagens metálicas,25,"Fabricação de produtos de metal, exceto máquinas e equipamentos",PIA,covered,PIA (tabela 5548) — divisao 25
2592-6/01,2592601,25.92-6,25.9,25,C,Fabricação de produtos de trefilados de metal,25,"Fabricação de produtos de metal, exceto máquinas e equipamentos",PIA,covered,PIA (tabela 5548) — divisao 25
2592-6/02,2592602,25.92-6,25.9,25,C,Fabricação de produtos de trefilados de metal,25,"Fabricação de produtos de metal, exceto máquinas e equipamentos",PIA,covered,PIA (tabela 5548) — divisao 25
2593-4/00,2593400,25.93-4,25.9,25,C,Fabricação de artigos de metal para uso doméstico e pessoal,25,"Fabricação de produtos de metal, exceto máquinas e equipamentos",PIA,covered,PIA (tabela 5548) — divisao 25
2599-3/01,2599301,25.99-3,25.9,25,C,Fabricação de produtos de metal não especificados anteriormente,25,"Fabricação de produtos de metal, exceto máquinas e equipamentos",PIA,covered,PIA (tabela 5548) — divisao 25
2599-3/99,2599399,25.99-3,25.9,25,C,Fabricação de produtos de metal não especificados anteriormente,25,"Fabricação de produtos de metal, exceto máquinas e equipamentos",PIA,covered,PIA (tabela 5548) — divisao 25
2610-8/00,2610800,26.10-8,26.1,26,C,Fabricação de componentes eletrônicos,26,"Fabricação de equipamentos de informática, produtos eletrônicos e ópticos",PIA,covered,PIA (tabela 5548) — divisao 26
2621-3/00,2621300,26.21-3,26.2,26,C,Fabricação de equipamentos de informática,26,"Fabricação de equipamentos de informática, produtos eletrônicos e ópticos",PIA,covered,PIA (tabela 5548) — divisao 26
2622-1/00,2622100,26.22-1,26.2,26,C,Fabricação de periféricos para equipamentos de informática,26,"Fabricação de equipamentos de informática, produtos eletrônicos e ópticos",PIA,covered,PIA (tabela 5548) — divisao 26
2631-1/00,2631100,26.31-1,26.3,26,C,Fabricação de equipamentos transmissores de comunicação,26,"Fabricação de equipamentos de informática, produtos eletrônicos e ópticos",PIA,covered,PIA (tabela 5548) — divisao 26
2632-9/00,2632900,26.32-9,26.3,26,C,Fabricação de aparelhos telefônicos e de outros equipamentos de comunicação,26,"Fabricação de equipamentos de informática, produtos eletrônicos e ópticos",PIA,covered,PIA (tabela 5548) — divisao 26
2640-0/00,2640000,26.40-0,26.4,26,C,"Fabricação de aparelhos de recepção, reprodução, gravação e amplificação de áudio e vídeo",26,"Fabricação de equipamentos de informática, produtos eletrônicos e ópticos",PIA,covered,PIA (tabela 5548) — divisao 26
2651-5/00,2651500,26.51-5,26.5,26,C,"Fabricação de aparelhos e equipamentos de medida, teste e controle",26,"Fabricação de equipamentos de informática, produtos eletrônicos e ópticos",PIA,covered,PIA (tabela 5548) — divisao 26
2652-3/00,2652300,26.52-3,26.5,26,C,Fabricação de cronômetros e relógios,26,"Fabricação de equipamentos de informática, produtos eletrônicos e ópticos",PIA,covered,PIA (tabela 5548) — divisao 26
2660-4/00,2660400,26.60-4,26.6,26,C,Fabricação de aparelhos eletromédicos e eletroterapêuticos e equipamentos de irradiação,26,"Fabricação de equipamentos de informática, produtos eletrônicos e ópticos",PIA,covered,PIA (tabela 5548) — divisao 26
2670-1/01,2670101,26.70-1,26.7,26,C,"Fabricação de equipamentos e instrumentos ópticos, fotográficos e cinematográficos",26,"Fabricação de equipamentos de informática, produtos eletrônicos e ópticos",PIA,covered,PIA (tabela 5548) — divisao 26
2670-1/02,2670102,26.70-1,26.7,26,C,"Fabricação de equipamentos e instrumentos ópticos, fotográficos e cinematográficos",26,"Fabricação de equipamentos de informática, produtos eletrônicos e ópticos",PIA,covered,PIA (tabela 5548) — divisao 26
2680-9/00,2680900,26.80-9,26.8,26,C,"Fabricação de mídias virgens, magnéticas e ópticas",26,"Fabricação de equipamentos de informática, produtos eletrônicos e ópticos",PIA,covered,PIA (tabela 5548) — divisao 26
2710-4/01,2710401,27.10-4,27.1,27,C,"Fabricação de geradores, transformadores e motores elétricos",27,"Fabricação de máquinas, aparelhos e materiais elétricos",PIA,covered,PIA (tabela 5548) — divisao 27
2710-4/02,2710402,27.10-4,27.1,27,C,"Fabricação de geradores, transformadores e motores elétricos",27,"Fabricação de máquinas, aparelhos e materiais elétricos",PIA,covered,PIA (tabela 5548) — divisao 27
2710-4/03,2710403,27.10-4,27.1,27,C,"Fabricação de geradores, transformadores e motores elétricos",27,"Fabricação de máquinas, aparelhos e materiais elétricos",PIA,covered,PIA (tabela 5548) — divisao 27
2721-0/00,2721000,27.21-0,27.2,27,C,"Fabricação de pilhas, baterias e acumuladores elétricos, exceto para veículos automotores",27,"Fabricação de máquinas, aparelhos e materiais elétricos",PIA,covered,PIA (tabela 5548) — divisao 27
2722-8/01,2722801,27.22-8,27.2,27,C,Fabricação de baterias e acumuladores para veículos automotores,27,"Fabricação de máquinas, aparelhos e materiais elétricos",PIA,covered,PIA (tabela 5548) — divisao 27
2722-8/02,2722802,27.22-8,27.2,27,C,Fabricação de baterias e acumuladores para veículos automotores,27,"Fabricação de máquinas, aparelhos e materiais elétricos",PIA,covered,PIA (tabela 5548) — divisao 27
2731-7/00,2731700,27.31-7,27.3,27,C,Fabricação de aparelhos e equipamentos para distribuição e controle de energia elétrica,27,"Fabricação de máquinas, aparelhos e materiais elétricos",PIA,covered,PIA (tabela 5548) — divisao 27
2732-5/00,2732500,27.32-5,27.3,27,C,Fabricação de material elétrico para instalações em circuito de consumo,27,"Fabricação de máquinas, aparelhos e materiais elétricos",PIA,covered,PIA (tabela 5548) — divisao 27
2733-3/00,2733300,27.33-3,27.3,27,C,"Fabricação de fios, cabos e condutores elétricos isolados",27,"Fabricação de máquinas, aparelhos e materiais elétricos",PIA,covered,PIA (tabela 5548) — divisao 27
2740-6/01,2740601,27.40-6,27.4,27,C,Fabricação de lâmpadas e outros equipamentos de iluminação,27,"Fabricação de máquinas, aparelhos e materiais elétricos",PIA,covered,PIA (tabela 5548) — divisao 27
2740-6/02,2740602,27.40-6,27.4,27,C,Fabricação de lâmpadas e outros equipamentos de iluminação,27,"Fabricação de máquinas, aparelhos e materiais elétricos",PIA,covered,PIA (tabela 5548) — divisao 27
2751-1/00,2751100,27.51-1,27.5,27,C,"Fabricação de fogões, refrigeradores e máquinas de lavar e secar para uso doméstico",27,"Fabricação de máquinas, aparelhos e materiais elétricos",PIA,covered,PIA (tabela 5548) — divisao 27
2759-7/01,2759701,27.59-7,27.5,27,C,Fabricação de aparelhos eletrodomésticos não especificados anteriormente,27,"Fabricação de máquinas, aparelhos e materiais elétricos",PIA,covered,PIA (tabela 5548) — divisao 27
2759-7/99,2759799,27.59-7,27.5,27,C,Fabricação de aparelhos eletrodomésticos não especificados anteriormente,27,"Fabricação de máquinas, aparelhos e materiais elétricos",PIA,covered,PIA (tabela 5548) — divisao 27
2790-2/01,2790201,27.90-2,27.9,27,C,Fabricação de equipamentos e aparelhos elétricos não especificados anteriormente,27,"Fabricação de máquinas, aparelhos e materiais elétricos",PIA,covered,PIA (tabela 5548) — divisao 27
2790-2/02,2790202,27.90-2,27.9,27,C,Fabricação de equipamentos e aparelhos elétricos não especificados anteriormente,27,"Fabricação de máquinas, aparelhos e materiais elétricos",PIA,covered,PIA (tabela 5548) — divisao 27
2790-2/99,2790299,27.90-2,27.9,27,C,Fabricação de equipamentos e aparelhos elétricos não especificados anteriormente,27,"Fabricação de máquinas, aparelhos e materiais elétricos",PIA,covered,PIA (tabela 5548) — divisao 27
2811-9/00,2811900,28.11-9,28.1,28,C,"Fabricação de motores e turbinas, exceto para aviões e veículos rodoviários",28,Fabricação de máquinas e equipamentos,PIA,covered,PIA (tabela 5548) — divisao 28
2812-7/00,2812700,28.12-7,28.1,28,C,"Fabricação de equipamentos hidráulicos e pneumáticos, exceto válvulas",28,Fabricação de máquinas e equipamentos,PIA,covered,PIA (tabela 5548) — divisao 28
2813-5/00,2813500,28.13-5,28.1,28,C,"Fabricação de válvulas, registros e dispositivos semelhantes",28,Fabricação de máquinas e equipamentos,PIA,covered,PIA (tabela 5548) — divisao 28
2814-3/01,2814301,28.14-3,28.1,28,C,Fabricação de compressores,28,Fabricação de máquinas e equipamentos,PIA,covered,PIA (tabela 5548) — divisao 28
2814-3/02,2814302,28.14-3,28.1,28,C,Fabricação de compressores,28,Fabricação de máquinas e equipamentos,PIA,covered,PIA (tabela 5548) — divisao 28
2815-1/01,2815101,28.15-1,28.1,28,C,Fabricação de equipamentos de transmissão para fins industriais,28,Fabricação de máquinas e equipamentos,PIA,covered,PIA (tabela 5548) — divisao 28
2815-1/02,2815102,28.15-1,28.1,28,C,Fabricação de equipamentos de transmissão para fins industriais,28,Fabricação de máquinas e equipamentos,PIA,covered,PIA (tabela 5548) — divisao 28
2821-6/01,2821601,28.21-6,28.2,28,C,Fabricação de aparelhos e equipamentos para instalações térmicas,28,Fabricação de máquinas e equipamentos,PIA,covered,PIA (tabela 5548) — divisao 28
2821-6/02,2821602,28.21-6,28.2,28,C,Fabricação de aparelhos e equipamentos para instalações térmicas,28,Fabricação de máquinas e equipamentos,PIA,covered,PIA (tabela 5548) — divisao 28
2822-4/01,2822401,28.22-4,28.2,28,C,"Fabricação de máquinas, equipamentos e aparelhos para transporte e elevação de cargas e pessoas",28,Fabricação de máquinas e equipamentos,PIA,covered,PIA (tabela 5548) — divisao 28
2822-4/02,2822402,28.22-4,28.2,28,C,"Fabricação de máquinas, equipamentos e aparelhos para transporte e elevação de cargas e pessoas",28,Fabricação de máquinas e equipamentos,PIA,covered,PIA (tabela 5548) — divisao 28
2823-2/00,2823200,28.23-2,28.2,28,C,Fabricação de máquinas e aparelhos de refrigeração e ventilação para uso industrial e comercial,28,Fabricação de máquinas e equipamentos,PIA,covered,PIA (tabela 5548) — divisao 28
2824-1/01,2824101,28.24-1,28.2,28,C,Fabricação de aparelhos e equipamentos de ar condicionado,28,Fabricação de máquinas e equipamentos,PIA,covered,PIA (tabela 5548) — divisao 28
2824-1/02,2824102,28.24-1,28.2,28,C,Fabricação de aparelhos e equipamentos de ar condicionado,28,Fabricação de máquinas e equipamentos,PIA,covered,PIA (tabela 5548) — divisao 28
2825-9/00,2825900,28.25-9,28.2,28,C,Fabricação de máquinas e equipamentos para saneamento básico e ambiental,28,Fabricação de máquinas e equipamentos,PIA,covered,PIA (tabela 5548) — divisao 28
2829-1/01,2829101,28.29-1,28.2,28,C,Fabricação de máquinas e equipamentos de uso geral não especificados anteriormente,28,Fabricação de máquinas e equipamentos,PIA,covered,PIA (tabela 5548) — divisao 28
2829-1/99,2829199,28.29-1,28.2,28,C,Fabricação de máquinas e equipamentos de uso geral não especificados anteriormente,28,Fabricação de máquinas e equipamentos,PIA,covered,PIA (tabela 5548) — divisao 28
2831-3/00,2831300,28.31-3,28.3,28,C,Fabricação de tratores agrícolas,28,Fabricação de máquinas e equipamentos,PIA,covered,PIA (tabela 5548) — divisao 28
2832-1/00,2832100,28.32-1,28.3,28,C,Fabricação de equipamentos para irrigação agrícola,28,Fabricação de máquinas e equipamentos,PIA,covered,PIA (tabela 5548) — divisao 28
2833-0/00,2833000,28.33-0,28.3,28,C,"Fabricação de máquinas e equipamentos para a agricultura e pecuária, exceto para irrigação",28,Fabricação de máquinas e equipamentos,PIA,covered,PIA (tabela 5548) — divisao 28
2840-2/00,2840200,28.40-2,28.4,28,C,Fabricação de máquinas-ferramenta,28,Fabricação de máquinas e equipamentos,PIA,covered,PIA (tabela 5548) — divisao 28
2851-8/00,2851800,28.51-8,28.5,28,C,Fabricação de máquinas e equipamentos para a prospecção e extração de petróleo,28,Fabricação de máquinas e equipamentos,PIA,covered,PIA (tabela 5548) — divisao 28
2852-6/00,2852600,28.52-6,28.5,28,C,"Fabricação de outras máquinas e equipamentos para uso na extração mineral, exceto na extração de petróleo",28,Fabricação de máquinas e equipamentos,PIA,covered,PIA (tabela 5548) — divisao 28
2853-4/00,2853400,28.53-4,28.5,28,C,"Fabricação de tratores, exceto agrícolas",28,Fabricação de máquinas e equipamentos,PIA,covered,PIA (tabela 5548) — divisao 28
2854-2/00,2854200,28.54-2,28.5,28,C,"Fabricação de máquinas e equipamentos para terraplenagem, pavimentação e construção, exceto tratores",28,Fabricação de máquinas e equipamentos,PIA,covered,PIA (tabela 5548) — divisao 28
2861-5/00,2861500,28.61-5,28.6,28,C,"Fabricação de máquinas para a indústria metalúrgica, exceto máquinas-ferramenta",28,Fabricação de máquinas e equipamentos,PIA,covered,PIA (tabela 5548) — divisao 28
2862-3/00,2862300,28.62-3,28.6,28,C,"Fabricação de máquinas e equipamentos para as indústrias de alimentos, bebidas e fumo",28,Fabricação de máquinas e equipamentos,PIA,covered,PIA (tabela 5548) — divisao 28
2863-1/00,2863100,28.63-1,28.6,28,C,Fabricação de máquinas e equipamentos para a indústria têxtil,28,Fabricação de máquinas e equipamentos,PIA,covered,PIA (tabela 5548) — divisao 28
2864-0/00,2864000,28.64-0,28.6,28,C,"Fabricação de máquinas e equipamentos para as indústrias do vestuário, do couro e de calçados",28,Fabricação de máquinas e equipamentos,PIA,covered,PIA (tabela 5548) — divisao 28
2865-8/00,2865800,28.65-8,28.6,28,C,"Fabricação de máquinas e equipamentos para as indústrias de celulose, papel e papelão e artefatos",28,Fabricação de máquinas e equipamentos,PIA,covered,PIA (tabela 5548) — divisao 28
2866-6/00,2866600,28.66-6,28.6,28,C,Fabricação de máquinas e equipamentos para a indústria do plástico,28,Fabricação de máquinas e equipamentos,PIA,covered,PIA (tabela 5548) — divisao 28
2869-1/00,2869100,28.69-1,28.6,28,C,Fabricação de máquinas e equipamentos para uso industrial específico não especificados anteriormente,28,Fabricação de máquinas e equipamentos,PIA,covered,PIA (tabela 5548) — divisao 28
2910-7/01,2910701,29.10-7,29.1,29,C,"Fabricação de automóveis, camionetas e utilitários",29,"Fabricação de veículos automotores, reboques e carrocerias",PIA,covered,PIA (tabela 5548) — divisao 29
2910-7/02,2910702,29.10-7,29.1,29,C,"Fabricação de automóveis, camionetas e utilitários",29,"Fabricação de veículos automotores, reboques e carrocerias",PIA,covered,PIA (tabela 5548) — divisao 29
2910-7/03,2910703,29.10-7,29.1,29,C,"Fabricação de automóveis, camionetas e utilitários",29,"Fabricação de veículos automotores, reboques e carrocerias",PIA,covered,PIA (tabela 5548) — divisao 29
2920-4/01,2920401,29.20-4,29.2,29,C,Fabricação de caminhões e ônibus,29,"Fabricação de veículos automotores, reboques e carrocerias",PIA,covered,PIA (tabela 5548) — divisao 29
2920-4/02,2920402,29.20-4,29.2,29,C,Fabricação de caminhões e ônibus,29,"Fabricação de veículos automotores, reboques e carrocerias",PIA,covered,PIA (tabela 5548) — divisao 29
2930-1/01,2930101,29.30-1,29.3,29,C,"Fabricação de cabines, carrocerias e reboques para veículos automotores",29,"Fabricação de veículos automotores, reboques e carrocerias",PIA,covered,PIA (tabela 5548) — divisao 29
2930-1/02,2930102,29.30-1,29.3,29,C,"Fabricação de cabines, carrocerias e reboques para veículos automotores",29,"Fabricação de veículos automotores, reboques e carrocerias",PIA,covered,PIA (tabela 5548) — divisao 29
2930-1/03,2930103,29.30-1,29.3,29,C,"Fabricação de cabines, carrocerias e reboques para veículos automotores",29,"Fabricação de veículos automotores, reboques e carrocerias",PIA,covered,PIA (tabela 5548) — divisao 29
2941-7/00,2941700,29.41-7,29.4,29,C,Fabricação de peças e acessórios para o sistema motor de veículos automotores,29,"Fabricação de veículos automotores, reboques e carrocerias",PIA,covered,PIA (tabela 5548) — divisao 29
2942-5/00,2942500,29.42-5,29.4,29,C,Fabricação de peças e acessórios para os sistemas de marcha e transmissão de veículos automotores,29,"Fabricação de veículos automotores, reboques e carrocerias",PIA,covered,PIA (tabela 5548) — divisao 29
2943-3/00,2943300,29.43-3,29.4,29,C,Fabricação de peças e acessórios para o sistema de freios de veículos automotores,29,"Fabricação de veículos automotores, reboques e carrocerias",PIA,covered,PIA (tabela 5548) — divisao 29
2944-1/00,2944100,29.44-1,29.4,29,C,Fabricação de peças e acessórios para o sistema de direção e suspensão de veículos automotores,29,"Fabricação de veículos automotores, reboques e carrocerias",PIA,covered,PIA (tabela 5548) — divisao 29
2945-0/00,2945000,29.45-0,29.4,29,C,"Fabricação de material elétrico e eletrônico para veículos automotores, exceto baterias",29,"Fabricação de veículos automotores, reboques e carrocerias",PIA,covered,PIA (tabela 5548) — divisao 29
2949-2/01,2949201,29.49-2,29.4,29,C,Fabricação de peças e acessórios para veículos automotores não especificados anteriormente,29,"Fabricação de veículos automotores, reboques e carrocerias",PIA,covered,PIA (tabela 5548) — divisao 29
2949-2/99,2949299,29.49-2,29.4,29,C,Fabricação de peças e acessórios para veículos automotores não especificados anteriormente,29,"Fabricação de veículos automotores, reboques e carrocerias",PIA,covered,PIA (tabela 5548) — divisao 29
2950-6/00,2950600,29.50-6,29.5,29,C,Recondicionamento e recuperação de motores para veículos automotores,29,"Fabricação de veículos automotores, reboques e carrocerias",PIA,covered,PIA (tabela 5548) — divisao 29
3011-3/01,3011301,30.11-3,30.1,30,C,Construção de embarcações e estruturas flutuantes,30,"Fabricação de outros equipamentos de transporte, exceto veículos automotores",PIA,covered,PIA (tabela 5548) — divisao 30
3011-3/02,3011302,30.11-3,30.1,30,C,Construção de embarcações e estruturas flutuantes,30,"Fabricação de outros equipamentos de transporte, exceto veículos automotores",PIA,covered,PIA (tabela 5548) — divisao 30
3012-1/00,3012100,30.12-1,30.1,30,C,Construção de embarcações para esporte e lazer,30,"Fabricação de outros equipamentos de transporte, exceto veículos automotores",PIA,covered,PIA (tabela 5548) — divisao 30
3031-8/00,3031800,30.31-8,30.3,30,C,"Fabricação de locomotivas, vagões e outros materiais rodantes",30,"Fabricação de outros equipamentos de transporte, exceto veículos automotores",PIA,covered,PIA (tabela 5548) — divisao 30
3032-6/00,3032600,30.32-6,30.3,30,C,Fabricação de peças e acessórios para veículos ferroviários,30,"Fabricação de outros equipamentos de transporte, exceto veículos automotores",PIA,covered,PIA (tabela 5548) — divisao 30
3041-5/00,3041500,30.41-5,30.4,30,C,Fabricação de aeronaves,30,"Fabricação de outros equipamentos de transporte, exceto veículos automotores",PIA,covered,PIA (tabela 5548) — divisao 30
3042-3/00,3042300,30.42-3,30.4,30,C,"Fabricação de turbinas, motores e outros componentes e peças para aeronaves",30,"Fabricação de outros equipamentos de transporte, exceto veículos automotores",PIA,covered,PIA (tabela 5548) — divisao 30
3050-4/00,3050400,30.50-4,30.5,30,C,Fabricação de veículos militares de combate,30,"Fabricação de outros equipamentos de transporte, exceto veículos automotores",PIA,covered,PIA (tabela 5548) — divisao 30
3091-1/00,3091100,30.91-1,30.9,30,C,Fabricação de motocicletas,30,"Fabricação de outros equipamentos de transporte, exceto veículos automotores",PIA,covered,PIA (tabela 5548) — divisao 30
3092-0/00,3092000,30.92-0,30.9,30,C,Fabricação de bicicletas e triciclos não-motorizados,30,"Fabricação de outros equipamentos de transporte, exceto veículos automotores",PIA,covered,PIA (tabela 5548) — divisao 30
3099-7/00,3099700,30.99-7,30.9,30,C,Fabricação de equipamentos de transporte não especificados anteriormente,30,"Fabricação de outros equipamentos de transporte, exceto veículos automotores",PIA,covered,PIA (tabela 5548) — divisao 30
3101-2/00,3101200,31.01-2,31.0,31,C,Fabricação de móveis com predominância de madeira,31,Fabricação de móveis,PIA,covered,PIA (tabela 5548) — divisao 31
3102-1/00,3102100,31.02-1,31.0,31,C,Fabricação de móveis com predominância de metal,31,Fabricação de móveis,PIA,covered,PIA (tabela 5548) — divisao 31
3103-9/00,3103900,31.03-9,31.0,31,C,"Fabricação de móveis de outros materiais, exceto madeira e metal",31,Fabricação de móveis,PIA,covered,PIA (tabela 5548) — divisao 31
3104-7/00,3104700,31.04-7,31.0,31,C,Fabricação de colchões,31,Fabricação de móveis,PIA,covered,PIA (tabela 5548) — divisao 31
3211-6/01,3211601,32.11-6,32.1,32,C,Lapidação de gemas e fabricação de artefatos de ourivesaria e joalheria,32,Fabricação de produtos diversos,PIA,covered,PIA (tabela 5548) — divisao 32
3211-6/02,3211602,32.11-6,32.1,32,C,Lapidação de gemas e fabricação de artefatos de ourivesaria e joalheria,32,Fabricação de produtos diversos,PIA,covered,PIA (tabela 5548) — divisao 32
3211-6/03,3211603,32.11-6,32.1,32,C,Lapidação de gemas e fabricação de artefatos de ourivesaria e joalheria,32,Fabricação de produtos diversos,PIA,covered,PIA (tabela 5548) — divisao 32
3212-4/00,3212400,32.12-4,32.1,32,C,Fabricação de bijuterias e artefatos semelhantes,32,Fabricação de produtos diversos,PIA,covered,PIA (tabela 5548) — divisao 32
3220-5/00,3220500,32.20-5,32.2,32,C,Fabricação de instrumentos musicais,32,Fabricação de produtos diversos,PIA,covered,PIA (tabela 5548) — divisao 32
3230-2/00,3230200,32.30-2,32.3,32,C,Fabricação de artefatos para pesca e esporte,32,Fabricação de produtos diversos,PIA,covered,PIA (tabela 5548) — divisao 32
3240-0/01,3240001,32.40-0,32.4,32,C,Fabricação de brinquedos e jogos recreativos,32,Fabricação de produtos diversos,PIA,covered,PIA (tabela 5548) — divisao 32
3240-0/02,3240002,32.40-0,32.4,32,C,Fabricação de brinquedos e jogos recreativos,32,Fabricação de produtos diversos,PIA,covered,PIA (tabela 5548) — divisao 32
3240-0/03,3240003,32.40-0,32.4,32,C,Fabricação de brinquedos e jogos recreativos,32,Fabricação de produtos diversos,PIA,covered,PIA (tabela 5548) — divisao 32
3240-0/99,3240099,32.40-0,32.4,32,C,Fabricação de brinquedos e jogos recreativos,32,Fabricação de produtos diversos,PIA,covered,PIA (tabela 5548) — divisao 32
3250-7/01,3250701,32.50-7,32.5,32,C,Fabricação de instrumentos e materiais para uso médico e odontológico e de artigos ópticos,32,Fabricação de produtos diversos,PIA,covered,PIA (tabela 5548) — divisao 32
3250-7/02,3250702,32.50-7,32.5,32,C,Fabricação de instrumentos e materiais para uso médico e odontológico e de artigos ópticos,32,Fabricação de produtos diversos,PIA,covered,PIA (tabela 5548) — divisao 32
3250-7/03,3250703,32.50-7,32.5,32,C,Fabricação de instrumentos e materiais para uso médico e odontológico e de artigos ópticos,32,Fabricação de produtos diversos,PIA,covered,PIA (tabela 5548) — divisao 32
3250-7/04,3250704,32.50-7,32.5,32,C,Fabricação de instrumentos e materiais para uso médico e odontológico e de artigos ópticos,32,Fabricação de produtos diversos,PIA,covered,PIA (tabela 5548) — divisao 32
3250-7/05,3250705,32.50-7,32.5,32,C,Fabricação de instrumentos e materiais para uso médico e odontológico e de artigos ópticos,32,Fabricação de produtos diversos,PIA,covered,PIA (tabela 5548) — divisao 32
3250-7/06,3250706,32.50-7,32.5,32,C,Fabricação de instrumentos e materiais para uso médico e odontológico e de artigos ópticos,32,Fabricação de produtos diversos,PIA,covered,PIA (tabela 5548) — divisao 32
3250-7/07,3250707,32.50-7,32.5,32,C,Fabricação de instrumentos e materiais para uso médico e odontológico e de artigos ópticos,32,Fabricação de produtos diversos,PIA,covered,PIA (tabela 5548) — divisao 32
3250-7/08,3250708,32.50-7,32.5,32,C,Fabricação de instrumentos e materiais para uso médico e odontológico e de artigos ópticos,32,Fabricação de produtos diversos,PIA,covered,PIA (tabela 5548) — divisao 32
3291-4/00,3291400,32.91-4,32.9,32,C,"Fabricação de escovas, pincéis e vassouras",32,Fabricação de produtos diversos,PIA,covered,PIA (tabela 5548) — divisao 32
3292-2/01,3292201,32.92-2,32.9,32,C,Fabricação de equipamentos e acessórios para segurança e proteção pessoal e profissional,32,Fabricação de produtos diversos,PIA,covered,PIA (tabela 5548) — divisao 32
3292-2/02,3292202,32.92-2,32.9,32,C,Fabricação de equipamentos e acessórios para segurança e proteção pessoal e profissional,32,Fabricação de produtos diversos,PIA,covered,PIA (tabela 5548) — divisao 32
3299-0/01,3299001,32.99-0,32.9,32,C,Fabricação de produtos diversos não especificados anteriormente,32,Fabricação de produtos diversos,PIA,covered,PIA (tabela 5548) — divisao 32
3299-0/02,3299002,32.99-0,32.9,32,C,Fabricação de produtos diversos não especificados anteriormente,32,Fabricação de produtos diversos,PIA,covered,PIA (tabela 5548) — divisao 32
3299-0/03,3299003,32.99-0,32.9,32,C,Fabricação de produtos diversos não especificados anteriormente,32,Fabricação de produtos diversos,PIA,covered,PIA (tabela 5548) — divisao 32
3299-0/04,3299004,32.99-0,32.9,32,C,Fabricação de produtos diversos não especificados anteriormente,32,Fabricação de produtos diversos,PIA,covered,PIA (tabela 5548) — divisao 32
3299-0/05,3299005,32.99-0,32.9,32,C,Fabricação de produtos diversos não especificados anteriormente,32,Fabricação de produtos diversos,PIA,covered,PIA (tabela 5548) — divisao 32
3299-0/99,3299099,32.99-0,32.9,32,C,Fabricação de produtos diversos não especificados anteriormente,32,Fabricação de produtos diversos,PIA,covered,PIA (tabela 5548) — divisao 32
3311-2/00,3311200,33.11-2,33.1,33,C,"Manutenção e reparação de tanques, reservatórios metálicos e caldeiras, exceto para veículos",33,"Manutenção, reparação e instalação de máquinas e equipamentos",PIA,covered,PIA (tabela 5548) — divisao 33
3312-1/02,3312102,33.12-1,33.1,33,C,Manutenção e reparação de equipamentos eletrônicos e ópticos,33,"Manutenção, reparação e instalação de máquinas e equipamentos",PIA,covered,PIA (tabela 5548) — divisao 33
3312-1/03,3312103,33.12-1,33.1,33,C,Manutenção e reparação de equipamentos eletrônicos e ópticos,33,"Manutenção, reparação e instalação de máquinas e equipamentos",PIA,covered,PIA (tabela 5548) — divisao 33
3312-1/04,3312104,33.12-1,33.1,33,C,Manutenção e reparação de equipamentos eletrônicos e ópticos,33,"Manutenção, reparação e instalação de máquinas e equipamentos",PIA,covered,PIA (tabela 5548) — divisao 33
3313-9/01,3313901,33.13-9,33.1,33,C,Manutenção e reparação de máquinas e equipamentos elétricos,33,"Manutenção, reparação e instalação de máquinas e equipamentos",PIA,covered,PIA (tabela 5548) — divisao 33
3313-9/02,3313902,33.13-9,33.1,33,C,Manutenção e reparação de máquinas e equipamentos elétricos,33,"Manutenção, reparação e instalação de máquinas e equipamentos",PIA,covered,PIA (tabela 5548) — divisao 33
3313-9/99,3313999,33.13-9,33.1,33,C,Manutenção e reparação de máquinas e equipamentos elétricos,33,"Manutenção, reparação e instalação de máquinas e equipamentos",PIA,covered,PIA (tabela 5548) — divisao 33
3314-7/01,3314701,33.14-7,33.1,33,C,Manutenção e reparação de máquinas e equipamentos da indústria mecânica,33,"Manutenção, reparação e instalação de máquinas e equipamentos",PIA,covered,PIA (tabela 5548) — divisao 33
3314-7/02,3314702,33.14-7,33.1,33,C,Manutenção e reparação de máquinas e equipamentos da indústria mecânica,33,"Manutenção, reparação e instalação de máquinas e equipamentos",PIA,covered,PIA (tabela 5548) — divisao 33
3314-7/03,3314703,33.14-7,33.1,33,C,Manutenção e reparação de máquinas e equipamentos da indústria mecânica,33,"Manutenção, reparação e instalação de máquinas e equipamentos",PIA,covered,PIA (tabela 5548) — divisao 33
3314-7/04,3314704,33.14-7,33.1,33,C,Manutenção e reparação de máquinas e equipamentos da indústria mecânica,33,"Manutenção, reparação e instalação de máquinas e equipamentos",PIA,covered,PIA (tabela 5548) — divisao 33
3314-7/05,3314705,33.14-7,33.1,33,C,Manutenção e reparação de máquinas e equipamentos da indústria mecânica,33,"Manutenção, reparação e instalação de máquinas e equipamentos",PIA,covered,PIA (tabela 5548) — divisao 33
3314-7/06,3314706,33.14-7,33.1,33,C,Manutenção e reparação de máquinas e equipamentos da indústria mecânica,33,"Manutenção, reparação e instalação de máquinas e equipamentos",PIA,covered,PIA (tabela 5548) — divisao 33
3314-7/07,3314707,33.14-7,33.1,33,C,Manutenção e reparação de máquinas e equipamentos da indústria mecânica,33,"Manutenção, reparação e instalação de máquinas e equipamentos",PIA,covered,PIA (tabela 5548) — divisao 33
3314-7/08,3314708,33.14-7,33.1,33,C,Manutenção e reparação de máquinas e equipamentos da indústria mecânica,33,"Manutenção, reparação e instalação de máquinas e equipamentos",PIA,covered,PIA (tabela 5548) — divisao 33
3314-7/09,3314709,33.14-7,33.1,33,C,Manutenção e reparação de máquinas e equipamentos da indústria mecânica,33,"Manutenção, reparação e instalação de máquinas e equipamentos",PIA,covered,PIA (tabela 5548) — divisao 33
3314-7/10,3314710,33.14-7,33.1,33,C,Manutenção e reparação de máquinas e equipamentos da indústria mecânica,33,"Manutenção, reparação e instalação de máquinas e equipamentos",PIA,covered,PIA (tabela 5548) — divisao 33
3314-7/11,3314711,33.14-7,33.1,33,C,Manutenção e reparação de máquinas e equipamentos da indústria mecânica,33,"Manutenção, reparação e instalação de máquinas e equipamentos",PIA,covered,PIA (tabela 5548) — divisao 33
3314-7/12,3314712,33.14-7,33.1,33,C,Manutenção e reparação de máquinas e equipamentos da indústria mecânica,33,"Manutenção, reparação e instalação de máquinas e equipamentos",PIA,covered,PIA (tabela 5548) — divisao 33
3314-7/13,3314713,33.14-7,33.1,33,C,Manutenção e reparação de máquinas e equipamentos da indústria mecânica,33,"Manutenção, reparação e instalação de máquinas e equipamentos",PIA,covered,PIA (tabela 5548) — divisao 33
3314-7/14,3314714,33.14-7,33.1,33,C,Manutenção e reparação de máquinas e equipamentos da indústria mecânica,33,"Manutenção, reparação e instalação de máquinas e equipamentos",PIA,covered,PIA (tabela 5548) — divisao 33
3314-7/15,3314715,33.14-7,33.1,33,C,Manutenção e reparação de máquinas e equipamentos da indústria mecânica,33,"Manutenção, reparação e instalação de máquinas e equipamentos",PIA,covered,PIA (tabela 5548) — divisao 33
3314-7/16,3314716,33.14-7,33.1,33,C,Manutenção e reparação de máquinas e equipamentos da indústria mecânica,33,"Manutenção, reparação e instalação de máquinas e equipamentos",PIA,covered,PIA (tabela 5548) — divisao 33
3314-7/17,3314717,33.14-7,33.1,33,C,Manutenção e reparação de máquinas e equipamentos da indústria mecânica,33,"Manutenção, reparação e instalação de máquinas e equipamentos",PIA,covered,PIA (tabela 5548) — divisao 33
3314-7/18,3314718,33.14-7,33.1,33,C,Manutenção e reparação de máquinas e equipamentos da indústria mecânica,33,"Manutenção, reparação e instalação de máquinas e equipamentos",PIA,covered,PIA (tabela 5548) — divisao 33
3314-7/19,3314719,33.14-7,33.1,33,C,Manutenção e reparação de máquinas e equipamentos da indústria mecânica,33,"Manutenção, reparação e instalação de máquinas e equipamentos",PIA,covered,PIA (tabela 5548) — divisao 33
3314-7/20,3314720,33.14-7,33.1,33,C,Manutenção e reparação de máquinas e equipamentos da indústria mecânica,33,"Manutenção, reparação e instalação de máquinas e equipamentos",PIA,covered,PIA (tabela 5548) — divisao 33
3314-7/21,3314721,33.14-7,33.1,33,C,Manutenção e reparação de máquinas e equipamentos da indústria mecânica,33,"Manutenção, reparação e instalação de máquinas e equipamentos",PIA,covered,PIA (tabela 5548) — divisao 33
3314-7/22,3314722,33.14-7,33.1,33,C,Manutenção e reparação de máquinas e equipamentos da indústria mecânica,33,"Manutenção, reparação e instalação de máquinas e equipamentos",PIA,covered,PIA (tabela 5548) — divisao 33
3314-7/99,3314799,33.14-7,33.1,33,C,Manutenção e reparação de máquinas e equipamentos da indústria mecânica,33,"Manutenção, reparação e instalação de máquinas e equipamentos",PIA,covered,PIA (tabela 5548) — divisao 33
3315-5/00,3315500,33.15-5,33.1,33,C,Manutenção e reparação de veículos ferroviários,33,"Manutenção, reparação e instalação de máquinas e equipamentos",PIA,covered,PIA (tabela 5548) — divisao 33
3316-3/01,3316301,33.16-3,33.1,33,C,Manutenção e reparação de aeronaves,33,"Manutenção, reparação e instalação de máquinas e equipamentos",PIA,covered,PIA (tabela 5548) — divisao 33
3316-3/02,3316302,33.16-3,33.1,33,C,Manutenção e reparação de aeronaves,33,"Manutenção, reparação e instalação de máquinas e equipamentos",PIA,covered,PIA (tabela 5548) — divisao 33
3317-1/01,3317101,33.17-1,33.1,33,C,Manutenção e reparação de embarcações,33,"Manutenção, reparação e instalação de máquinas e equipamentos",PIA,covered,PIA (tabela 5548) — divisao 33
3317-1/02,3317102,33.17-1,33.1,33,C,Manutenção e reparação de embarcações,33,"Manutenção, reparação e instalação de máquinas e equipamentos",PIA,covered,PIA (tabela 5548) — divisao 33
3319-8/00,3319800,33.19-8,33.1,33,C,Manutenção e reparação de equipamentos e produtos não especificados anteriormente,33,"Manutenção, reparação e instalação de máquinas e equipamentos",PIA,covered,PIA (tabela 5548) — divisao 33
3321-0/00,3321000,33.21-0,33.2,33,C,Instalação de máquinas e equipamentos industriais,33,"Manutenção, reparação e instalação de máquinas e equipamentos",PIA,covered,PIA (tabela 5548) — divisao 33
3329-5/01,3329501,33.29-5,33.2,33,C,Instalação de equipamentos não especificados anteriormente,33,"Manutenção, reparação e instalação de máquinas e equipamentos",PIA,covered,PIA (tabela 5548) — divisao 33
3329-5/99,3329599,33.29-5,33.2,33,C,Instalação de equipamentos não especificados anteriormente,33,"Manutenção, reparação e instalação de máquinas e equipamentos",PIA,covered,PIA (tabela 5548) — divisao 33
3511-5/00,3511500,35.11-5,35.1,35,D,Geração de energia elétrica,,,,not_covered,Secao D nao coberta por PIA/PAC/PAS
3512-3/00,3512300,35.12-3,35.1,35,D,Transmissão de energia elétrica,,,,not_covered,Secao D nao coberta por PIA/PAC/PAS
3513-1/00,3513100,35.13-1,35.1,35,D,Comércio atacadista de energia elétrica,,,,not_covered,Secao D nao coberta por PIA/PAC/PAS
3514-0/00,3514000,35.14-0,35.1,35,D,Distribuição de energia elétrica,,,,not_covered,Secao D nao coberta por PIA/PAC/PAS
3520-4/01,3520401,35.20-4,35.2,35,D,Produção de gás; processamento de gás natural; distribuição de combustíveis gasosos por redes urbanas,,,,not_covered,Secao D nao coberta por PIA/PAC/PAS
3520-4/02,3520402,35.20-4,35.2,35,D,Produção de gás; processamento de gás natural; distribuição de combustíveis gasosos por redes urbanas,,,,not_covered,Secao D nao coberta por PIA/PAC/PAS
3530-1/00,3530100,35.30-1,35.3,35,D,"Produção e distribuição de vapor, água quente e ar condicionado",,,,not_covered,Secao D nao coberta por PIA/PAC/PAS
3600-6/01,3600601,36.00-6,36.0,36,E,"Captação, tratamento e distribuição de água",,,,not_covered,Secao E (agua/residuos) — apenas div 38 tem PAS_8.3
3600-6/02,3600602,36.00-6,36.0,36,E,"Captação, tratamento e distribuição de água",,,,not_covered,Secao E (agua/residuos) — apenas div 38 tem PAS_8.3
3701-1/00,3701100,37.01-1,37.0,37,E,Gestão de redes de esgoto,,,,not_covered,Secao E (agua/residuos) — apenas div 38 tem PAS_8.3
3702-9/00,3702900,37.02-9,37.0,37,E,"Atividades relacionadas a esgoto, exceto a gestão de redes",,,,not_covered,Secao E (agua/residuos) — apenas div 38 tem PAS_8.3
3811-4/00,3811400,38.11-4,38.1,38,E,Coleta de resíduos não-perigosos,PAS_8.3,"8.3 Esgoto, coleta, tratamento e disposição de resíduos e recuperação de materiais",PAS,covered,PAS_8.3 — Residuos e esgoto (secao E)
3812-2/00,3812200,38.12-2,38.1,38,E,Coleta de resíduos perigosos,PAS_8.3,"8.3 Esgoto, coleta, tratamento e disposição de resíduos e recuperação de materiais",PAS,covered,PAS_8.3 — Residuos e esgoto (secao E)
3821-1/00,3821100,38.21-1,38.2,38,E,Tratamento e disposição de resíduos não-perigosos,PAS_8.3,"8.3 Esgoto, coleta, tratamento e disposição de resíduos e recuperação de materiais",PAS,covered,PAS_8.3 — Residuos e esgoto (secao E)
3822-0/00,3822000,38.22-0,38.2,38,E,Tratamento e disposição de resíduos perigosos,PAS_8.3,"8.3 Esgoto, coleta, tratamento e disposição de resíduos e recuperação de materiais",PAS,covered,PAS_8.3 — Residuos e esgoto (secao E)
3831-9/01,3831901,38.31-9,38.3,38,E,Recuperação de materiais metálicos,PAS_8.3,"8.3 Esgoto, coleta, tratamento e disposição de resíduos e recuperação de materiais",PAS,covered,PAS_8.3 — Residuos e esgoto (secao E)
3831-9/99,3831999,38.31-9,38.3,38,E,Recuperação de materiais metálicos,PAS_8.3,"8.3 Esgoto, coleta, tratamento e disposição de resíduos e recuperação de materiais",PAS,covered,PAS_8.3 — Residuos e esgoto (secao E)
3832-7/00,3832700,38.32-7,38.3,38,E,Recuperação de materiais plásticos,PAS_8.3,"8.3 Esgoto, coleta, tratamento e disposição de resíduos e recuperação de materiais",PAS,covered,PAS_8.3 — Residuos e esgoto (secao E)
3839-4/01,3839401,38.39-4,38.3,38,E,Recuperação de materiais não especificados anteriormente,PAS_8.3,"8.3 Esgoto, coleta, tratamento e disposição de resíduos e recuperação de materiais",PAS,covered,PAS_8.3 — Residuos e esgoto (secao E)
3839-4/99,3839499,38.39-4,38.3,38,E,Recuperação de materiais não especificados anteriormente,PAS_8.3,"8.3 Esgoto, coleta, tratamento e disposição de resíduos e recuperação de materiais",PAS,covered,PAS_8.3 — Residuos e esgoto (secao E)
3900-5/00,3900500,39.00-5,39.0,39,E,Descontaminação e outros serviços de gestão de resíduos,,,,not_covered,Secao E (agua/residuos) — apenas div 38 tem PAS_8.3
4110-7/00,4110700,41.10-7,41.1,41,F,Incorporação de empreendimentos imobiliários,,,,not_covered,Secao F nao coberta por PIA/PAC/PAS
4120-4/00,4120400,41.20-4,41.2,41,F,Construção de edifícios,,,,not_covered,Secao F nao coberta por PIA/PAC/PAS
4211-1/01,4211101,42.11-1,42.1,42,F,Construção de rodovias e ferrovias,,,,not_covered,Secao F nao coberta por PIA/PAC/PAS
4211-1/02,4211102,42.11-1,42.1,42,F,Construção de rodovias e ferrovias,,,,not_covered,Secao F nao coberta por PIA/PAC/PAS
4212-0/00,4212000,42.12-0,42.1,42,F,Construção de obras-de-arte especiais,,,,not_covered,Secao F nao coberta por PIA/PAC/PAS
4213-8/00,4213800,42.13-8,42.1,42,F,"Obras de urbanização - ruas, praças e calçadas",,,,not_covered,Secao F nao coberta por PIA/PAC/PAS
4221-9/01,4221901,42.21-9,42.2,42,F,Obras para geração e distribuição de energia elétrica e para telecomunicações,,,,not_covered,Secao F nao coberta por PIA/PAC/PAS
4221-9/02,4221902,42.21-9,42.2,42,F,Obras para geração e distribuição de energia elétrica e para telecomunicações,,,,not_covered,Secao F nao coberta por PIA/PAC/PAS
4221-9/03,4221903,42.21-9,42.2,42,F,Obras para geração e distribuição de energia elétrica e para telecomunicações,,,,not_covered,Secao F nao coberta por PIA/PAC/PAS
4221-9/04,4221904,42.21-9,42.2,42,F,Obras para geração e distribuição de energia elétrica e para telecomunicações,,,,not_covered,Secao F nao coberta por PIA/PAC/PAS
4221-9/05,4221905,42.21-9,42.2,42,F,Obras para geração e distribuição de energia elétrica e para telecomunicações,,,,not_covered,Secao F nao coberta por PIA/PAC/PAS
4222-7/01,4222701,42.22-7,42.2,42,F,"Construção de redes de abastecimento de água, coleta de esgoto e construções correlatas",,,,not_covered,Secao F nao coberta por PIA/PAC/PAS
4222-7/02,4222702,42.22-7,42.2,42,F,"Construção de redes de abastecimento de água, coleta de esgoto e construções correlatas",,,,not_covered,Secao F nao coberta por PIA/PAC/PAS
4223-5/00,4223500,42.23-5,42.2,42,F,"Construção de redes de transportes por dutos, exceto para água e esgoto",,,,not_covered,Secao F nao coberta por PIA/PAC/PAS
4291-0/00,4291000,42.91-0,42.9,42,F,"Obras portuárias, marítimas e fluviais",,,,not_covered,Secao F nao coberta por PIA/PAC/PAS
4292-8/01,4292801,42.92-8,42.9,42,F,Montagem de instalações industriais e de estruturas metálicas,,,,not_covered,Secao F nao coberta por PIA/PAC/PAS
4292-8/02,4292802,42.92-8,42.9,42,F,Montagem de instalações industriais e de estruturas metálicas,,,,not_covered,Secao F nao coberta por PIA/PAC/PAS
4299-5/01,4299501,42.99-5,42.9,42,F,Obras de engenharia civil não especificadas anteriormente,,,,not_covered,Secao F nao coberta por PIA/PAC/PAS
4299-5/99,4299599,42.99-5,42.9,42,F,Obras de engenharia civil não especificadas anteriormente,,,,not_covered,Secao F nao coberta por PIA/PAC/PAS
4311-8/01,4311801,43.11-8,43.1,43,F,Demolição e preparação de canteiros de obras,,,,not_covered,Secao F nao coberta por PIA/PAC/PAS
4311-8/02,4311802,43.11-8,43.1,43,F,Demolição e preparação de canteiros de obras,,,,not_covered,Secao F nao coberta por PIA/PAC/PAS
4312-6/00,4312600,43.12-6,43.1,43,F,Perfurações e sondagens,,,,not_covered,Secao F nao coberta por PIA/PAC/PAS
4313-4/00,4313400,43.13-4,43.1,43,F,Obras de terraplenagem,,,,not_covered,Secao F nao coberta por PIA/PAC/PAS
4319-3/00,4319300,43.19-3,43.1,43,F,Serviços de preparação do terreno não especificados anteriormente,,,,not_covered,Secao F nao coberta por PIA/PAC/PAS
4321-5/00,4321500,43.21-5,43.2,43,F,Instalações elétricas,,,,not_covered,Secao F nao coberta por PIA/PAC/PAS
4322-3/01,4322301,43.22-3,43.2,43,F,"Instalações hidráulicas, de sistemas de ventilação e refrigeração",,,,not_covered,Secao F nao coberta por PIA/PAC/PAS
4322-3/02,4322302,43.22-3,43.2,43,F,"Instalações hidráulicas, de sistemas de ventilação e refrigeração",,,,not_covered,Secao F nao coberta por PIA/PAC/PAS
4322-3/03,4322303,43.22-3,43.2,43,F,"Instalações hidráulicas, de sistemas de ventilação e refrigeração",,,,not_covered,Secao F nao coberta por PIA/PAC/PAS
4329-1/01,4329101,43.29-1,43.2,43,F,Obras de instalações em construções não especificadas anteriormente,,,,not_covered,Secao F nao coberta por PIA/PAC/PAS
4329-1/02,4329102,43.29-1,43.2,43,F,Obras de instalações em construções não especificadas anteriormente,,,,not_covered,Secao F nao coberta por PIA/PAC/PAS
4329-1/03,4329103,43.29-1,43.2,43,F,Obras de instalações em construções não especificadas anteriormente,,,,not_covered,Secao F nao coberta por PIA/PAC/PAS
4329-1/04,4329104,43.29-1,43.2,43,F,Obras de instalações em construções não especificadas anteriormente,,,,not_covered,Secao F nao coberta por PIA/PAC/PAS
4329-1/05,4329105,43.29-1,43.2,43,F,Obras de instalações em construções não especificadas anteriormente,,,,not_covered,Secao F nao coberta por PIA/PAC/PAS
4329-1/99,4329199,43.29-1,43.2,43,F,Obras de instalações em construções não especificadas anteriormente,,,,not_covered,Secao F nao coberta por PIA/PAC/PAS
4330-4/01,4330401,43.30-4,43.3,43,F,Obras de acabamento,,,,not_covered,Secao F nao coberta por PIA/PAC/PAS
4330-4/02,4330402,43.30-4,43.3,43,F,Obras de acabamento,,,,not_covered,Secao F nao coberta por PIA/PAC/PAS
4330-4/03,4330403,43.30-4,43.3,43,F,Obras de acabamento,,,,not_covered,Secao F nao coberta por PIA/PAC/PAS
4330-4/04,4330404,43.30-4,43.3,43,F,Obras de acabamento,,,,not_covered,Secao F nao coberta por PIA/PAC/PAS
4330-4/05,4330405,43.30-4,43.3,43,F,Obras de acabamento,,,,not_covered,Secao F nao coberta por PIA/PAC/PAS
4330-4/99,4330499,43.30-4,43.3,43,F,Obras de acabamento,,,,not_covered,Secao F nao coberta por PIA/PAC/PAS
4391-6/00,4391600,43.91-6,43.9,43,F,Obras de fundações,,,,not_covered,Secao F nao coberta por PIA/PAC/PAS
4399-1/01,4399101,43.99-1,43.9,43,F,Serviços especializados para construção não especificados anteriormente,,,,not_covered,Secao F nao coberta por PIA/PAC/PAS
4399-1/02,4399102,43.99-1,43.9,43,F,Serviços especializados para construção não especificados anteriormente,,,,not_covered,Secao F nao coberta por PIA/PAC/PAS
4399-1/03,4399103,43.99-1,43.9,43,F,Serviços especializados para construção não especificados anteriormente,,,,not_covered,Secao F nao coberta por PIA/PAC/PAS
4399-1/04,4399104,43.99-1,43.9,43,F,Serviços especializados para construção não especificados anteriormente,,,,not_covered,Secao F nao coberta por PIA/PAC/PAS
4399-1/05,4399105,43.99-1,43.9,43,F,Serviços especializados para construção não especificados anteriormente,,,,not_covered,Secao F nao coberta por PIA/PAC/PAS
4399-1/99,4399199,43.99-1,43.9,43,F,Serviços especializados para construção não especificados anteriormente,,,,not_covered,Secao F nao coberta por PIA/PAC/PAS
4511-1/01,4511101,45.11-1,45.1,45,G,Comércio a varejo e por atacado de veículos automotores,PAC_2.1,2.1 Veículos automotores,PAC,covered,Comercio de veiculos automotores (grupo 45.1)
4511-1/02,4511102,45.11-1,45.1,45,G,Comércio a varejo e por atacado de veículos automotores,PAC_2.1,2.1 Veículos automotores,PAC,covered,Comercio de veiculos automotores (grupo 45.1)
4511-1/03,4511103,45.11-1,45.1,45,G,Comércio a varejo e por atacado de veículos automotores,PAC_2.1,2.1 Veículos automotores,PAC,covered,Comercio de veiculos automotores (grupo 45.1)
4511-1/04,4511104,45.11-1,45.1,45,G,Comércio a varejo e por atacado de veículos automotores,PAC_2.1,2.1 Veículos automotores,PAC,covered,Comercio de veiculos automotores (grupo 45.1)
4511-1/05,4511105,45.11-1,45.1,45,G,Comércio a varejo e por atacado de veículos automotores,PAC_2.1,2.1 Veículos automotores,PAC,covered,Comercio de veiculos automotores (grupo 45.1)
4511-1/06,4511106,45.11-1,45.1,45,G,Comércio a varejo e por atacado de veículos automotores,PAC_2.1,2.1 Veículos automotores,PAC,covered,Comercio de veiculos automotores (grupo 45.1)
4512-9/01,4512901,45.12-9,45.1,45,G,Representantes comerciais e agentes do comércio de veículos automotores,PAC_2.1,2.1 Veículos automotores,PAC,covered,Comercio de veiculos automotores (grupo 45.1)
4512-9/02,4512902,45.12-9,45.1,45,G,Representantes comerciais e agentes do comércio de veículos automotores,PAC_2.1,2.1 Veículos automotores,PAC,covered,Comercio de veiculos automotores (grupo 45.1)
4520-0/01,4520001,45.20-0,45.2,45,G,Manutenção e reparação de veículos automotores,PAS_7.1,7.1 Manutenção e reparação de veículos,PAS,covered,Manutencao e reparacao de veiculos (grupo 45.2)
4520-0/02,4520002,45.20-0,45.2,45,G,Manutenção e reparação de veículos automotores,PAS_7.1,7.1 Manutenção e reparação de veículos,PAS,covered,Manutencao e reparacao de veiculos (grupo 45.2)
4520-0/03,4520003,45.20-0,45.2,45,G,Manutenção e reparação de veículos automotores,PAS_7.1,7.1 Manutenção e reparação de veículos,PAS,covered,Manutencao e reparacao de veiculos (grupo 45.2)
4520-0/04,4520004,45.20-0,45.2,45,G,Manutenção e reparação de veículos automotores,PAS_7.1,7.1 Manutenção e reparação de veículos,PAS,covered,Manutencao e reparacao de veiculos (grupo 45.2)
4520-0/05,4520005,45.20-0,45.2,45,G,Manutenção e reparação de veículos automotores,PAS_7.1,7.1 Manutenção e reparação de veículos,PAS,covered,Manutencao e reparacao de veiculos (grupo 45.2)
4520-0/06,4520006,45.20-0,45.2,45,G,Manutenção e reparação de veículos automotores,PAS_7.1,7.1 Manutenção e reparação de veículos,PAS,covered,Manutencao e reparacao de veiculos (grupo 45.2)
4520-0/07,4520007,45.20-0,45.2,45,G,Manutenção e reparação de veículos automotores,PAS_7.1,7.1 Manutenção e reparação de veículos,PAS,covered,Manutencao e reparacao de veiculos (grupo 45.2)
4530-7/01,4530701,45.30-7,45.3,45,G,Comércio de peças e acessórios para veículos automotores,PAC_2.2,2.2 Peças para veículos,PAC,covered,Comercio de pecas e acessorios (grupo 45.3)
4530-7/02,4530702,45.30-7,45.3,45,G,Comércio de peças e acessórios para veículos automotores,PAC_2.2,2.2 Peças para veículos,PAC,covered,Comercio de pecas e acessorios (grupo 45.3)
4530-7/03,4530703,45.30-7,45.3,45,G,Comércio de peças e acessórios para veículos automotores,PAC_2.2,2.2 Peças para veículos,PAC,covered,Comercio de pecas e acessorios (grupo 45.3)
4530-7/04,4530704,45.30-7,45.3,45,G,Comércio de peças e acessórios para veículos automotores,PAC_2.2,2.2 Peças para veículos,PAC,covered,Comercio de pecas e acessorios (grupo 45.3)
4530-7/05,4530705,45.30-7,45.3,45,G,Comércio de peças e acessórios para veículos automotores,PAC_2.2,2.2 Peças para veículos,PAC,covered,Comercio de pecas e acessorios (grupo 45.3)
4530-7/06,4530706,45.30-7,45.3,45,G,Comércio de peças e acessórios para veículos automotores,PAC_2.2,2.2 Peças para veículos,PAC,covered,Comercio de pecas e acessorios (grupo 45.3)
4541-2/01,4541201,45.41-2,45.4,45,G,"Comércio por atacado e a varejo de motocicletas, peças e acessórios",PAC_2.3,"2.3 Motocicletas, peças e acessórios",PAC,covered,"Motocicletas, pecas e acessorios (grupo 45.4)"
4541-2/02,4541202,45.41-2,45.4,45,G,"Comércio por atacado e a varejo de motocicletas, peças e acessórios",PAC_2.3,"2.3 Motocicletas, peças e acessórios",PAC,covered,"Motocicletas, pecas e acessorios (grupo 45.4)"
4541-2/03,4541203,45.41-2,45.4,45,G,"Comércio por atacado e a varejo de motocicletas, peças e acessórios",PAC_2.3,"2.3 Motocicletas, peças e acessórios",PAC,covered,"Motocicletas, pecas e acessorios (grupo 45.4)"
4541-2/04,4541204,45.41-2,45.4,45,G,"Comércio por atacado e a varejo de motocicletas, peças e acessórios",PAC_2.3,"2.3 Motocicletas, peças e acessórios",PAC,covered,"Motocicletas, pecas e acessorios (grupo 45.4)"
4541-2/05,4541205,45.41-2,45.4,45,G,"Comércio por atacado e a varejo de motocicletas, peças e acessórios",PAC_2.3,"2.3 Motocicletas, peças e acessórios",PAC,covered,"Motocicletas, pecas e acessorios (grupo 45.4)"
4542-1/01,4542101,45.42-1,45.4,45,G,"Representantes comerciais e agentes do comércio de motocicletas, peças e acessórios",PAC_2.3,"2.3 Motocicletas, peças e acessórios",PAC,covered,"Motocicletas, pecas e acessorios (grupo 45.4)"
4542-1/02,4542102,45.42-1,45.4,45,G,"Representantes comerciais e agentes do comércio de motocicletas, peças e acessórios",PAC_2.3,"2.3 Motocicletas, peças e acessórios",PAC,covered,"Motocicletas, pecas e acessorios (grupo 45.4)"
4543-9/00,4543900,45.43-9,45.4,45,G,Manutenção e reparação de motocicletas,PAC_2.3,"2.3 Motocicletas, peças e acessórios",PAC,covered,"Motocicletas, pecas e acessorios (grupo 45.4)"
4611-7/00,4611700,46.11-7,46.1,46,G,Representantes comerciais e agentes do comércio de matérias-primas agrícolas e animais vivos,PAC_3.1,3.1 Representantes e agentes do comércio (exceto de veículos e motocicletas),PAC,covered,PAC — classe 46.11-7
4612-5/00,4612500,46.12-5,46.1,46,G,"Representantes comerciais e agentes do comércio de combustíveis, minerais, produtos siderúrgicos e químicos",PAC_3.1,3.1 Representantes e agentes do comércio (exceto de veículos e motocicletas),PAC,covered,PAC — classe 46.12-5
4613-3/00,4613300,46.13-3,46.1,46,G,"Representantes comerciais e agentes do comércio de madeira, material de construção e ferragens",PAC_3.1,3.1 Representantes e agentes do comércio (exceto de veículos e motocicletas),PAC,covered,PAC — classe 46.13-3
4614-1/00,4614100,46.14-1,46.1,46,G,"Representantes comerciais e agentes do comércio de máquinas, equipamentos, embarcações e aeronaves",PAC_3.1,3.1 Representantes e agentes do comércio (exceto de veículos e motocicletas),PAC,covered,PAC — classe 46.14-1
4615-0/00,4615000,46.15-0,46.1,46,G,"Representantes comerciais e agentes do comércio de eletrodomésticos, móveis e artigos de uso doméstico",PAC_3.1,3.1 Representantes e agentes do comércio (exceto de veículos e motocicletas),PAC,covered,PAC — classe 46.15-0
4616-8/00,4616800,46.16-8,46.1,46,G,"Representantes comerciais e agentes do comércio de têxteis, vestuário, calçados e artigos de viagem",PAC_3.1,3.1 Representantes e agentes do comércio (exceto de veículos e motocicletas),PAC,covered,PAC — classe 46.16-8
4617-6/00,4617600,46.17-6,46.1,46,G,"Representantes comerciais e agentes do comércio de produtos alimentícios, bebidas e fumo",PAC_3.1,3.1 Representantes e agentes do comércio (exceto de veículos e motocicletas),PAC,covered,PAC — classe 46.17-6
4618-4/01,4618401,46.18-4,46.1,46,G,Representantes comerciais e agentes do comércio especializado em produtos não especificados anteriormente,PAC_3.1,3.1 Representantes e agentes do comércio (exceto de veículos e motocicletas),PAC,covered,PAC — classe 46.18-4
4618-4/02,4618402,46.18-4,46.1,46,G,Representantes comerciais e agentes do comércio especializado em produtos não especificados anteriormente,PAC_3.1,3.1 Representantes e agentes do comércio (exceto de veículos e motocicletas),PAC,covered,PAC — classe 46.18-4
4618-4/03,4618403,46.18-4,46.1,46,G,Representantes comerciais e agentes do comércio especializado em produtos não especificados anteriormente,PAC_3.1,3.1 Representantes e agentes do comércio (exceto de veículos e motocicletas),PAC,covered,PAC — classe 46.18-4
4618-4/99,4618499,46.18-4,46.1,46,G,Representantes comerciais e agentes do comércio especializado em produtos não especificados anteriormente,PAC_3.1,3.1 Representantes e agentes do comércio (exceto de veículos e motocicletas),PAC,covered,PAC — classe 46.18-4
4619-2/00,4619200,46.19-2,46.1,46,G,Representantes comerciais e agentes do comércio de mercadorias em geral não especializado,PAC_3.1,3.1 Representantes e agentes do comércio (exceto de veículos e motocicletas),PAC,covered,PAC — classe 46.19-2
4621-4/00,4621400,46.21-4,46.2,46,G,Comércio atacadista de café em grão,PAC_3.2,3.2 Comércio de matérias-primas agrícolas e animais vivos,PAC,covered,PAC — classe 46.21-4
4622-2/00,4622200,46.22-2,46.2,46,G,Comércio atacadista de soja,PAC_3.2,3.2 Comércio de matérias-primas agrícolas e animais vivos,PAC,covered,PAC — classe 46.22-2
4623-1/01,4623101,46.23-1,46.2,46,G,"Comércio atacadista de animais vivos, alimentos para animais e matérias-primas agrícolas, exceto café e soja",PAC_3.2,3.2 Comércio de matérias-primas agrícolas e animais vivos,PAC,covered,PAC — classe 46.23-1
4623-1/02,4623102,46.23-1,46.2,46,G,"Comércio atacadista de animais vivos, alimentos para animais e matérias-primas agrícolas, exceto café e soja",PAC_3.2,3.2 Comércio de matérias-primas agrícolas e animais vivos,PAC,covered,PAC — classe 46.23-1
4623-1/03,4623103,46.23-1,46.2,46,G,"Comércio atacadista de animais vivos, alimentos para animais e matérias-primas agrícolas, exceto café e soja",PAC_3.2,3.2 Comércio de matérias-primas agrícolas e animais vivos,PAC,covered,PAC — classe 46.23-1
4623-1/04,4623104,46.23-1,46.2,46,G,"Comércio atacadista de animais vivos, alimentos para animais e matérias-primas agrícolas, exceto café e soja",PAC_3.2,3.2 Comércio de matérias-primas agrícolas e animais vivos,PAC,covered,PAC — classe 46.23-1
4623-1/05,4623105,46.23-1,46.2,46,G,"Comércio atacadista de animais vivos, alimentos para animais e matérias-primas agrícolas, exceto café e soja",PAC_3.2,3.2 Comércio de matérias-primas agrícolas e animais vivos,PAC,covered,PAC — classe 46.23-1
4623-1/06,4623106,46.23-1,46.2,46,G,"Comércio atacadista de animais vivos, alimentos para animais e matérias-primas agrícolas, exceto café e soja",PAC_3.2,3.2 Comércio de matérias-primas agrícolas e animais vivos,PAC,covered,PAC — classe 46.23-1
4623-1/07,4623107,46.23-1,46.2,46,G,"Comércio atacadista de animais vivos, alimentos para animais e matérias-primas agrícolas, exceto café e soja",PAC_3.2,3.2 Comércio de matérias-primas agrícolas e animais vivos,PAC,covered,PAC — classe 46.23-1
4623-1/08,4623108,46.23-1,46.2,46,G,"Comércio atacadista de animais vivos, alimentos para animais e matérias-primas agrícolas, exceto café e soja",PAC_3.2,3.2 Comércio de matérias-primas agrícolas e animais vivos,PAC,covered,PAC — classe 46.23-1
4623-1/09,4623109,46.23-1,46.2,46,G,"Comércio atacadista de animais vivos, alimentos para animais e matérias-primas agrícolas, exceto café e soja",PAC_3.2,3.2 Comércio de matérias-primas agrícolas e animais vivos,PAC,covered,PAC — classe 46.23-1
4623-1/99,4623199,46.23-1,46.2,46,G,"Comércio atacadista de animais vivos, alimentos para animais e matérias-primas agrícolas, exceto café e soja",PAC_3.2,3.2 Comércio de matérias-primas agrícolas e animais vivos,PAC,covered,PAC — classe 46.23-1
4631-1/00,4631100,46.31-1,46.3,46,G,Comércio atacadista de leite e laticínios,PAC_3.3,"3.3 Comércio especializado em produtos alimentícios, bebidas e fumo",PAC,covered,PAC — classe 46.31-1
4632-0/01,4632001,46.32-0,46.3,46,G,"Comércio atacadista de cereais e leguminosas beneficiados, farinhas, amidos e féculas",PAC_3.3,"3.3 Comércio especializado em produtos alimentícios, bebidas e fumo",PAC,covered,PAC — classe 46.32-0
4632-0/02,4632002,46.32-0,46.3,46,G,"Comércio atacadista de cereais e leguminosas beneficiados, farinhas, amidos e féculas",PAC_3.3,"3.3 Comércio especializado em produtos alimentícios, bebidas e fumo",PAC,covered,PAC — classe 46.32-0
4632-0/03,4632003,46.32-0,46.3,46,G,"Comércio atacadista de cereais e leguminosas beneficiados, farinhas, amidos e féculas",PAC_3.3,"3.3 Comércio especializado em produtos alimentícios, bebidas e fumo",PAC,covered,PAC — classe 46.32-0
4633-8/01,4633801,46.33-8,46.3,46,G,Comércio atacadista de hortifrutigranjeiros,PAC_3.3,"3.3 Comércio especializado em produtos alimentícios, bebidas e fumo",PAC,covered,PAC — classe 46.33-8
4633-8/02,4633802,46.33-8,46.3,46,G,Comércio atacadista de hortifrutigranjeiros,PAC_3.3,"3.3 Comércio especializado em produtos alimentícios, bebidas e fumo",PAC,covered,PAC — classe 46.33-8
4633-8/03,4633803,46.33-8,46.3,46,G,Comércio atacadista de hortifrutigranjeiros,PAC_3.3,"3.3 Comércio especializado em produtos alimentícios, bebidas e fumo",PAC,covered,PAC — classe 46.33-8
4634-6/01,4634601,46.34-6,46.3,46,G,"Comércio atacadista de carnes, produtos da carne e pescado",PAC_3.3,"3.3 Comércio especializado em produtos alimentícios, bebidas e fumo",PAC,covered,PAC — classe 46.34-6
4634-6/02,4634602,46.34-6,46.3,46,G,"Comércio atacadista de carnes, produtos da carne e pescado",PAC_3.3,"3.3 Comércio especializado em produtos alimentícios, bebidas e fumo",PAC,covered,PAC — classe 46.34-6
4634-6/03,4634603,46.34-6,46.3,46,G,"Comércio atacadista de carnes, produtos da carne e pescado",PAC_3.3,"3.3 Comércio especializado em produtos alimentícios, bebidas e fumo",PAC,covered,PAC — classe 46.34-6
4634-6/99,4634699,46.34-6,46.3,46,G,"Comércio atacadista de carnes, produtos da carne e pescado",PAC_3.3,"3.3 Comércio especializado em produtos alimentícios, bebidas e fumo",PAC,covered,PAC — classe 46.34-6
4635-4/01,4635401,46.35-4,46.3,46,G,Comércio atacadista de bebidas,PAC_3.3,"3.3 Comércio especializado em produtos alimentícios, bebidas e fumo",PAC,covered,PAC — classe 46.35-4
4635-4/02,4635402,46.35-4,46.3,46,G,Comércio atacadista de bebidas,PAC_3.3,"3.3 Comércio especializado em produtos alimentícios, bebidas e fumo",PAC,covered,PAC — classe 46.35-4
4635-4/03,4635403,46.35-4,46.3,46,G,Comércio atacadista de bebidas,PAC_3.3,"3.3 Comércio especializado em produtos alimentícios, bebidas e fumo",PAC,covered,PAC — classe 46.35-4
4635-4/99,4635499,46.35-4,46.3,46,G,Comércio atacadista de bebidas,PAC_3.3,"3.3 Comércio especializado em produtos alimentícios, bebidas e fumo",PAC,covered,PAC — classe 46.35-4
4636-2/01,4636201,46.36-2,46.3,46,G,Comércio atacadista de produtos do fumo,PAC_3.3,"3.3 Comércio especializado em produtos alimentícios, bebidas e fumo",PAC,covered,PAC — classe 46.36-2
4636-2/02,4636202,46.36-2,46.3,46,G,Comércio atacadista de produtos do fumo,PAC_3.3,"3.3 Comércio especializado em produtos alimentícios, bebidas e fumo",PAC,covered,PAC — classe 46.36-2
4637-1/01,4637101,46.37-1,46.3,46,G,Comércio atacadista especializado em produtos alimentícios não especificados anteriormente,PAC_3.3,"3.3 Comércio especializado em produtos alimentícios, bebidas e fumo",PAC,covered,PAC — classe 46.37-1
4637-1/02,4637102,46.37-1,46.3,46,G,Comércio atacadista especializado em produtos alimentícios não especificados anteriormente,PAC_3.3,"3.3 Comércio especializado em produtos alimentícios, bebidas e fumo",PAC,covered,PAC — classe 46.37-1
4637-1/03,4637103,46.37-1,46.3,46,G,Comércio atacadista especializado em produtos alimentícios não especificados anteriormente,PAC_3.3,"3.3 Comércio especializado em produtos alimentícios, bebidas e fumo",PAC,covered,PAC — classe 46.37-1
4637-1/04,4637104,46.37-1,46.3,46,G,Comércio atacadista especializado em produtos alimentícios não especificados anteriormente,PAC_3.3,"3.3 Comércio especializado em produtos alimentícios, bebidas e fumo",PAC,covered,PAC — classe 46.37-1
4637-1/05,4637105,46.37-1,46.3,46,G,Comércio atacadista especializado em produtos alimentícios não especificados anteriormente,PAC_3.3,"3.3 Comércio especializado em produtos alimentícios, bebidas e fumo",PAC,covered,PAC — classe 46.37-1
4637-1/06,4637106,46.37-1,46.3,46,G,Comércio atacadista especializado em produtos alimentícios não especificados anteriormente,PAC_3.3,"3.3 Comércio especializado em produtos alimentícios, bebidas e fumo",PAC,covered,PAC — classe 46.37-1
4637-1/07,4637107,46.37-1,46.3,46,G,Comércio atacadista especializado em produtos alimentícios não especificados anteriormente,PAC_3.3,"3.3 Comércio especializado em produtos alimentícios, bebidas e fumo",PAC,covered,PAC — classe 46.37-1
4637-1/99,4637199,46.37-1,46.3,46,G,Comércio atacadista especializado em produtos alimentícios não especificados anteriormente,PAC_3.3,"3.3 Comércio especializado em produtos alimentícios, bebidas e fumo",PAC,covered,PAC — classe 46.37-1
4639-7/01,4639701,46.39-7,46.3,46,G,Comércio atacadista de produtos alimentícios em geral,PAC_3.3,"3.3 Comércio especializado em produtos alimentícios, bebidas e fumo",PAC,covered,PAC — classe 46.39-7
4639-7/02,4639702,46.39-7,46.3,46,G,Comércio atacadista de produtos alimentícios em geral,PAC_3.3,"3.3 Comércio especializado em produtos alimentícios, bebidas e fumo",PAC,covered,PAC — classe 46.39-7
4641-9/01,4641901,46.41-9,46.4,46,G,"Comércio atacadista de tecidos, artefatos de tecidos e de armarinho",PAC_3.4.1.1,"3.4.1.1 Tecidos, artefatos de tecidos e de armarinho",PAC,covered,PAC — classe 46.41-9
4641-9/02,4641902,46.41-9,46.4,46,G,"Comércio atacadista de tecidos, artefatos de tecidos e de armarinho",PAC_3.4.1.1,"3.4.1.1 Tecidos, artefatos de tecidos e de armarinho",PAC,covered,PAC — classe 46.41-9
4641-9/03,4641903,46.41-9,46.4,46,G,"Comércio atacadista de tecidos, artefatos de tecidos e de armarinho",PAC_3.4.1.1,"3.4.1.1 Tecidos, artefatos de tecidos e de armarinho",PAC,covered,PAC — classe 46.41-9
4642-7/01,4642701,46.42-7,46.4,46,G,Comércio atacadista de artigos do vestuário e acessórios,PAC_3.4.1.2,3.4.1.2 Artigos de vestuário e acessórios,PAC,covered,PAC — classe 46.42-7
4642-7/02,4642702,46.42-7,46.4,46,G,Comércio atacadista de artigos do vestuário e acessórios,PAC_3.4.1.2,3.4.1.2 Artigos de vestuário e acessórios,PAC,covered,PAC — classe 46.42-7
4643-5/01,4643501,46.43-5,46.4,46,G,Comércio atacadista de calçados e artigos de viagem,PAC_3.4.1.3,3.4.1.3 Calçados e artigos de viagem,PAC,covered,PAC — classe 46.43-5
4643-5/02,4643502,46.43-5,46.4,46,G,Comércio atacadista de calçados e artigos de viagem,PAC_3.4.1.3,3.4.1.3 Calçados e artigos de viagem,PAC,covered,PAC — classe 46.43-5
4644-3/01,4644301,46.44-3,46.4,46,G,Comércio atacadista de produtos farmacêuticos para uso humano e veterinário,PAC_3.4.2,"3.4.2 Produtos farmacêuticos, médicos, ortopédicos, odontológicos e veterinários",PAC,covered,PAC — classe 46.44-3
4644-3/02,4644302,46.44-3,46.4,46,G,Comércio atacadista de produtos farmacêuticos para uso humano e veterinário,PAC_3.4.2,"3.4.2 Produtos farmacêuticos, médicos, ortopédicos, odontológicos e veterinários",PAC,covered,PAC — classe 46.44-3
4645-1/01,4645101,46.45-1,46.4,46,G,"Comércio atacadista de instrumentos e materiais para uso médico, cirúrgico, ortopédico e odontológico",PAC_3.4.2,"3.4.2 Produtos farmacêuticos, médicos, ortopédicos, odontológicos e veterinários",PAC,covered,PAC — classe 46.45-1
4645-1/02,4645102,46.45-1,46.4,46,G,"Comércio atacadista de instrumentos e materiais para uso médico, cirúrgico, ortopédico e odontológico",PAC_3.4.2,"3.4.2 Produtos farmacêuticos, médicos, ortopédicos, odontológicos e veterinários",PAC,covered,PAC — classe 46.45-1
4645-1/03,4645103,46.45-1,46.4,46,G,"Comércio atacadista de instrumentos e materiais para uso médico, cirúrgico, ortopédico e odontológico",PAC_3.4.2,"3.4.2 Produtos farmacêuticos, médicos, ortopédicos, odontológicos e veterinários",PAC,covered,PAC — classe 46.45-1
4646-0/01,4646001,46.46-0,46.4,46,G,"Comércio atacadista de cosméticos, produtos de perfumaria e de higiene pessoal",PAC_3.4.2,"3.4.2 Produtos farmacêuticos, médicos, ortopédicos, odontológicos e veterinários",PAC,covered,PAC — classe 46.46-0
4646-0/02,4646002,46.46-0,46.4,46,G,"Comércio atacadista de cosméticos, produtos de perfumaria e de higiene pessoal",PAC_3.4.2,"3.4.2 Produtos farmacêuticos, médicos, ortopédicos, odontológicos e veterinários",PAC,covered,PAC — classe 46.46-0
4647-8/01,4647801,46.47-8,46.4,46,G,"Comércio atacadista de artigos de escritório e de papelaria; livros, jornais e outras publicações",PAC_3.4.3,"3.4.3 Artigos de escritório e de papelaria; papel. papelão e seus artefatos; livros, jornais e outras publicações",PAC,covered,PAC — classe 46.47-8
4647-8/02,4647802,46.47-8,46.4,46,G,"Comércio atacadista de artigos de escritório e de papelaria; livros, jornais e outras publicações",PAC_3.4.3,"3.4.3 Artigos de escritório e de papelaria; papel. papelão e seus artefatos; livros, jornais e outras publicações",PAC,covered,PAC — classe 46.47-8
4649-4/01,4649401,46.49-4,46.4,46,G,Comércio atacadista de equipamentos e artigos de uso pessoal e doméstico não especificados anteriormente,PAC_3.4.4,3.4.4 Outros equipamentos e artigos de uso pessoal e doméstico,PAC,covered,PAC — classe 46.49-4
4649-4/02,4649402,46.49-4,46.4,46,G,Comércio atacadista de equipamentos e artigos de uso pessoal e doméstico não especificados anteriormente,PAC_3.4.4,3.4.4 Outros equipamentos e artigos de uso pessoal e doméstico,PAC,covered,PAC — classe 46.49-4
4649-4/03,4649403,46.49-4,46.4,46,G,Comércio atacadista de equipamentos e artigos de uso pessoal e doméstico não especificados anteriormente,PAC_3.4.4,3.4.4 Outros equipamentos e artigos de uso pessoal e doméstico,PAC,covered,PAC — classe 46.49-4
4649-4/04,4649404,46.49-4,46.4,46,G,Comércio atacadista de equipamentos e artigos de uso pessoal e doméstico não especificados anteriormente,PAC_3.4.4,3.4.4 Outros equipamentos e artigos de uso pessoal e doméstico,PAC,covered,PAC — classe 46.49-4
4649-4/05,4649405,46.49-4,46.4,46,G,Comércio atacadista de equipamentos e artigos de uso pessoal e doméstico não especificados anteriormente,PAC_3.4.4,3.4.4 Outros equipamentos e artigos de uso pessoal e doméstico,PAC,covered,PAC — classe 46.49-4
4649-4/06,4649406,46.49-4,46.4,46,G,Comércio atacadista de equipamentos e artigos de uso pessoal e doméstico não especificados anteriormente,PAC_3.4.4,3.4.4 Outros equipamentos e artigos de uso pessoal e doméstico,PAC,covered,PAC — classe 46.49-4
4649-4/07,4649407,46.49-4,46.4,46,G,Comércio atacadista de equipamentos e artigos de uso pessoal e doméstico não especificados anteriormente,PAC_3.4.4,3.4.4 Outros equipamentos e artigos de uso pessoal e doméstico,PAC,covered,PAC — classe 46.49-4
4649-4/08,4649408,46.49-4,46.4,46,G,Comércio atacadista de equipamentos e artigos de uso pessoal e doméstico não especificados anteriormente,PAC_3.4.4,3.4.4 Outros equipamentos e artigos de uso pessoal e doméstico,PAC,covered,PAC — classe 46.49-4
4649-4/09,4649409,46.49-4,46.4,46,G,Comércio atacadista de equipamentos e artigos de uso pessoal e doméstico não especificados anteriormente,PAC_3.4.4,3.4.4 Outros equipamentos e artigos de uso pessoal e doméstico,PAC,covered,PAC — classe 46.49-4
4649-4/10,4649410,46.49-4,46.4,46,G,Comércio atacadista de equipamentos e artigos de uso pessoal e doméstico não especificados anteriormente,PAC_3.4.4,3.4.4 Outros equipamentos e artigos de uso pessoal e doméstico,PAC,covered,PAC — classe 46.49-4
4649-4/99,4649499,46.49-4,46.4,46,G,Comércio atacadista de equipamentos e artigos de uso pessoal e doméstico não especificados anteriormente,PAC_3.4.4,3.4.4 Outros equipamentos e artigos de uso pessoal e doméstico,PAC,covered,PAC — classe 46.49-4
4651-6/01,4651601,46.51-6,46.5,46,G,"Comércio atacadista de computadores, periféricos e suprimentos de informática",PAC_3.6,3.6 Comércio de equipamentos e produtos de tecnologia de informação e comunicação,PAC,covered,PAC — classe 46.51-6
4651-6/02,4651602,46.51-6,46.5,46,G,"Comércio atacadista de computadores, periféricos e suprimentos de informática",PAC_3.6,3.6 Comércio de equipamentos e produtos de tecnologia de informação e comunicação,PAC,covered,PAC — classe 46.51-6
4652-4/00,4652400,46.52-4,46.5,46,G,Comércio atacadista de componentes eletrônicos e equipamentos de telefonia e comunicação,PAC_3.6,3.6 Comércio de equipamentos e produtos de tecnologia de informação e comunicação,PAC,covered,PAC — classe 46.52-4
4661-3/00,4661300,46.61-3,46.6,46,G,"Comércio atacadista de máquinas, aparelhos e equipamentos para uso agropecuário; partes e peças",PAC_3.7,"3.7 Comércio de máquinas, aparelhos e equipamentos (exceto de tecnologia de informação e comunicação)",PAC,covered,PAC — classe 46.61-3
4662-1/00,4662100,46.62-1,46.6,46,G,"Comércio atacadista de máquinas, equipamentos para terraplenagem, mineração e construção; partes e peças",PAC_3.7,"3.7 Comércio de máquinas, aparelhos e equipamentos (exceto de tecnologia de informação e comunicação)",PAC,covered,PAC — classe 46.62-1
4663-0/00,4663000,46.63-0,46.6,46,G,Comércio atacadista de máquinas e equipamentos para uso industrial; partes e peças,PAC_3.7,"3.7 Comércio de máquinas, aparelhos e equipamentos (exceto de tecnologia de informação e comunicação)",PAC,covered,PAC — classe 46.63-0
4664-8/00,4664800,46.64-8,46.6,46,G,"Comércio atacadista de máquinas, aparelhos e equipamentos para uso odonto-médico-hospitalar; partes e peças",PAC_3.7,"3.7 Comércio de máquinas, aparelhos e equipamentos (exceto de tecnologia de informação e comunicação)",PAC,covered,PAC — classe 46.64-8
4665-6/00,4665600,46.65-6,46.6,46,G,Comércio atacadista de máquinas e equipamentos para uso comercial; partes e peças,PAC_3.7,"3.7 Comércio de máquinas, aparelhos e equipamentos (exceto de tecnologia de informação e comunicação)",PAC,covered,PAC — classe 46.65-6
4669-9/01,4669901,46.69-9,46.6,46,G,"Comércio atacadista de máquinas, aparelhos e equipamentos não especificados anteriormente; partes e peças",PAC_3.7,"3.7 Comércio de máquinas, aparelhos e equipamentos (exceto de tecnologia de informação e comunicação)",PAC,covered,PAC — classe 46.69-9
4669-9/99,4669999,46.69-9,46.6,46,G,"Comércio atacadista de máquinas, aparelhos e equipamentos não especificados anteriormente; partes e peças",PAC_3.7,"3.7 Comércio de máquinas, aparelhos e equipamentos (exceto de tecnologia de informação e comunicação)",PAC,covered,PAC — classe 46.69-9
4671-1/00,4671100,46.71-1,46.7,46,G,Comércio atacadista de madeira e produtos derivados,PAC_3.5.2,"3.5.2 Madeira, ferragens, ferramentas, material elétrico e material de construção",PAC,covered,PAC — classe 46.71-1
4672-9/00,4672900,46.72-9,46.7,46,G,Comércio atacadista de ferragens e ferramentas,PAC_3.5.2,"3.5.2 Madeira, ferragens, ferramentas, material elétrico e material de construção",PAC,covered,PAC — classe 46.72-9
4673-7/00,4673700,46.73-7,46.7,46,G,Comércio atacadista de material elétrico,PAC_3.5.2,"3.5.2 Madeira, ferragens, ferramentas, material elétrico e material de construção",PAC,covered,PAC — classe 46.73-7
4674-5/00,4674500,46.74-5,46.7,46,G,Comércio atacadista de cimento,PAC_3.5.2,"3.5.2 Madeira, ferragens, ferramentas, material elétrico e material de construção",PAC,covered,PAC — classe 46.74-5
4679-6/01,4679601,46.79-6,46.7,46,G,Comércio atacadista especializado de materiais de construção não especificados anteriormente e de materiais de construção em geral,PAC_3.5.2,"3.5.2 Madeira, ferragens, ferramentas, material elétrico e material de construção",PAC,covered,PAC — classe 46.79-6
4679-6/02,4679602,46.79-6,46.7,46,G,Comércio atacadista especializado de materiais de construção não especificados anteriormente e de materiais de construção em geral,PAC_3.5.2,"3.5.2 Madeira, ferragens, ferramentas, material elétrico e material de construção",PAC,covered,PAC — classe 46.79-6
4679-6/03,4679603,46.79-6,46.7,46,G,Comércio atacadista especializado de materiais de construção não especificados anteriormente e de materiais de construção em geral,PAC_3.5.2,"3.5.2 Madeira, ferragens, ferramentas, material elétrico e material de construção",PAC,covered,PAC — classe 46.79-6
4679-6/04,4679604,46.79-6,46.7,46,G,Comércio atacadista especializado de materiais de construção não especificados anteriormente e de materiais de construção em geral,PAC_3.5.2,"3.5.2 Madeira, ferragens, ferramentas, material elétrico e material de construção",PAC,covered,PAC — classe 46.79-6
4679-6/99,4679699,46.79-6,46.7,46,G,Comércio atacadista especializado de materiais de construção não especificados anteriormente e de materiais de construção em geral,PAC_3.5.2,"3.5.2 Madeira, ferragens, ferramentas, material elétrico e material de construção",PAC,covered,PAC — classe 46.79-6
4681-8/01,4681801,46.81-8,46.8,46,G,"Comércio atacadista de combustíveis sólidos, líquidos e gasosos, exceto gás natural e GLP",PAC_3.5.1,3.5.1 Combustíveis e lubrificantes,PAC,covered,PAC — classe 46.81-8
4681-8/02,4681802,46.81-8,46.8,46,G,"Comércio atacadista de combustíveis sólidos, líquidos e gasosos, exceto gás natural e GLP",PAC_3.5.1,3.5.1 Combustíveis e lubrificantes,PAC,covered,PAC — classe 46.81-8
4681-8/03,4681803,46.81-8,46.8,46,G,"Comércio atacadista de combustíveis sólidos, líquidos e gasosos, exceto gás natural e GLP",PAC_3.5.1,3.5.1 Combustíveis e lubrificantes,PAC,covered,PAC — classe 46.81-8
4681-8/04,4681804,46.81-8,46.8,46,G,"Comércio atacadista de combustíveis sólidos, líquidos e gasosos, exceto gás natural e GLP",PAC_3.5.1,3.5.1 Combustíveis e lubrificantes,PAC,covered,PAC — classe 46.81-8
4681-8/05,4681805,46.81-8,46.8,46,G,"Comércio atacadista de combustíveis sólidos, líquidos e gasosos, exceto gás natural e GLP",PAC_3.5.1,3.5.1 Combustíveis e lubrificantes,PAC,covered,PAC — classe 46.81-8
4682-6/00,4682600,46.82-6,46.8,46,G,Comércio atacadista de gás liqüefeito de petróleo (GLP),PAC_3.5.1,3.5.1 Combustíveis e lubrificantes,PAC,covered,PAC — classe 46.82-6
4683-4/00,4683400,46.83-4,46.8,46,G,"Comércio atacadista de defensivos agrícolas, adubos, fertilizantes e corretivos do solo",PAC_3.5.3,"3.5.3 Produtos químicos, adubos e fertilizantes",PAC,covered,PAC — classe 46.83-4
4684-2/01,4684201,46.84-2,46.8,46,G,"Comércio atacadista de produtos químicos e petroquímicos, exceto agroquímicos",PAC_3.5.3,"3.5.3 Produtos químicos, adubos e fertilizantes",PAC,covered,PAC — classe 46.84-2
4684-2/02,4684202,46.84-2,46.8,46,G,"Comércio atacadista de produtos químicos e petroquímicos, exceto agroquímicos",PAC_3.5.3,"3.5.3 Produtos químicos, adubos e fertilizantes",PAC,covered,PAC — classe 46.84-2
4684-2/99,4684299,46.84-2,46.8,46,G,"Comércio atacadista de produtos químicos e petroquímicos, exceto agroquímicos",PAC_3.5.3,"3.5.3 Produtos químicos, adubos e fertilizantes",PAC,covered,PAC — classe 46.84-2
4685-1/00,4685100,46.85-1,46.8,46,G,"Comércio atacadista de produtos siderúrgicos e metalúrgicos, exceto para construção",PAC_3.5.4,3.5.4 Produtos siderúrgicos e metalúrgicos,PAC,covered,PAC — classe 46.85-1
4686-9/01,4686901,46.86-9,46.8,46,G,Comércio atacadista de papel e papelão em bruto e de embalagens,PAC_3.5.5,3.5.5 Papel e papelão em bruto e de embalagens,PAC,covered,PAC — classe 46.86-9
4686-9/02,4686902,46.86-9,46.8,46,G,Comércio atacadista de papel e papelão em bruto e de embalagens,PAC_3.5.5,3.5.5 Papel e papelão em bruto e de embalagens,PAC,covered,PAC — classe 46.86-9
4687-7/01,4687701,46.87-7,46.8,46,G,Comércio atacadista de resíduos e sucatas,PAC_3.5.6.1,3.5.6.1 Resíduos e sucatas,PAC,covered,PAC — classe 46.87-7
4687-7/02,4687702,46.87-7,46.8,46,G,Comércio atacadista de resíduos e sucatas,PAC_3.5.6.1,3.5.6.1 Resíduos e sucatas,PAC,covered,PAC — classe 46.87-7
4687-7/03,4687703,46.87-7,46.8,46,G,Comércio atacadista de resíduos e sucatas,PAC_3.5.6.1,3.5.6.1 Resíduos e sucatas,PAC,covered,PAC — classe 46.87-7
4689-3/01,4689301,46.89-3,46.8,46,G,Comércio atacadista especializado de outros produtos intermediários não especificados anteriormente,PAC_3.5.6.2,3.5.6.2 Outros produtos,PAC,covered,PAC — classe 46.89-3
4689-3/02,4689302,46.89-3,46.8,46,G,Comércio atacadista especializado de outros produtos intermediários não especificados anteriormente,PAC_3.5.6.2,3.5.6.2 Outros produtos,PAC,covered,PAC — classe 46.89-3
4689-3/99,4689399,46.89-3,46.8,46,G,Comércio atacadista especializado de outros produtos intermediários não especificados anteriormente,PAC_3.5.6.2,3.5.6.2 Outros produtos,PAC,covered,PAC — classe 46.89-3
4691-5/00,4691500,46.91-5,46.9,46,G,"Comércio atacadista de mercadorias em geral, com predominância de produtos alimentícios",PAC_3.8,3.8 Comércio não especializado,PAC,covered,PAC — classe 46.91-5
4692-3/00,4692300,46.92-3,46.9,46,G,"Comércio atacadista de mercadorias em geral, com predominância de insumos agropecuários",PAC_3.8,3.8 Comércio não especializado,PAC,covered,PAC — classe 46.92-3
4693-1/00,4693100,46.93-1,46.9,46,G,"Comércio atacadista de mercadorias em geral, sem predominância de alimentos ou de insumos agropecuários",PAC_3.8,3.8 Comércio não especializado,PAC,covered,PAC — classe 46.93-1
4711-3/01,4711301,47.11-3,47.1,47,G,"Comércio varejista de mercadorias em geral, com predominância de produtos alimentícios - hipermercados e supermercados",PAC_4.1.1,4.1.1 Hipermercados e supermercados,PAC,covered,Hipermercados e supermercados
4711-3/02,4711302,47.11-3,47.1,47,G,"Comércio varejista de mercadorias em geral, com predominância de produtos alimentícios - hipermercados e supermercados",PAC_4.1.1,4.1.1 Hipermercados e supermercados,PAC,covered,Hipermercados e supermercados
4712-1/00,4712100,47.12-1,47.1,47,G,"Comércio varejista de mercadorias em geral, com predominância de produtos alimentícios - minimercados, mercearias e armazéns",PAC_4.1.2,4.1.2 Outros tipos de comércio não especializados com predominância de produtos alimentícios,PAC,covered,"Minimercados, mercearias e armazens"
4713-0/01,4713001,47.13-0,47.1,47,G,"Comércio varejista de mercadorias em geral, sem predominância de produtos alimentícios",PAC_4.1.3,4.1.3 Comércio não especializado sem predominância de produtos alimentícios,PAC,covered,Nao especializado sem predominancia alimenticia
4713-0/02,4713002,47.13-0,47.1,47,G,"Comércio varejista de mercadorias em geral, sem predominância de produtos alimentícios",PAC_4.1.3,4.1.3 Comércio não especializado sem predominância de produtos alimentícios,PAC,covered,Nao especializado sem predominancia alimenticia
4713-0/03,4713003,47.13-0,47.1,47,G,"Comércio varejista de mercadorias em geral, sem predominância de produtos alimentícios",PAC_4.1.3,4.1.3 Comércio não especializado sem predominância de produtos alimentícios,PAC,covered,Nao especializado sem predominancia alimenticia
4721-1/01,4721101,47.21-1,47.2,47,G,"Comércio varejista de produtos de padaria, laticínio, doces, balas e semelhantes",PAC_4.2,"4.2 Produtos alimentícios, bebidas e fumo",PAC,covered,"Padaria, laticinio, doces"
4721-1/02,4721102,47.21-1,47.2,47,G,"Comércio varejista de produtos de padaria, laticínio, doces, balas e semelhantes",PAC_4.2,"4.2 Produtos alimentícios, bebidas e fumo",PAC,covered,"Padaria, laticinio, doces"
4721-1/03,4721103,47.21-1,47.2,47,G,"Comércio varejista de produtos de padaria, laticínio, doces, balas e semelhantes",PAC_4.2,"4.2 Produtos alimentícios, bebidas e fumo",PAC,covered,"Padaria, laticinio, doces"
4721-1/04,4721104,47.21-1,47.2,47,G,"Comércio varejista de produtos de padaria, laticínio, doces, balas e semelhantes",PAC_4.2,"4.2 Produtos alimentícios, bebidas e fumo",PAC,covered,"Padaria, laticinio, doces"
4722-9/01,4722901,47.22-9,47.2,47,G,Comércio varejista de carnes e pescados - açougues e peixarias,PAC_4.2,"4.2 Produtos alimentícios, bebidas e fumo",PAC,covered,Acougues e peixarias
4722-9/02,4722902,47.22-9,47.2,47,G,Comércio varejista de carnes e pescados - açougues e peixarias,PAC_4.2,"4.2 Produtos alimentícios, bebidas e fumo",PAC,covered,Acougues e peixarias
4723-7/00,4723700,47.23-7,47.2,47,G,Comércio varejista de bebidas,PAC_4.2,"4.2 Produtos alimentícios, bebidas e fumo",PAC,covered,Bebidas
4724-5/00,4724500,47.24-5,47.2,47,G,Comércio varejista de hortifrutigranjeiros,PAC_4.2,"4.2 Produtos alimentícios, bebidas e fumo",PAC,covered,Hortifrutigranjeiros
4729-6/01,4729601,47.29-6,47.2,47,G,Comércio varejista de produtos alimentícios em geral ou especializado em produtos alimentícios não especificados anteriormente; produtos do fumo,PAC_4.2,"4.2 Produtos alimentícios, bebidas e fumo",PAC,covered,Outros alimentos e fumo
4729-6/99,4729699,47.29-6,47.2,47,G,Comércio varejista de produtos alimentícios em geral ou especializado em produtos alimentícios não especificados anteriormente; produtos do fumo,PAC_4.2,"4.2 Produtos alimentícios, bebidas e fumo",PAC,covered,Outros alimentos e fumo
4731-8/00,4731800,47.31-8,47.3,47,G,Comércio varejista de combustíveis para veículos automotores,PAC_4.4,4.4 Combustíveis e lubrificantes,PAC,covered,Combustiveis para veiculos
4732-6/00,4732600,47.32-6,47.3,47,G,Comércio varejista de lubrificantes,PAC_4.4,4.4 Combustíveis e lubrificantes,PAC,covered,Lubrificantes
4741-5/00,4741500,47.41-5,47.4,47,G,Comércio varejista de tintas e materiais para pintura,PAC_4.5.4,4.5.4 Material de construção,PAC,covered,Tintas e materiais de pintura
4742-3/00,4742300,47.42-3,47.4,47,G,Comércio varejista de material elétrico,PAC_4.5.4,4.5.4 Material de construção,PAC,covered,Material eletrico
4743-1/00,4743100,47.43-1,47.4,47,G,Comércio varejista de vidros,PAC_4.5.4,4.5.4 Material de construção,PAC,covered,Vidros
4744-0/01,4744001,47.44-0,47.4,47,G,"Comércio varejista de ferragens, madeira e materiais de construção",PAC_4.5.4,4.5.4 Material de construção,PAC,covered,"Ferragens, madeira e materiais de construcao"
4744-0/02,4744002,47.44-0,47.4,47,G,"Comércio varejista de ferragens, madeira e materiais de construção",PAC_4.5.4,4.5.4 Material de construção,PAC,covered,"Ferragens, madeira e materiais de construcao"
4744-0/03,4744003,47.44-0,47.4,47,G,"Comércio varejista de ferragens, madeira e materiais de construção",PAC_4.5.4,4.5.4 Material de construção,PAC,covered,"Ferragens, madeira e materiais de construcao"
4744-0/04,4744004,47.44-0,47.4,47,G,"Comércio varejista de ferragens, madeira e materiais de construção",PAC_4.5.4,4.5.4 Material de construção,PAC,covered,"Ferragens, madeira e materiais de construcao"
4744-0/05,4744005,47.44-0,47.4,47,G,"Comércio varejista de ferragens, madeira e materiais de construção",PAC_4.5.4,4.5.4 Material de construção,PAC,covered,"Ferragens, madeira e materiais de construcao"
4744-0/99,4744099,47.44-0,47.4,47,G,"Comércio varejista de ferragens, madeira e materiais de construção",PAC_4.5.4,4.5.4 Material de construção,PAC,covered,"Ferragens, madeira e materiais de construcao"
4751-2/00,4751200,47.51-2,47.5,47,G,Comércio varejista especializado de equipamentos e suprimentos de informática,PAC_4.5.5,4.5.5 Equipamentos de informática e comunicação,PAC,covered,Equipamentos de informatica
4752-1/00,4752100,47.52-1,47.5,47,G,Comércio varejista especializado de equipamentos de telefonia e comunicação,PAC_4.5.5,4.5.5 Equipamentos de informática e comunicação,PAC,covered,Equipamentos de comunicacao
4753-9/00,4753900,47.53-9,47.5,47,G,Comércio varejista especializado de eletrodomésticos e equipamentos de áudio e vídeo,PAC_4.5.2,"4.5.2 Eletrodomésticos, equipamentos de áudio e vídeo, instrumentos musicais e acessórios",PAC,covered,"Eletrodomesticos, audio e video"
4754-7/01,4754701,47.54-7,47.5,47,G,"Comércio varejista especializado de móveis, colchoaria e artigos de iluminação",PAC_4.5.3,"4.5.3 Móveis, artigos de iluminação, peças e acessórios e outros artigos de uso doméstico",PAC,covered,"Moveis, colchoaria e iluminacao"
4754-7/02,4754702,47.54-7,47.5,47,G,"Comércio varejista especializado de móveis, colchoaria e artigos de iluminação",PAC_4.5.3,"4.5.3 Móveis, artigos de iluminação, peças e acessórios e outros artigos de uso doméstico",PAC,covered,"Moveis, colchoaria e iluminacao"
4754-7/03,4754703,47.54-7,47.5,47,G,"Comércio varejista especializado de móveis, colchoaria e artigos de iluminação",PAC_4.5.3,"4.5.3 Móveis, artigos de iluminação, peças e acessórios e outros artigos de uso doméstico",PAC,covered,"Moveis, colchoaria e iluminacao"
4755-5/01,4755501,47.55-5,47.5,47,G,"Comércio varejista especializado de tecidos e artigos de cama, mesa e banho",PAC_4.3.1,4.3.1 Tecidos e artigos de armarinho,PAC,covered,Tecidos e artigos de cama/mesa/banho — mapeado a PAC_4.3.1 por similaridade
4755-5/02,4755502,47.55-5,47.5,47,G,"Comércio varejista especializado de tecidos e artigos de cama, mesa e banho",PAC_4.3.1,4.3.1 Tecidos e artigos de armarinho,PAC,covered,Tecidos e artigos de cama/mesa/banho — mapeado a PAC_4.3.1 por similaridade
4755-5/03,4755503,47.55-5,47.5,47,G,"Comércio varejista especializado de tecidos e artigos de cama, mesa e banho",PAC_4.3.1,4.3.1 Tecidos e artigos de armarinho,PAC,covered,Tecidos e artigos de cama/mesa/banho — mapeado a PAC_4.3.1 por similaridade
4756-3/00,4756300,47.56-3,47.5,47,G,Comércio varejista especializado de instrumentos musicais e acessórios,PAC_4.5.2,"4.5.2 Eletrodomésticos, equipamentos de áudio e vídeo, instrumentos musicais e acessórios",PAC,covered,Instrumentos musicais e acessorios
4757-1/00,4757100,47.57-1,47.5,47,G,"Comércio varejista especializado de peças e acessórios para aparelhos eletroeletrônicos para uso doméstico, exceto informática e comunicação",PAC_4.5.2,"4.5.2 Eletrodomésticos, equipamentos de áudio e vídeo, instrumentos musicais e acessórios",PAC,covered,Pecas e acessorios eletroeletronicos pessoais
4759-8/01,4759801,47.59-8,47.5,47,G,Comércio varejista de artigos de uso doméstico não especificados anteriormente,PAC_4.5.3,"4.5.3 Móveis, artigos de iluminação, peças e acessórios e outros artigos de uso doméstico",PAC,covered,Outros artigos de uso domestico
4759-8/99,4759899,47.59-8,47.5,47,G,Comércio varejista de artigos de uso doméstico não especificados anteriormente,PAC_4.5.3,"4.5.3 Móveis, artigos de iluminação, peças e acessórios e outros artigos de uso doméstico",PAC,covered,Outros artigos de uso domestico
4761-0/01,4761001,47.61-0,47.6,47,G,"Comércio varejista de livros, jornais, revistas e papelaria",PAC_4.5.6,"4.5.6 Artigos culturais, recreativos e esportivos",PAC,covered,"Livros, jornais, revistas e papelaria"
4761-0/02,4761002,47.61-0,47.6,47,G,"Comércio varejista de livros, jornais, revistas e papelaria",PAC_4.5.6,"4.5.6 Artigos culturais, recreativos e esportivos",PAC,covered,"Livros, jornais, revistas e papelaria"
4761-0/03,4761003,47.61-0,47.6,47,G,"Comércio varejista de livros, jornais, revistas e papelaria",PAC_4.5.6,"4.5.6 Artigos culturais, recreativos e esportivos",PAC,covered,"Livros, jornais, revistas e papelaria"
4762-8/00,4762800,47.62-8,47.6,47,G,"Comércio varejista de discos, CDs, DVDs e fitas",PAC_4.5.6,"4.5.6 Artigos culturais, recreativos e esportivos",PAC,covered,"Discos, CDs, DVDs e fitas"
4763-6/01,4763601,47.63-6,47.6,47,G,Comércio varejista de artigos recreativos e esportivos,PAC_4.5.6,"4.5.6 Artigos culturais, recreativos e esportivos",PAC,covered,Artigos recreativos e esportivos
4763-6/02,4763602,47.63-6,47.6,47,G,Comércio varejista de artigos recreativos e esportivos,PAC_4.5.6,"4.5.6 Artigos culturais, recreativos e esportivos",PAC,covered,Artigos recreativos e esportivos
4763-6/03,4763603,47.63-6,47.6,47,G,Comércio varejista de artigos recreativos e esportivos,PAC_4.5.6,"4.5.6 Artigos culturais, recreativos e esportivos",PAC,covered,Artigos recreativos e esportivos
4763-6/04,4763604,47.63-6,47.6,47,G,Comércio varejista de artigos recreativos e esportivos,PAC_4.5.6,"4.5.6 Artigos culturais, recreativos e esportivos",PAC,covered,Artigos recreativos e esportivos
4763-6/05,4763605,47.63-6,47.6,47,G,Comércio varejista de artigos recreativos e esportivos,PAC_4.5.6,"4.5.6 Artigos culturais, recreativos e esportivos",PAC,covered,Artigos recreativos e esportivos
4771-7/01,4771701,47.71-7,47.7,47,G,Comércio varejista de produtos farmacêuticos para uso humano e veterinário,PAC_4.5.1,"4.5.1 Produtos farmacêuticos, perfumaria e cosméticos e artigos médicos, ópticos e ortopédicos",PAC,covered,Produtos farmaceuticos
4771-7/02,4771702,47.71-7,47.7,47,G,Comércio varejista de produtos farmacêuticos para uso humano e veterinário,PAC_4.5.1,"4.5.1 Produtos farmacêuticos, perfumaria e cosméticos e artigos médicos, ópticos e ortopédicos",PAC,covered,Produtos farmaceuticos
4771-7/03,4771703,47.71-7,47.7,47,G,Comércio varejista de produtos farmacêuticos para uso humano e veterinário,PAC_4.5.1,"4.5.1 Produtos farmacêuticos, perfumaria e cosméticos e artigos médicos, ópticos e ortopédicos",PAC,covered,Produtos farmaceuticos
4771-7/04,4771704,47.71-7,47.7,47,G,Comércio varejista de produtos farmacêuticos para uso humano e veterinário,PAC_4.5.1,"4.5.1 Produtos farmacêuticos, perfumaria e cosméticos e artigos médicos, ópticos e ortopédicos",PAC,covered,Produtos farmaceuticos
4772-5/00,4772500,47.72-5,47.7,47,G,"Comércio varejista de cosméticos, produtos de perfumaria e de higiene pessoal",PAC_4.5.1,"4.5.1 Produtos farmacêuticos, perfumaria e cosméticos e artigos médicos, ópticos e ortopédicos",PAC,covered,"Cosmeticos, perfumaria e higiene pessoal"
4773-3/00,4773300,47.73-3,47.7,47,G,Comércio varejista de artigos médicos e ortopédicos,PAC_4.5.1,"4.5.1 Produtos farmacêuticos, perfumaria e cosméticos e artigos médicos, ópticos e ortopédicos",PAC,covered,Artigos medicos e ortopedicos
4774-1/00,4774100,47.74-1,47.7,47,G,Comércio varejista de artigos de óptica,PAC_4.5.1,"4.5.1 Produtos farmacêuticos, perfumaria e cosméticos e artigos médicos, ópticos e ortopédicos",PAC,covered,Artigos de optica
4781-4/00,4781400,47.81-4,47.8,47,G,Comércio varejista de artigos do vestuário e acessórios,PAC_4.3.2,4.3.2 Artigos do vestuário e complementos,PAC,covered,Artigos do vestuario e acessorios
4782-2/01,4782201,47.82-2,47.8,47,G,Comércio varejista de calçados e artigos de viagem,PAC_4.3.3,"4.3.3 Calçados, artigos de couro e viagem",PAC,covered,Calcados e artigos de viagem
4782-2/02,4782202,47.82-2,47.8,47,G,Comércio varejista de calçados e artigos de viagem,PAC_4.3.3,"4.3.3 Calçados, artigos de couro e viagem",PAC,covered,Calcados e artigos de viagem
4783-1/01,4783101,47.83-1,47.8,47,G,Comércio varejista de jóias e relógios,PAC_4.5.8,4.5.8 Outros produtos novos,PAC,covered,Joias e relogios — incluidos em Outros produtos novos
4783-1/02,4783102,47.83-1,47.8,47,G,Comércio varejista de jóias e relógios,PAC_4.5.8,4.5.8 Outros produtos novos,PAC,covered,Joias e relogios — incluidos em Outros produtos novos
4784-9/00,4784900,47.84-9,47.8,47,G,Comércio varejista de gás liqüefeito de petróleo (GLP),PAC_4.5.7,4.5.7 Gás liquefeito de petróleo (GLP),PAC,covered,Gas liquefeito de petroleo (GLP)
4785-7/01,4785701,47.85-7,47.8,47,G,Comércio varejista de artigos usados,PAC_4.6,4.6 Comércio de artigos usados,PAC,covered,Artigos usados
4785-7/99,4785799,47.85-7,47.8,47,G,Comércio varejista de artigos usados,PAC_4.6,4.6 Comércio de artigos usados,PAC,covered,Artigos usados
4789-0/01,4789001,47.89-0,47.8,47,G,Comércio varejista de outros produtos novos não especificados anteriormente,PAC_4.5.8,4.5.8 Outros produtos novos,PAC,covered,Outros produtos novos nao especificados
4789-0/02,4789002,47.89-0,47.8,47,G,Comércio varejista de outros produtos novos não especificados anteriormente,PAC_4.5.8,4.5.8 Outros produtos novos,PAC,covered,Outros produtos novos nao especificados
4789-0/03,4789003,47.89-0,47.8,47,G,Comércio varejista de outros produtos novos não especificados anteriormente,PAC_4.5.8,4.5.8 Outros produtos novos,PAC,covered,Outros produtos novos nao especificados
4789-0/04,4789004,47.89-0,47.8,47,G,Comércio varejista de outros produtos novos não especificados anteriormente,PAC_4.5.8,4.5.8 Outros produtos novos,PAC,covered,Outros produtos novos nao especificados
4789-0/05,4789005,47.89-0,47.8,47,G,Comércio varejista de outros produtos novos não especificados anteriormente,PAC_4.5.8,4.5.8 Outros produtos novos,PAC,covered,Outros produtos novos nao especificados
4789-0/06,4789006,47.89-0,47.8,47,G,Comércio varejista de outros produtos novos não especificados anteriormente,PAC_4.5.8,4.5.8 Outros produtos novos,PAC,covered,Outros produtos novos nao especificados
4789-0/07,4789007,47.89-0,47.8,47,G,Comércio varejista de outros produtos novos não especificados anteriormente,PAC_4.5.8,4.5.8 Outros produtos novos,PAC,covered,Outros produtos novos nao especificados
4789-0/08,4789008,47.89-0,47.8,47,G,Comércio varejista de outros produtos novos não especificados anteriormente,PAC_4.5.8,4.5.8 Outros produtos novos,PAC,covered,Outros produtos novos nao especificados
4789-0/09,4789009,47.89-0,47.8,47,G,Comércio varejista de outros produtos novos não especificados anteriormente,PAC_4.5.8,4.5.8 Outros produtos novos,PAC,covered,Outros produtos novos nao especificados
4789-0/99,4789099,47.89-0,47.8,47,G,Comércio varejista de outros produtos novos não especificados anteriormente,PAC_4.5.8,4.5.8 Outros produtos novos,PAC,covered,Outros produtos novos nao especificados
4911-6/00,4911600,49.11-6,49.1,49,H,Transporte ferroviário de carga,PAS_5.1.1,5.1.1 Transporte ferroviário e metroferroviário,PAS,covered,Ferroviario e metroferroviario (grupo 49.1)
4912-4/01,4912401,49.12-4,49.1,49,H,Transporte metroferroviário de passageiros,PAS_5.1.1,5.1.1 Transporte ferroviário e metroferroviário,PAS,covered,Ferroviario e metroferroviario (grupo 49.1)
4912-4/02,4912402,49.12-4,49.1,49,H,Transporte metroferroviário de passageiros,PAS_5.1.1,5.1.1 Transporte ferroviário e metroferroviário,PAS,covered,Ferroviario e metroferroviario (grupo 49.1)
4912-4/03,4912403,49.12-4,49.1,49,H,Transporte metroferroviário de passageiros,PAS_5.1.1,5.1.1 Transporte ferroviário e metroferroviário,PAS,covered,Ferroviario e metroferroviario (grupo 49.1)
4921-3/01,4921301,49.21-3,49.2,49,H,"Transporte rodoviário coletivo de passageiros, com itinerário fixo, municipal e em região metropolitana",PAS_5.1.2.1,5.1.2.1 Transporte de passageiros,PAS,covered,Rodoviario de passageiros (grupo 49.2)
4921-3/02,4921302,49.21-3,49.2,49,H,"Transporte rodoviário coletivo de passageiros, com itinerário fixo, municipal e em região metropolitana",PAS_5.1.2.1,5.1.2.1 Transporte de passageiros,PAS,covered,Rodoviario de passageiros (grupo 49.2)
4922-1/01,4922101,49.22-1,49.2,49,H,"Transporte rodoviário coletivo de passageiros, com itinerário fixo, intermunicipal, interestadual e internacional",PAS_5.1.2.1,5.1.2.1 Transporte de passageiros,PAS,covered,Rodoviario de passageiros (grupo 49.2)
4922-1/02,4922102,49.22-1,49.2,49,H,"Transporte rodoviário coletivo de passageiros, com itinerário fixo, intermunicipal, interestadual e internacional",PAS_5.1.2.1,5.1.2.1 Transporte de passageiros,PAS,covered,Rodoviario de passageiros (grupo 49.2)
4922-1/03,4922103,49.22-1,49.2,49,H,"Transporte rodoviário coletivo de passageiros, com itinerário fixo, intermunicipal, interestadual e internacional",PAS_5.1.2.1,5.1.2.1 Transporte de passageiros,PAS,covered,Rodoviario de passageiros (grupo 49.2)
4923-0/01,4923001,49.23-0,49.2,49,H,Transporte rodoviário de táxi,PAS_5.1.2.1,5.1.2.1 Transporte de passageiros,PAS,covered,Rodoviario de passageiros (grupo 49.2)
4923-0/02,4923002,49.23-0,49.2,49,H,Transporte rodoviário de táxi,PAS_5.1.2.1,5.1.2.1 Transporte de passageiros,PAS,covered,Rodoviario de passageiros (grupo 49.2)
4924-8/00,4924800,49.24-8,49.2,49,H,Transporte escolar,PAS_5.1.2.1,5.1.2.1 Transporte de passageiros,PAS,covered,Rodoviario de passageiros (grupo 49.2)
4929-9/01,4929901,49.29-9,49.2,49,H,"Transporte rodoviário coletivo de passageiros, sob regime de fretamento, e outros transportes rodoviários não especificados anteriormente",PAS_5.1.2.1,5.1.2.1 Transporte de passageiros,PAS,covered,Rodoviario de passageiros (grupo 49.2)
4929-9/02,4929902,49.29-9,49.2,49,H,"Transporte rodoviário coletivo de passageiros, sob regime de fretamento, e outros transportes rodoviários não especificados anteriormente",PAS_5.1.2.1,5.1.2.1 Transporte de passageiros,PAS,covered,Rodoviario de passageiros (grupo 49.2)
4929-9/03,4929903,49.29-9,49.2,49,H,"Transporte rodoviário coletivo de passageiros, sob regime de fretamento, e outros transportes rodoviários não especificados anteriormente",PAS_5.1.2.1,5.1.2.1 Transporte de passageiros,PAS,covered,Rodoviario de passageiros (grupo 49.2)
4929-9/04,4929904,49.29-9,49.2,49,H,"Transporte rodoviário coletivo de passageiros, sob regime de fretamento, e outros transportes rodoviários não especificados anteriormente",PAS_5.1.2.1,5.1.2.1 Transporte de passageiros,PAS,covered,Rodoviario de passageiros (grupo 49.2)
4929-9/99,4929999,49.29-9,49.2,49,H,"Transporte rodoviário coletivo de passageiros, sob regime de fretamento, e outros transportes rodoviários não especificados anteriormente",PAS_5.1.2.1,5.1.2.1 Transporte de passageiros,PAS,covered,Rodoviario de passageiros (grupo 49.2)
4930-2/01,4930201,49.30-2,49.3,49,H,Transporte rodoviário de carga,PAS_5.1.2.2,5.1.2.2 Transporte de cargas,PAS,covered,Rodoviario de cargas (grupo 49.3)
4930-2/02,4930202,49.30-2,49.3,49,H,Transporte rodoviário de carga,PAS_5.1.2.2,5.1.2.2 Transporte de cargas,PAS,covered,Rodoviario de cargas (grupo 49.3)
4930-2/03,4930203,49.30-2,49.3,49,H,Transporte rodoviário de carga,PAS_5.1.2.2,5.1.2.2 Transporte de cargas,PAS,covered,Rodoviario de cargas (grupo 49.3)
4930-2/04,4930204,49.30-2,49.3,49,H,Transporte rodoviário de carga,PAS_5.1.2.2,5.1.2.2 Transporte de cargas,PAS,covered,Rodoviario de cargas (grupo 49.3)
4940-0/00,4940000,49.40-0,49.4,49,H,Transporte dutoviário,PAS_5.1.3,5.1.3 Transporte dutoviário,PAS,covered,Dutovario (grupo 49.4)
4950-7/00,4950700,49.50-7,49.5,49,H,"Trens turísticos, teleféricos e similares",PAS_5.1.1,5.1.1 Transporte ferroviário e metroferroviário,PAS,covered,Trens turisticos e teleféricos — mapeado a PAS_5.1.1 por similaridade (decisao usuario)
5011-4/01,5011401,50.11-4,50.1,50,H,Transporte marítimo de cabotagem,PAS_5.1.4,5.1.4 Transporte aquaviário,PAS,covered,PAS — divisao 50
5011-4/02,5011402,50.11-4,50.1,50,H,Transporte marítimo de cabotagem,PAS_5.1.4,5.1.4 Transporte aquaviário,PAS,covered,PAS — divisao 50
5012-2/01,5012201,50.12-2,50.1,50,H,Transporte marítimo de longo curso,PAS_5.1.4,5.1.4 Transporte aquaviário,PAS,covered,PAS — divisao 50
5012-2/02,5012202,50.12-2,50.1,50,H,Transporte marítimo de longo curso,PAS_5.1.4,5.1.4 Transporte aquaviário,PAS,covered,PAS — divisao 50
5021-1/01,5021101,50.21-1,50.2,50,H,Transporte por navegação interior de carga,PAS_5.1.4,5.1.4 Transporte aquaviário,PAS,covered,PAS — divisao 50
5021-1/02,5021102,50.21-1,50.2,50,H,Transporte por navegação interior de carga,PAS_5.1.4,5.1.4 Transporte aquaviário,PAS,covered,PAS — divisao 50
5022-0/01,5022001,50.22-0,50.2,50,H,Transporte por navegação interior de passageiros em linhas regulares,PAS_5.1.4,5.1.4 Transporte aquaviário,PAS,covered,PAS — divisao 50
5022-0/02,5022002,50.22-0,50.2,50,H,Transporte por navegação interior de passageiros em linhas regulares,PAS_5.1.4,5.1.4 Transporte aquaviário,PAS,covered,PAS — divisao 50
5030-1/01,5030101,50.30-1,50.3,50,H,Navegação de apoio,PAS_5.1.4,5.1.4 Transporte aquaviário,PAS,covered,PAS — divisao 50
5030-1/02,5030102,50.30-1,50.3,50,H,Navegação de apoio,PAS_5.1.4,5.1.4 Transporte aquaviário,PAS,covered,PAS — divisao 50
5091-2/01,5091201,50.91-2,50.9,50,H,Transporte por navegação de travessia,PAS_5.1.4,5.1.4 Transporte aquaviário,PAS,covered,PAS — divisao 50
5091-2/02,5091202,50.91-2,50.9,50,H,Transporte por navegação de travessia,PAS_5.1.4,5.1.4 Transporte aquaviário,PAS,covered,PAS — divisao 50
5099-8/01,5099801,50.99-8,50.9,50,H,Transportes aquaviários não especificados anteriormente,PAS_5.1.4,5.1.4 Transporte aquaviário,PAS,covered,PAS — divisao 50
5099-8/99,5099899,50.99-8,50.9,50,H,Transportes aquaviários não especificados anteriormente,PAS_5.1.4,5.1.4 Transporte aquaviário,PAS,covered,PAS — divisao 50
5111-1/00,5111100,51.11-1,51.1,51,H,Transporte aéreo de passageiros regular,PAS_5.1.5,5.1.5 Transporte aéreo,PAS,covered,PAS — divisao 51
5112-9/01,5112901,51.12-9,51.1,51,H,Transporte aéreo de passageiros não-regular,PAS_5.1.5,5.1.5 Transporte aéreo,PAS,covered,PAS — divisao 51
5112-9/99,5112999,51.12-9,51.1,51,H,Transporte aéreo de passageiros não-regular,PAS_5.1.5,5.1.5 Transporte aéreo,PAS,covered,PAS — divisao 51
5120-0/00,5120000,51.20-0,51.2,51,H,Transporte aéreo de carga,PAS_5.1.5,5.1.5 Transporte aéreo,PAS,covered,PAS — divisao 51
5130-7/00,5130700,51.30-7,51.3,51,H,Transporte espacial,PAS_5.1.5,5.1.5 Transporte aéreo,PAS,covered,PAS — divisao 51
5211-7/01,5211701,52.11-7,52.1,52,H,Armazenamento,PAS_5.1.6,5.1.6 Armazenamento e atividades auxiliares aos transportes,PAS,covered,PAS — divisao 52
5211-7/02,5211702,52.11-7,52.1,52,H,Armazenamento,PAS_5.1.6,5.1.6 Armazenamento e atividades auxiliares aos transportes,PAS,covered,PAS — divisao 52
5211-7/99,5211799,52.11-7,52.1,52,H,Armazenamento,PAS_5.1.6,5.1.6 Armazenamento e atividades auxiliares aos transportes,PAS,covered,PAS — divisao 52
5212-5/00,5212500,52.12-5,52.1,52,H,Carga e descarga,PAS_5.1.6,5.1.6 Armazenamento e atividades auxiliares aos transportes,PAS,covered,PAS — divisao 52
5221-4/00,5221400,52.21-4,52.2,52,H,"Concessionárias de rodovias, pontes, túneis e serviços relacionados",PAS_5.1.6,5.1.6 Armazenamento e atividades auxiliares aos transportes,PAS,covered,PAS — divisao 52
5222-2/00,5222200,52.22-2,52.2,52,H,Terminais rodoviários e ferroviários,PAS_5.1.6,5.1.6 Armazenamento e atividades auxiliares aos transportes,PAS,covered,PAS — divisao 52
5223-1/00,5223100,52.23-1,52.2,52,H,Estacionamento de veículos,PAS_5.1.6,5.1.6 Armazenamento e atividades auxiliares aos transportes,PAS,covered,PAS — divisao 52
5229-0/01,5229001,52.29-0,52.2,52,H,Atividades auxiliares dos transportes terrestres não especificadas anteriormente,PAS_5.1.6,5.1.6 Armazenamento e atividades auxiliares aos transportes,PAS,covered,PAS — divisao 52
5229-0/02,5229002,52.29-0,52.2,52,H,Atividades auxiliares dos transportes terrestres não especificadas anteriormente,PAS_5.1.6,5.1.6 Armazenamento e atividades auxiliares aos transportes,PAS,covered,PAS — divisao 52
5229-0/99,5229099,52.29-0,52.2,52,H,Atividades auxiliares dos transportes terrestres não especificadas anteriormente,PAS_5.1.6,5.1.6 Armazenamento e atividades auxiliares aos transportes,PAS,covered,PAS — divisao 52
5231-1/01,5231101,52.31-1,52.3,52,H,Gestão de portos e terminais,PAS_5.1.6,5.1.6 Armazenamento e atividades auxiliares aos transportes,PAS,covered,PAS — divisao 52
5231-1/02,5231102,52.31-1,52.3,52,H,Gestão de portos e terminais,PAS_5.1.6,5.1.6 Armazenamento e atividades auxiliares aos transportes,PAS,covered,PAS — divisao 52
5232-0/00,5232000,52.32-0,52.3,52,H,Atividades de agenciamento marítimo,PAS_5.1.6,5.1.6 Armazenamento e atividades auxiliares aos transportes,PAS,covered,PAS — divisao 52
5239-7/00,5239700,52.39-7,52.3,52,H,Atividades auxiliares dos transportes aquaviários não especificadas anteriormente,PAS_5.1.6,5.1.6 Armazenamento e atividades auxiliares aos transportes,PAS,covered,PAS — divisao 52
5240-1/01,5240101,52.40-1,52.4,52,H,Atividades auxiliares dos transportes aéreos,PAS_5.1.6,5.1.6 Armazenamento e atividades auxiliares aos transportes,PAS,covered,PAS — divisao 52
5240-1/99,5240199,52.40-1,52.4,52,H,Atividades auxiliares dos transportes aéreos,PAS_5.1.6,5.1.6 Armazenamento e atividades auxiliares aos transportes,PAS,covered,PAS — divisao 52
5250-8/01,5250801,52.50-8,52.5,52,H,Atividades relacionadas à organização do transporte de carga,PAS_5.1.6,5.1.6 Armazenamento e atividades auxiliares aos transportes,PAS,covered,PAS — divisao 52
5250-8/02,5250802,52.50-8,52.5,52,H,Atividades relacionadas à organização do transporte de carga,PAS_5.1.6,5.1.6 Armazenamento e atividades auxiliares aos transportes,PAS,covered,PAS — divisao 52
5250-8/03,5250803,52.50-8,52.5,52,H,Atividades relacionadas à organização do transporte de carga,PAS_5.1.6,5.1.6 Armazenamento e atividades auxiliares aos transportes,PAS,covered,PAS — divisao 52
5250-8/04,5250804,52.50-8,52.5,52,H,Atividades relacionadas à organização do transporte de carga,PAS_5.1.6,5.1.6 Armazenamento e atividades auxiliares aos transportes,PAS,covered,PAS — divisao 52
5250-8/05,5250805,52.50-8,52.5,52,H,Atividades relacionadas à organização do transporte de carga,PAS_5.1.6,5.1.6 Armazenamento e atividades auxiliares aos transportes,PAS,covered,PAS — divisao 52
5310-5/01,5310501,53.10-5,53.1,53,H,Atividades de Correio,PAS_5.2,5.2 Correio e outras atividades de entrega,PAS,covered,PAS — divisao 53
5310-5/02,5310502,53.10-5,53.1,53,H,Atividades de Correio,PAS_5.2,5.2 Correio e outras atividades de entrega,PAS,covered,PAS — divisao 53
5320-2/01,5320201,53.20-2,53.2,53,H,Atividades de malote e de entrega,PAS_5.2,5.2 Correio e outras atividades de entrega,PAS,covered,PAS — divisao 53
5320-2/02,5320202,53.20-2,53.2,53,H,Atividades de malote e de entrega,PAS_5.2,5.2 Correio e outras atividades de entrega,PAS,covered,PAS — divisao 53
5510-8/01,5510801,55.10-8,55.1,55,I,Hotéis e similares,PAS_2.1,2.1 Serviços de alojamento,PAS,covered,PAS — divisao 55
5510-8/02,5510802,55.10-8,55.1,55,I,Hotéis e similares,PAS_2.1,2.1 Serviços de alojamento,PAS,covered,PAS — divisao 55
5510-8/03,5510803,55.10-8,55.1,55,I,Hotéis e similares,PAS_2.1,2.1 Serviços de alojamento,PAS,covered,PAS — divisao 55
5590-6/01,5590601,55.90-6,55.9,55,I,Outros tipos de alojamento não especificados anteriormente,PAS_2.1,2.1 Serviços de alojamento,PAS,covered,PAS — divisao 55
5590-6/02,5590602,55.90-6,55.9,55,I,Outros tipos de alojamento não especificados anteriormente,PAS_2.1,2.1 Serviços de alojamento,PAS,covered,PAS — divisao 55
5590-6/03,5590603,55.90-6,55.9,55,I,Outros tipos de alojamento não especificados anteriormente,PAS_2.1,2.1 Serviços de alojamento,PAS,covered,PAS — divisao 55
5590-6/99,5590699,55.90-6,55.9,55,I,Outros tipos de alojamento não especificados anteriormente,PAS_2.1,2.1 Serviços de alojamento,PAS,covered,PAS — divisao 55
5611-2/01,5611201,56.11-2,56.1,56,I,Restaurantes e outros estabelecimentos de serviços de alimentação e bebidas,PAS_2.2,2.2 Serviços de alimentação,PAS,covered,PAS — divisao 56
5611-2/02,5611202,56.11-2,56.1,56,I,Restaurantes e outros estabelecimentos de serviços de alimentação e bebidas,PAS_2.2,2.2 Serviços de alimentação,PAS,covered,PAS — divisao 56
5611-2/03,5611203,56.11-2,56.1,56,I,Restaurantes e outros estabelecimentos de serviços de alimentação e bebidas,PAS_2.2,2.2 Serviços de alimentação,PAS,covered,PAS — divisao 56
5612-1/00,5612100,56.12-1,56.1,56,I,Serviços ambulantes de alimentação,PAS_2.2,2.2 Serviços de alimentação,PAS,covered,PAS — divisao 56
5620-1/01,5620101,56.20-1,56.2,56,I,"Serviços de catering, bufê e outros serviços de comida preparada",PAS_2.2,2.2 Serviços de alimentação,PAS,covered,PAS — divisao 56
5620-1/02,5620102,56.20-1,56.2,56,I,"Serviços de catering, bufê e outros serviços de comida preparada",PAS_2.2,2.2 Serviços de alimentação,PAS,covered,PAS — divisao 56
5620-1/03,5620103,56.20-1,56.2,56,I,"Serviços de catering, bufê e outros serviços de comida preparada",PAS_2.2,2.2 Serviços de alimentação,PAS,covered,PAS — divisao 56
5620-1/04,5620104,56.20-1,56.2,56,I,"Serviços de catering, bufê e outros serviços de comida preparada",PAS_2.2,2.2 Serviços de alimentação,PAS,covered,PAS — divisao 56
5811-5/00,5811500,58.11-5,58.1,58,J,Edição de livros,PAS_3.4,3.4 Edição e edição integrada à impressão,PAS,covered,PAS — divisao 58
5812-3/00,5812300,58.12-3,58.1,58,J,Edição de jornais,PAS_3.4,3.4 Edição e edição integrada à impressão,PAS,covered,PAS — divisao 58
5813-1/00,5813100,58.13-1,58.1,58,J,Edição de revistas,PAS_3.4,3.4 Edição e edição integrada à impressão,PAS,covered,PAS — divisao 58
5819-1/00,5819100,58.19-1,58.1,58,J,"Edição de cadastros, listas e outros produtos gráficos",PAS_3.4,3.4 Edição e edição integrada à impressão,PAS,covered,PAS — divisao 58
5821-2/00,5821200,58.21-2,58.2,58,J,Edição integrada à impressão de livros,PAS_3.4,3.4 Edição e edição integrada à impressão,PAS,covered,PAS — divisao 58
5822-1/00,5822100,58.22-1,58.2,58,J,Edição integrada à impressão de jornais,PAS_3.4,3.4 Edição e edição integrada à impressão,PAS,covered,PAS — divisao 58
5823-9/00,5823900,58.23-9,58.2,58,J,Edição integrada à impressão de revistas,PAS_3.4,3.4 Edição e edição integrada à impressão,PAS,covered,PAS — divisao 58
5829-8/00,5829800,58.29-8,58.2,58,J,"Edição integrada à impressão de cadastros, listas e outros produtos gráficos",PAS_3.4,3.4 Edição e edição integrada à impressão,PAS,covered,PAS — divisao 58
5911-1/01,5911101,59.11-1,59.1,59,J,"Atividades de produção cinematográfica, de vídeos e de programas de televisão",PAS_3.3,3.3 Serviços audiovisuais,PAS,covered,PAS — divisao 59
5911-1/02,5911102,59.11-1,59.1,59,J,"Atividades de produção cinematográfica, de vídeos e de programas de televisão",PAS_3.3,3.3 Serviços audiovisuais,PAS,covered,PAS — divisao 59
5911-1/99,5911199,59.11-1,59.1,59,J,"Atividades de produção cinematográfica, de vídeos e de programas de televisão",PAS_3.3,3.3 Serviços audiovisuais,PAS,covered,PAS — divisao 59
5912-0/01,5912001,59.12-0,59.1,59,J,"Atividades de pós-produção cinematográfica, de vídeos e de programas de televisão",PAS_3.3,3.3 Serviços audiovisuais,PAS,covered,PAS — divisao 59
5912-0/02,5912002,59.12-0,59.1,59,J,"Atividades de pós-produção cinematográfica, de vídeos e de programas de televisão",PAS_3.3,3.3 Serviços audiovisuais,PAS,covered,PAS — divisao 59
5912-0/99,5912099,59.12-0,59.1,59,J,"Atividades de pós-produção cinematográfica, de vídeos e de programas de televisão",PAS_3.3,3.3 Serviços audiovisuais,PAS,covered,PAS — divisao 59
5913-8/00,5913800,59.13-8,59.1,59,J,"Distribuição cinematográfica, de vídeo e de programas de televisão",PAS_3.3,3.3 Serviços audiovisuais,PAS,covered,PAS — divisao 59
5914-6/00,5914600,59.14-6,59.1,59,J,Atividades de exibição cinematográfica,PAS_3.3,3.3 Serviços audiovisuais,PAS,covered,PAS — divisao 59
5920-1/00,5920100,59.20-1,59.2,59,J,Atividades de gravação de som e de edição de música,PAS_3.3,3.3 Serviços audiovisuais,PAS,covered,PAS — divisao 59
6010-1/00,6010100,60.10-1,60.1,60,J,Atividades de rádio,,,,not_covered,Radiodifusao (div 60) — PAS_3.3 cobre audiovisual como agregado 59+60 mas nao ha dados por divisao; marcado not_covered por decisao do usuario
6021-7/00,6021700,60.21-7,60.2,60,J,Atividades de televisão aberta,,,,not_covered,Radiodifusao (div 60) — PAS_3.3 cobre audiovisual como agregado 59+60 mas nao ha dados por divisao; marcado not_covered por decisao do usuario
6022-5/01,6022501,60.22-5,60.2,60,J,Programadoras e atividades relacionadas à televisão por assinatura,,,,not_covered,Radiodifusao (div 60) — PAS_3.3 cobre audiovisual como agregado 59+60 mas nao ha dados por divisao; marcado not_covered por decisao do usuario
6022-5/02,6022502,60.22-5,60.2,60,J,Programadoras e atividades relacionadas à televisão por assinatura,,,,not_covered,Radiodifusao (div 60) — PAS_3.3 cobre audiovisual como agregado 59+60 mas nao ha dados por divisao; marcado not_covered por decisao do usuario
6110-8/01,6110801,61.10-8,61.1,61,J,Telecomunicações por fio,PAS_3.1,3.1 Telecomunicações,PAS,covered,PAS — divisao 61
6110-8/02,6110802,61.10-8,61.1,61,J,Telecomunicações por fio,PAS_3.1,3.1 Telecomunicações,PAS,covered,PAS — divisao 61
6110-8/03,6110803,61.10-8,61.1,61,J,Telecomunicações por fio,PAS_3.1,3.1 Telecomunicações,PAS,covered,PAS — divisao 61
6110-8/99,6110899,61.10-8,61.1,61,J,Telecomunicações por fio,PAS_3.1,3.1 Telecomunicações,PAS,covered,PAS — divisao 61
6120-5/01,6120501,61.20-5,61.2,61,J,Telecomunicações sem fio,PAS_3.1,3.1 Telecomunicações,PAS,covered,PAS — divisao 61
6120-5/02,6120502,61.20-5,61.2,61,J,Telecomunicações sem fio,PAS_3.1,3.1 Telecomunicações,PAS,covered,PAS — divisao 61
6120-5/99,6120599,61.20-5,61.2,61,J,Telecomunicações sem fio,PAS_3.1,3.1 Telecomunicações,PAS,covered,PAS — divisao 61
6130-2/00,6130200,61.30-2,61.3,61,J,Telecomunicações por satélite,PAS_3.1,3.1 Telecomunicações,PAS,covered,PAS — divisao 61
6141-8/00,6141800,61.41-8,61.4,61,J,Operadoras de televisão por assinatura por cabo,PAS_3.1,3.1 Telecomunicações,PAS,covered,PAS — divisao 61
6142-6/00,6142600,61.42-6,61.4,61,J,Operadoras de televisão por assinatura por microondas,PAS_3.1,3.1 Telecomunicações,PAS,covered,PAS — divisao 61
6143-4/00,6143400,61.43-4,61.4,61,J,Operadoras de televisão por assinatura por satélite,PAS_3.1,3.1 Telecomunicações,PAS,covered,PAS — divisao 61
6190-6/01,6190601,61.90-6,61.9,61,J,Outras atividades de telecomunicações,PAS_3.1,3.1 Telecomunicações,PAS,covered,PAS — divisao 61
6190-6/02,6190602,61.90-6,61.9,61,J,Outras atividades de telecomunicações,PAS_3.1,3.1 Telecomunicações,PAS,covered,PAS — divisao 61
6190-6/99,6190699,61.90-6,61.9,61,J,Outras atividades de telecomunicações,PAS_3.1,3.1 Telecomunicações,PAS,covered,PAS — divisao 61
6201-5/00,6201500,62.01-5,62.0,62,J,Desenvolvimento de programas de computador sob encomenda,PAS_3.2,3.2 Tecnologia da informação,PAS,covered,PAS — divisao 62
6202-3/00,6202300,62.02-3,62.0,62,J,Desenvolvimento e licenciamento de programas de computador customizáveis,PAS_3.2,3.2 Tecnologia da informação,PAS,covered,PAS — divisao 62
6203-1/00,6203100,62.03-1,62.0,62,J,Desenvolvimento e licenciamento de programas de computador não-customizáveis,PAS_3.2,3.2 Tecnologia da informação,PAS,covered,PAS — divisao 62
6204-0/00,6204000,62.04-0,62.0,62,J,Consultoria em tecnologia da informação,PAS_3.2,3.2 Tecnologia da informação,PAS,covered,PAS — divisao 62
6209-1/00,6209100,62.09-1,62.0,62,J,"Suporte técnico, manutenção e outros serviços em tecnologia da informação",PAS_3.2,3.2 Tecnologia da informação,PAS,covered,PAS — divisao 62
6311-9/00,6311900,63.11-9,63.1,63,J,"Tratamento de dados, provedores de serviços de aplicação e serviços de hospedagem na internet",PAS_3.5,3.5 Agências de notícias e outras atividades de serviços de informação,PAS,covered,PAS — divisao 63
6319-4/00,6319400,63.19-4,63.1,63,J,"Portais, provedores de conteúdo e outros serviços de informação na internet",PAS_3.5,3.5 Agências de notícias e outras atividades de serviços de informação,PAS,covered,PAS — divisao 63
6391-7/00,6391700,63.91-7,63.9,63,J,Agências de notícias,PAS_3.5,3.5 Agências de notícias e outras atividades de serviços de informação,PAS,covered,PAS — divisao 63
6399-2/00,6399200,63.99-2,63.9,63,J,Outras atividades de prestação de serviços de informação não especificadas anteriormente,PAS_3.5,3.5 Agências de notícias e outras atividades de serviços de informação,PAS,covered,PAS — divisao 63
6410-7/00,6410700,64.10-7,64.1,64,K,Banco Central,,,,not_covered,Secao K (financas) — apenas div 66 tem PAS_8.2
6421-2/00,6421200,64.21-2,64.2,64,K,Bancos comerciais,,,,not_covered,Secao K (financas) — apenas div 66 tem PAS_8.2
6422-1/00,6422100,64.22-1,64.2,64,K,"Bancos múltiplos, com carteira comercial",,,,not_covered,Secao K (financas) — apenas div 66 tem PAS_8.2
6423-9/00,6423900,64.23-9,64.2,64,K,Caixas econômicas,,,,not_covered,Secao K (financas) — apenas div 66 tem PAS_8.2
6424-7/01,6424701,64.24-7,64.2,64,K,Crédito cooperativo,,,,not_covered,Secao K (financas) — apenas div 66 tem PAS_8.2
6424-7/02,6424702,64.24-7,64.2,64,K,Crédito cooperativo,,,,not_covered,Secao K (financas) — apenas div 66 tem PAS_8.2
6424-7/03,6424703,64.24-7,64.2,64,K,Crédito cooperativo,,,,not_covered,Secao K (financas) — apenas div 66 tem PAS_8.2
6424-7/04,6424704,64.24-7,64.2,64,K,Crédito cooperativo,,,,not_covered,Secao K (financas) — apenas div 66 tem PAS_8.2
6431-0/00,6431000,64.31-0,64.3,64,K,"Bancos múltiplos, sem carteira comercial",,,,not_covered,Secao K (financas) — apenas div 66 tem PAS_8.2
6432-8/00,6432800,64.32-8,64.3,64,K,Bancos de investimento,,,,not_covered,Secao K (financas) — apenas div 66 tem PAS_8.2
6433-6/00,6433600,64.33-6,64.3,64,K,Bancos de desenvolvimento,,,,not_covered,Secao K (financas) — apenas div 66 tem PAS_8.2
6434-4/00,6434400,64.34-4,64.3,64,K,Agências de fomento,,,,not_covered,Secao K (financas) — apenas div 66 tem PAS_8.2
6435-2/01,6435201,64.35-2,64.3,64,K,Crédito imobiliário,,,,not_covered,Secao K (financas) — apenas div 66 tem PAS_8.2
6435-2/02,6435202,64.35-2,64.3,64,K,Crédito imobiliário,,,,not_covered,Secao K (financas) — apenas div 66 tem PAS_8.2
6435-2/03,6435203,64.35-2,64.3,64,K,Crédito imobiliário,,,,not_covered,Secao K (financas) — apenas div 66 tem PAS_8.2
6436-1/00,6436100,64.36-1,64.3,64,K,"Sociedades de crédito, financiamento e investimento - financeiras",,,,not_covered,Secao K (financas) — apenas div 66 tem PAS_8.2
6437-9/00,6437900,64.37-9,64.3,64,K,Sociedades de crédito ao microempreendedor,,,,not_covered,Secao K (financas) — apenas div 66 tem PAS_8.2
6438-7/01,6438701,64.38-7,64.3,64,K,Bancos de câmbio e outras instituições de intermediação não-monetária,,,,not_covered,Secao K (financas) — apenas div 66 tem PAS_8.2
6438-7/99,6438799,64.38-7,64.3,64,K,Bancos de câmbio e outras instituições de intermediação não-monetária,,,,not_covered,Secao K (financas) — apenas div 66 tem PAS_8.2
6440-9/00,6440900,64.40-9,64.4,64,K,Arrendamento mercantil,,,,not_covered,Secao K (financas) — apenas div 66 tem PAS_8.2
6450-6/00,6450600,64.50-6,64.5,64,K,Sociedades de capitalização,,,,not_covered,Secao K (financas) — apenas div 66 tem PAS_8.2
6461-1/00,6461100,64.61-1,64.6,64,K,Holdings de instituições financeiras,,,,not_covered,Secao K (financas) — apenas div 66 tem PAS_8.2
6462-0/00,6462000,64.62-0,64.6,64,K,Holdings de instituições não-financeiras,,,,not_covered,Secao K (financas) — apenas div 66 tem PAS_8.2
6463-8/00,6463800,64.63-8,64.6,64,K,"Outras sociedades de participação, exceto holdings",,,,not_covered,Secao K (financas) — apenas div 66 tem PAS_8.2
6470-1/01,6470101,64.70-1,64.7,64,K,Fundos de investimento,,,,not_covered,Secao K (financas) — apenas div 66 tem PAS_8.2
6470-1/02,6470102,64.70-1,64.7,64,K,Fundos de investimento,,,,not_covered,Secao K (financas) — apenas div 66 tem PAS_8.2
6470-1/03,6470103,64.70-1,64.7,64,K,Fundos de investimento,,,,not_covered,Secao K (financas) — apenas div 66 tem PAS_8.2
6491-3/00,6491300,64.91-3,64.9,64,K,Sociedades de fomento mercantil - factoring,,,,not_covered,Secao K (financas) — apenas div 66 tem PAS_8.2
6492-1/00,6492100,64.92-1,64.9,64,K,Securitização de créditos,,,,not_covered,Secao K (financas) — apenas div 66 tem PAS_8.2
6493-0/00,6493000,64.93-0,64.9,64,K,Administração de consórcios para aquisição de bens e direitos,,,,not_covered,Secao K (financas) — apenas div 66 tem PAS_8.2
6499-9/01,6499901,64.99-9,64.9,64,K,Outras atividades de serviços financeiros não especificadas anteriormente,,,,not_covered,Secao K (financas) — apenas div 66 tem PAS_8.2
6499-9/02,6499902,64.99-9,64.9,64,K,Outras atividades de serviços financeiros não especificadas anteriormente,,,,not_covered,Secao K (financas) — apenas div 66 tem PAS_8.2
6499-9/03,6499903,64.99-9,64.9,64,K,Outras atividades de serviços financeiros não especificadas anteriormente,,,,not_covered,Secao K (financas) — apenas div 66 tem PAS_8.2
6499-9/04,6499904,64.99-9,64.9,64,K,Outras atividades de serviços financeiros não especificadas anteriormente,,,,not_covered,Secao K (financas) — apenas div 66 tem PAS_8.2
6499-9/05,6499905,64.99-9,64.9,64,K,Outras atividades de serviços financeiros não especificadas anteriormente,,,,not_covered,Secao K (financas) — apenas div 66 tem PAS_8.2
6499-9/99,6499999,64.99-9,64.9,64,K,Outras atividades de serviços financeiros não especificadas anteriormente,,,,not_covered,Secao K (financas) — apenas div 66 tem PAS_8.2
6511-1/01,6511101,65.11-1,65.1,65,K,Seguros de vida,,,,not_covered,Secao K (financas) — apenas div 66 tem PAS_8.2
6511-1/02,6511102,65.11-1,65.1,65,K,Seguros de vida,,,,not_covered,Secao K (financas) — apenas div 66 tem PAS_8.2
6512-0/00,6512000,65.12-0,65.1,65,K,Seguros não-vida,,,,not_covered,Secao K (financas) — apenas div 66 tem PAS_8.2
6520-1/00,6520100,65.20-1,65.2,65,K,Seguros-saúde,,,,not_covered,Secao K (financas) — apenas div 66 tem PAS_8.2
6530-8/00,6530800,65.30-8,65.3,65,K,Resseguros,,,,not_covered,Secao K (financas) — apenas div 66 tem PAS_8.2
6541-3/00,6541300,65.41-3,65.4,65,K,Previdência complementar fechada,,,,not_covered,Secao K (financas) — apenas div 66 tem PAS_8.2
6542-1/00,6542100,65.42-1,65.4,65,K,Previdência complementar aberta,,,,not_covered,Secao K (financas) — apenas div 66 tem PAS_8.2
6550-2/00,6550200,65.50-2,65.5,65,K,Planos de saúde,,,,not_covered,Secao K (financas) — apenas div 66 tem PAS_8.2
6611-8/01,6611801,66.11-8,66.1,66,K,Administração de bolsas e mercados de balcão organizados,PAS_8.2,"8.2 Serviços auxiliares financeiros, dos seguros e da previdência complementar",PAS,covered,PAS_8.2 — Servicos auxiliares financeiros (secao K)
6611-8/02,6611802,66.11-8,66.1,66,K,Administração de bolsas e mercados de balcão organizados,PAS_8.2,"8.2 Serviços auxiliares financeiros, dos seguros e da previdência complementar",PAS,covered,PAS_8.2 — Servicos auxiliares financeiros (secao K)
6611-8/03,6611803,66.11-8,66.1,66,K,Administração de bolsas e mercados de balcão organizados,PAS_8.2,"8.2 Serviços auxiliares financeiros, dos seguros e da previdência complementar",PAS,covered,PAS_8.2 — Servicos auxiliares financeiros (secao K)
6611-8/04,6611804,66.11-8,66.1,66,K,Administração de bolsas e mercados de balcão organizados,PAS_8.2,"8.2 Serviços auxiliares financeiros, dos seguros e da previdência complementar",PAS,covered,PAS_8.2 — Servicos auxiliares financeiros (secao K)
6612-6/01,6612601,66.12-6,66.1,66,K,"Atividades de intermediários em transações de títulos, valores mobiliários e mercadorias",PAS_8.2,"8.2 Serviços auxiliares financeiros, dos seguros e da previdência complementar",PAS,covered,PAS_8.2 — Servicos auxiliares financeiros (secao K)
6612-6/02,6612602,66.12-6,66.1,66,K,"Atividades de intermediários em transações de títulos, valores mobiliários e mercadorias",PAS_8.2,"8.2 Serviços auxiliares financeiros, dos seguros e da previdência complementar",PAS,covered,PAS_8.2 — Servicos auxiliares financeiros (secao K)
6612-6/03,6612603,66.12-6,66.1,66,K,"Atividades de intermediários em transações de títulos, valores mobiliários e mercadorias",PAS_8.2,"8.2 Serviços auxiliares financeiros, dos seguros e da previdência complementar",PAS,covered,PAS_8.2 — Servicos auxiliares financeiros (secao K)
6612-6/04,6612604,66.12-6,66.1,66,K,"Atividades de intermediários em transações de títulos, valores mobiliários e mercadorias",PAS_8.2,"8.2 Serviços auxiliares financeiros, dos seguros e da previdência complementar",PAS,covered,PAS_8.2 — Servicos auxiliares financeiros (secao K)
6612-6/05,6612605,66.12-6,66.1,66,K,"Atividades de intermediários em transações de títulos, valores mobiliários e mercadorias",PAS_8.2,"8.2 Serviços auxiliares financeiros, dos seguros e da previdência complementar",PAS,covered,PAS_8.2 — Servicos auxiliares financeiros (secao K)
6613-4/00,6613400,66.13-4,66.1,66,K,Administração de cartões de crédito,PAS_8.2,"8.2 Serviços auxiliares financeiros, dos seguros e da previdência complementar",PAS,covered,PAS_8.2 — Servicos auxiliares financeiros (secao K)
6619-3/01,6619301,66.19-3,66.1,66,K,Atividades auxiliares dos serviços financeiros não especificadas anteriormente,PAS_8.2,"8.2 Serviços auxiliares financeiros, dos seguros e da previdência complementar",PAS,covered,PAS_8.2 — Servicos auxiliares financeiros (secao K)
6619-3/02,6619302,66.19-3,66.1,66,K,Atividades auxiliares dos serviços financeiros não especificadas anteriormente,PAS_8.2,"8.2 Serviços auxiliares financeiros, dos seguros e da previdência complementar",PAS,covered,PAS_8.2 — Servicos auxiliares financeiros (secao K)
6619-3/03,6619303,66.19-3,66.1,66,K,Atividades auxiliares dos serviços financeiros não especificadas anteriormente,PAS_8.2,"8.2 Serviços auxiliares financeiros, dos seguros e da previdência complementar",PAS,covered,PAS_8.2 — Servicos auxiliares financeiros (secao K)
6619-3/04,6619304,66.19-3,66.1,66,K,Atividades auxiliares dos serviços financeiros não especificadas anteriormente,PAS_8.2,"8.2 Serviços auxiliares financeiros, dos seguros e da previdência complementar",PAS,covered,PAS_8.2 — Servicos auxiliares financeiros (secao K)
6619-3/05,6619305,66.19-3,66.1,66,K,Atividades auxiliares dos serviços financeiros não especificadas anteriormente,PAS_8.2,"8.2 Serviços auxiliares financeiros, dos seguros e da previdência complementar",PAS,covered,PAS_8.2 — Servicos auxiliares financeiros (secao K)
6619-3/99,6619399,66.19-3,66.1,66,K,Atividades auxiliares dos serviços financeiros não especificadas anteriormente,PAS_8.2,"8.2 Serviços auxiliares financeiros, dos seguros e da previdência complementar",PAS,covered,PAS_8.2 — Servicos auxiliares financeiros (secao K)
6621-5/01,6621501,66.21-5,66.2,66,K,Avaliação de riscos e perdas,PAS_8.2,"8.2 Serviços auxiliares financeiros, dos seguros e da previdência complementar",PAS,covered,PAS_8.2 — Servicos auxiliares financeiros (secao K)
6621-5/02,6621502,66.21-5,66.2,66,K,Avaliação de riscos e perdas,PAS_8.2,"8.2 Serviços auxiliares financeiros, dos seguros e da previdência complementar",PAS,covered,PAS_8.2 — Servicos auxiliares financeiros (secao K)
6622-3/00,6622300,66.22-3,66.2,66,K,"Corretores e agentes de seguros, de planos de previdência complementar e de saúde",PAS_8.2,"8.2 Serviços auxiliares financeiros, dos seguros e da previdência complementar",PAS,covered,PAS_8.2 — Servicos auxiliares financeiros (secao K)
6629-1/00,6629100,66.29-1,66.2,66,K,"Atividades auxiliares dos seguros, da previdência complementar e dos planos de saúde não especificadas anteriormente",PAS_8.2,"8.2 Serviços auxiliares financeiros, dos seguros e da previdência complementar",PAS,covered,PAS_8.2 — Servicos auxiliares financeiros (secao K)
6630-4/00,6630400,66.30-4,66.3,66,K,Atividades de administração de fundos por contrato ou comissão,PAS_8.2,"8.2 Serviços auxiliares financeiros, dos seguros e da previdência complementar",PAS,covered,PAS_8.2 — Servicos auxiliares financeiros (secao K)
6810-2/01,6810201,68.10-2,68.1,68,L,Atividades imobiliárias de imóveis próprios,PAS_6.1,"6.1 Compra, venda e aluguel de imóveis próprios",PAS,covered,Imoveis proprios (grupo 68.1)
6810-2/02,6810202,68.10-2,68.1,68,L,Atividades imobiliárias de imóveis próprios,PAS_6.1,"6.1 Compra, venda e aluguel de imóveis próprios",PAS,covered,Imoveis proprios (grupo 68.1)
6821-8/01,6821801,68.21-8,68.2,68,L,"Intermediação na compra, venda e aluguel de imóveis",PAS_6.2,"6.2 Intermediação na compra, venda e aluguel de imoveis",PAS,covered,Intermediacao e gestao de imoveis (grupo 68.2)
6821-8/02,6821802,68.21-8,68.2,68,L,"Intermediação na compra, venda e aluguel de imóveis",PAS_6.2,"6.2 Intermediação na compra, venda e aluguel de imoveis",PAS,covered,Intermediacao e gestao de imoveis (grupo 68.2)
6822-6/00,6822600,68.22-6,68.2,68,L,Gestão e administração da propriedade imobiliária,PAS_6.2,"6.2 Intermediação na compra, venda e aluguel de imoveis",PAS,covered,Intermediacao e gestao de imoveis (grupo 68.2)
6911-7/01,6911701,69.11-7,69.1,69,M,"Atividades jurídicas, exceto cartórios",PAS_4.1,4.1 Serviços técnico-profissionais,PAS,covered,PAS_4.1 — Servicos tecnico-profissionais (secao M inteira)
6911-7/02,6911702,69.11-7,69.1,69,M,"Atividades jurídicas, exceto cartórios",PAS_4.1,4.1 Serviços técnico-profissionais,PAS,covered,PAS_4.1 — Servicos tecnico-profissionais (secao M inteira)
6911-7/03,6911703,69.11-7,69.1,69,M,"Atividades jurídicas, exceto cartórios",PAS_4.1,4.1 Serviços técnico-profissionais,PAS,covered,PAS_4.1 — Servicos tecnico-profissionais (secao M inteira)
6912-5/00,6912500,69.12-5,69.1,69,M,Cartórios,PAS_4.1,4.1 Serviços técnico-profissionais,PAS,covered,PAS_4.1 — Servicos tecnico-profissionais (secao M inteira)
6920-6/01,6920601,69.20-6,69.2,69,M,"Atividades de contabilidade, consultoria e auditoria contábil e tributária",PAS_4.1,4.1 Serviços técnico-profissionais,PAS,covered,PAS_4.1 — Servicos tecnico-profissionais (secao M inteira)
6920-6/02,6920602,69.20-6,69.2,69,M,"Atividades de contabilidade, consultoria e auditoria contábil e tributária",PAS_4.1,4.1 Serviços técnico-profissionais,PAS,covered,PAS_4.1 — Servicos tecnico-profissionais (secao M inteira)
7020-4/00,7020400,70.20-4,70.2,70,M,Atividades de consultoria em gestão empresarial,PAS_4.1,4.1 Serviços técnico-profissionais,PAS,covered,PAS_4.1 — Servicos tecnico-profissionais (secao M inteira)
7111-1/00,7111100,71.11-1,71.1,71,M,Serviços de arquitetura,PAS_4.1,4.1 Serviços técnico-profissionais,PAS,covered,PAS_4.1 — Servicos tecnico-profissionais (secao M inteira)
7112-0/00,7112000,71.12-0,71.1,71,M,Serviços de engenharia,PAS_4.1,4.1 Serviços técnico-profissionais,PAS,covered,PAS_4.1 — Servicos tecnico-profissionais (secao M inteira)
7119-7/01,7119701,71.19-7,71.1,71,M,Atividades técnicas relacionadas à arquitetura e engenharia,PAS_4.1,4.1 Serviços técnico-profissionais,PAS,covered,PAS_4.1 — Servicos tecnico-profissionais (secao M inteira)
7119-7/02,7119702,71.19-7,71.1,71,M,Atividades técnicas relacionadas à arquitetura e engenharia,PAS_4.1,4.1 Serviços técnico-profissionais,PAS,covered,PAS_4.1 — Servicos tecnico-profissionais (secao M inteira)
7119-7/03,7119703,71.19-7,71.1,71,M,Atividades técnicas relacionadas à arquitetura e engenharia,PAS_4.1,4.1 Serviços técnico-profissionais,PAS,covered,PAS_4.1 — Servicos tecnico-profissionais (secao M inteira)
7119-7/04,7119704,71.19-7,71.1,71,M,Atividades técnicas relacionadas à arquitetura e engenharia,PAS_4.1,4.1 Serviços técnico-profissionais,PAS,covered,PAS_4.1 — Servicos tecnico-profissionais (secao M inteira)
7119-7/99,7119799,71.19-7,71.1,71,M,Atividades técnicas relacionadas à arquitetura e engenharia,PAS_4.1,4.1 Serviços técnico-profissionais,PAS,covered,PAS_4.1 — Servicos tecnico-profissionais (secao M inteira)
7120-1/00,7120100,71.20-1,71.2,71,M,Testes e análises técnicas,PAS_4.1,4.1 Serviços técnico-profissionais,PAS,covered,PAS_4.1 — Servicos tecnico-profissionais (secao M inteira)
7210-0/00,7210000,72.10-0,72.1,72,M,Pesquisa e desenvolvimento experimental em ciências físicas e naturais,PAS_4.1,4.1 Serviços técnico-profissionais,PAS,covered,PAS_4.1 — Servicos tecnico-profissionais (secao M inteira)
7220-7/00,7220700,72.20-7,72.2,72,M,Pesquisa e desenvolvimento experimental em ciências sociais e humanas,PAS_4.1,4.1 Serviços técnico-profissionais,PAS,covered,PAS_4.1 — Servicos tecnico-profissionais (secao M inteira)
7311-4/00,7311400,73.11-4,73.1,73,M,Agências de publicidade,PAS_4.1,4.1 Serviços técnico-profissionais,PAS,covered,PAS_4.1 — Servicos tecnico-profissionais (secao M inteira)
7312-2/00,7312200,73.12-2,73.1,73,M,"Agenciamento de espaços para publicidade, exceto em veículos de comunicação",PAS_4.1,4.1 Serviços técnico-profissionais,PAS,covered,PAS_4.1 — Servicos tecnico-profissionais (secao M inteira)
7319-0/01,7319001,73.19-0,73.1,73,M,Atividades de publicidade não especificadas anteriormente,PAS_4.1,4.1 Serviços técnico-profissionais,PAS,covered,PAS_4.1 — Servicos tecnico-profissionais (secao M inteira)
7319-0/02,7319002,73.19-0,73.1,73,M,Atividades de publicidade não especificadas anteriormente,PAS_4.1,4.1 Serviços técnico-profissionais,PAS,covered,PAS_4.1 — Servicos tecnico-profissionais (secao M inteira)
7319-0/03,7319003,73.19-0,73.1,73,M,Atividades de publicidade não especificadas anteriormente,PAS_4.1,4.1 Serviços técnico-profissionais,PAS,covered,PAS_4.1 — Servicos tecnico-profissionais (secao M inteira)
7319-0/04,7319004,73.19-0,73.1,73,M,Atividades de publicidade não especificadas anteriormente,PAS_4.1,4.1 Serviços técnico-profissionais,PAS,covered,PAS_4.1 — Servicos tecnico-profissionais (secao M inteira)
7319-0/99,7319099,73.19-0,73.1,73,M,Atividades de publicidade não especificadas anteriormente,PAS_4.1,4.1 Serviços técnico-profissionais,PAS,covered,PAS_4.1 — Servicos tecnico-profissionais (secao M inteira)
7320-3/00,7320300,73.20-3,73.2,73,M,Pesquisas de mercado e de opinião pública,PAS_4.1,4.1 Serviços técnico-profissionais,PAS,covered,PAS_4.1 — Servicos tecnico-profissionais (secao M inteira)
7410-2/01,7410201,74.10-2,74.1,74,M,Design e decoração de interiores,PAS_4.1,4.1 Serviços técnico-profissionais,PAS,covered,PAS_4.1 — Servicos tecnico-profissionais (secao M inteira)
7410-2/02,7410202,74.10-2,74.1,74,M,Design e decoração de interiores,PAS_4.1,4.1 Serviços técnico-profissionais,PAS,covered,PAS_4.1 — Servicos tecnico-profissionais (secao M inteira)
7420-0/01,7420001,74.20-0,74.2,74,M,Atividades fotográficas e similares,PAS_4.1,4.1 Serviços técnico-profissionais,PAS,covered,PAS_4.1 — Servicos tecnico-profissionais (secao M inteira)
7420-0/02,7420002,74.20-0,74.2,74,M,Atividades fotográficas e similares,PAS_4.1,4.1 Serviços técnico-profissionais,PAS,covered,PAS_4.1 — Servicos tecnico-profissionais (secao M inteira)
7420-0/03,7420003,74.20-0,74.2,74,M,Atividades fotográficas e similares,PAS_4.1,4.1 Serviços técnico-profissionais,PAS,covered,PAS_4.1 — Servicos tecnico-profissionais (secao M inteira)
7420-0/04,7420004,74.20-0,74.2,74,M,Atividades fotográficas e similares,PAS_4.1,4.1 Serviços técnico-profissionais,PAS,covered,PAS_4.1 — Servicos tecnico-profissionais (secao M inteira)
7420-0/05,7420005,74.20-0,74.2,74,M,Atividades fotográficas e similares,PAS_4.1,4.1 Serviços técnico-profissionais,PAS,covered,PAS_4.1 — Servicos tecnico-profissionais (secao M inteira)
7490-1/01,7490101,74.90-1,74.9,74,M,"Atividades profissionais, científicas e técnicas não especificadas anteriormente",PAS_4.1,4.1 Serviços técnico-profissionais,PAS,covered,PAS_4.1 — Servicos tecnico-profissionais (secao M inteira)
7490-1/02,7490102,74.90-1,74.9,74,M,"Atividades profissionais, científicas e técnicas não especificadas anteriormente",PAS_4.1,4.1 Serviços técnico-profissionais,PAS,covered,PAS_4.1 — Servicos tecnico-profissionais (secao M inteira)
7490-1/03,7490103,74.90-1,74.9,74,M,"Atividades profissionais, científicas e técnicas não especificadas anteriormente",PAS_4.1,4.1 Serviços técnico-profissionais,PAS,covered,PAS_4.1 — Servicos tecnico-profissionais (secao M inteira)
7490-1/04,7490104,74.90-1,74.9,74,M,"Atividades profissionais, científicas e técnicas não especificadas anteriormente",PAS_4.1,4.1 Serviços técnico-profissionais,PAS,covered,PAS_4.1 — Servicos tecnico-profissionais (secao M inteira)
7490-1/05,7490105,74.90-1,74.9,74,M,"Atividades profissionais, científicas e técnicas não especificadas anteriormente",PAS_4.1,4.1 Serviços técnico-profissionais,PAS,covered,PAS_4.1 — Servicos tecnico-profissionais (secao M inteira)
7490-1/99,7490199,74.90-1,74.9,74,M,"Atividades profissionais, científicas e técnicas não especificadas anteriormente",PAS_4.1,4.1 Serviços técnico-profissionais,PAS,covered,PAS_4.1 — Servicos tecnico-profissionais (secao M inteira)
7500-1/00,7500100,75.00-1,75.0,75,M,Atividades veterinárias,PAS_4.1,4.1 Serviços técnico-profissionais,PAS,covered,PAS_4.1 — Servicos tecnico-profissionais (secao M inteira)
7711-0/00,7711000,77.11-0,77.1,77,N,Locação de automóveis sem condutor,PAS_4.2,4.2 Aluguéis não imobiliários e gestão de ativos intangíveis não financeiros,PAS,covered,PAS — divisao 77
7719-5/01,7719501,77.19-5,77.1,77,N,"Locação de meios de transporte, exceto automóveis, sem condutor",PAS_4.2,4.2 Aluguéis não imobiliários e gestão de ativos intangíveis não financeiros,PAS,covered,PAS — divisao 77
7719-5/02,7719502,77.19-5,77.1,77,N,"Locação de meios de transporte, exceto automóveis, sem condutor",PAS_4.2,4.2 Aluguéis não imobiliários e gestão de ativos intangíveis não financeiros,PAS,covered,PAS — divisao 77
7719-5/99,7719599,77.19-5,77.1,77,N,"Locação de meios de transporte, exceto automóveis, sem condutor",PAS_4.2,4.2 Aluguéis não imobiliários e gestão de ativos intangíveis não financeiros,PAS,covered,PAS — divisao 77
7721-7/00,7721700,77.21-7,77.2,77,N,Aluguel de equipamentos recreativos e esportivos,PAS_4.2,4.2 Aluguéis não imobiliários e gestão de ativos intangíveis não financeiros,PAS,covered,PAS — divisao 77
7722-5/00,7722500,77.22-5,77.2,77,N,"Aluguel de fitas de vídeo, DVDs e similares",PAS_4.2,4.2 Aluguéis não imobiliários e gestão de ativos intangíveis não financeiros,PAS,covered,PAS — divisao 77
7723-3/00,7723300,77.23-3,77.2,77,N,"Aluguel de objetos do vestuário, jóias e acessórios",PAS_4.2,4.2 Aluguéis não imobiliários e gestão de ativos intangíveis não financeiros,PAS,covered,PAS — divisao 77
7729-2/01,7729201,77.29-2,77.2,77,N,Aluguel de objetos pessoais e domésticos não especificados anteriormente,PAS_4.2,4.2 Aluguéis não imobiliários e gestão de ativos intangíveis não financeiros,PAS,covered,PAS — divisao 77
7729-2/02,7729202,77.29-2,77.2,77,N,Aluguel de objetos pessoais e domésticos não especificados anteriormente,PAS_4.2,4.2 Aluguéis não imobiliários e gestão de ativos intangíveis não financeiros,PAS,covered,PAS — divisao 77
7729-2/03,7729203,77.29-2,77.2,77,N,Aluguel de objetos pessoais e domésticos não especificados anteriormente,PAS_4.2,4.2 Aluguéis não imobiliários e gestão de ativos intangíveis não financeiros,PAS,covered,PAS — divisao 77
7729-2/99,7729299,77.29-2,77.2,77,N,Aluguel de objetos pessoais e domésticos não especificados anteriormente,PAS_4.2,4.2 Aluguéis não imobiliários e gestão de ativos intangíveis não financeiros,PAS,covered,PAS — divisao 77
7731-4/00,7731400,77.31-4,77.3,77,N,Aluguel de máquinas e equipamentos agrícolas sem operador,PAS_4.2,4.2 Aluguéis não imobiliários e gestão de ativos intangíveis não financeiros,PAS,covered,PAS — divisao 77
7732-2/01,7732201,77.32-2,77.3,77,N,Aluguel de máquinas e equipamentos para construção sem operador,PAS_4.2,4.2 Aluguéis não imobiliários e gestão de ativos intangíveis não financeiros,PAS,covered,PAS — divisao 77
7732-2/02,7732202,77.32-2,77.3,77,N,Aluguel de máquinas e equipamentos para construção sem operador,PAS_4.2,4.2 Aluguéis não imobiliários e gestão de ativos intangíveis não financeiros,PAS,covered,PAS — divisao 77
7733-1/00,7733100,77.33-1,77.3,77,N,Aluguel de máquinas e equipamentos para escritório,PAS_4.2,4.2 Aluguéis não imobiliários e gestão de ativos intangíveis não financeiros,PAS,covered,PAS — divisao 77
7739-0/01,7739001,77.39-0,77.3,77,N,Aluguel de máquinas e equipamentos não especificados anteriormente,PAS_4.2,4.2 Aluguéis não imobiliários e gestão de ativos intangíveis não financeiros,PAS,covered,PAS — divisao 77
7739-0/02,7739002,77.39-0,77.3,77,N,Aluguel de máquinas e equipamentos não especificados anteriormente,PAS_4.2,4.2 Aluguéis não imobiliários e gestão de ativos intangíveis não financeiros,PAS,covered,PAS — divisao 77
7739-0/03,7739003,77.39-0,77.3,77,N,Aluguel de máquinas e equipamentos não especificados anteriormente,PAS_4.2,4.2 Aluguéis não imobiliários e gestão de ativos intangíveis não financeiros,PAS,covered,PAS — divisao 77
7739-0/99,7739099,77.39-0,77.3,77,N,Aluguel de máquinas e equipamentos não especificados anteriormente,PAS_4.2,4.2 Aluguéis não imobiliários e gestão de ativos intangíveis não financeiros,PAS,covered,PAS — divisao 77
7740-3/00,7740300,77.40-3,77.4,77,N,Gestão de ativos intangíveis não-financeiros,PAS_4.2,4.2 Aluguéis não imobiliários e gestão de ativos intangíveis não financeiros,PAS,covered,PAS — divisao 77
7810-8/00,7810800,78.10-8,78.1,78,N,Seleção e agenciamento de mão-de-obra,PAS_4.3,"4.3 Seleção, agenciamento e locação de mão-de-obra",PAS,covered,PAS — divisao 78
7820-5/00,7820500,78.20-5,78.2,78,N,Locação de mão-de-obra temporária,PAS_4.3,"4.3 Seleção, agenciamento e locação de mão-de-obra",PAS,covered,PAS — divisao 78
7830-2/00,7830200,78.30-2,78.3,78,N,Fornecimento e gestão de recursos humanos para terceiros,PAS_4.3,"4.3 Seleção, agenciamento e locação de mão-de-obra",PAS,covered,PAS — divisao 78
7911-2/00,7911200,79.11-2,79.1,79,N,Agências de viagens,PAS_4.4,"4.4 Agências de viagens, operadores turísticos e outros serviços de turismo",PAS,covered,PAS — divisao 79
7912-1/00,7912100,79.12-1,79.1,79,N,Operadores turísticos,PAS_4.4,"4.4 Agências de viagens, operadores turísticos e outros serviços de turismo",PAS,covered,PAS — divisao 79
7990-2/00,7990200,79.90-2,79.9,79,N,Serviços de reservas e outros serviços de turismo não especificados anteriormente,PAS_4.4,"4.4 Agências de viagens, operadores turísticos e outros serviços de turismo",PAS,covered,PAS — divisao 79
8011-1/01,8011101,80.11-1,80.1,80,N,Atividades de vigilância e segurança privada,PAS_4.5,"4.5 Serviços de investigação, vigilância, segurança e transporte de valores",PAS,covered,PAS — divisao 80
8011-1/02,8011102,80.11-1,80.1,80,N,Atividades de vigilância e segurança privada,PAS_4.5,"4.5 Serviços de investigação, vigilância, segurança e transporte de valores",PAS,covered,PAS — divisao 80
8012-9/00,8012900,80.12-9,80.1,80,N,Atividades de transporte de valores,PAS_4.5,"4.5 Serviços de investigação, vigilância, segurança e transporte de valores",PAS,covered,PAS — divisao 80
8020-0/00,8020000,80.20-0,80.2,80,N,Atividades de monitoramento de sistemas de segurança,PAS_4.5,"4.5 Serviços de investigação, vigilância, segurança e transporte de valores",PAS,covered,PAS — divisao 80
8030-7/00,8030700,80.30-7,80.3,80,N,Atividades de investigação particular,PAS_4.5,"4.5 Serviços de investigação, vigilância, segurança e transporte de valores",PAS,covered,PAS — divisao 80
8111-7/00,8111700,81.11-7,81.1,81,N,"Serviços combinados para apoio a edifícios, exceto condomínios prediais",PAS_4.6,4.6 Serviços para edifícios e atividades paisagisticas,PAS,covered,PAS — divisao 81
8112-5/00,8112500,81.12-5,81.1,81,N,Condomínios prediais,PAS_4.6,4.6 Serviços para edifícios e atividades paisagisticas,PAS,covered,PAS — divisao 81
8121-4/00,8121400,81.21-4,81.2,81,N,Limpeza em prédios e em domicílios,PAS_4.6,4.6 Serviços para edifícios e atividades paisagisticas,PAS,covered,PAS — divisao 81
8122-2/00,8122200,81.22-2,81.2,81,N,Imunização e controle de pragas urbanas,PAS_4.6,4.6 Serviços para edifícios e atividades paisagisticas,PAS,covered,PAS — divisao 81
8129-0/00,8129000,81.29-0,81.2,81,N,Atividades de limpeza não especificadas anteriormente,PAS_4.6,4.6 Serviços para edifícios e atividades paisagisticas,PAS,covered,PAS — divisao 81
8130-3/00,8130300,81.30-3,81.3,81,N,Atividades paisagísticas,PAS_4.6,4.6 Serviços para edifícios e atividades paisagisticas,PAS,covered,PAS — divisao 81
8211-3/00,8211300,82.11-3,82.1,82,N,Serviços combinados de escritório e apoio administrativo,PAS_4.7,4.7 Serviços de escritório e apoio administrativo,PAS,covered,Escritorio e apoio administrativo (grupo 82.1)
8219-9/01,8219901,82.19-9,82.1,82,N,"Fotocópias, preparação de documentos e outros serviços especializados de apoio administrativo",PAS_4.7,4.7 Serviços de escritório e apoio administrativo,PAS,covered,Escritorio e apoio administrativo (grupo 82.1)
8219-9/99,8219999,82.19-9,82.1,82,N,"Fotocópias, preparação de documentos e outros serviços especializados de apoio administrativo",PAS_4.7,4.7 Serviços de escritório e apoio administrativo,PAS,covered,Escritorio e apoio administrativo (grupo 82.1)
8220-2/00,8220200,82.20-2,82.2,82,N,Atividades de teleatendimento,PAS_4.7,4.7 Serviços de escritório e apoio administrativo,PAS,covered,Teleatendimento incluido em PAS_4.7 (grupo 82.2)
8230-0/01,8230001,82.30-0,82.3,82,N,"Atividades de organização de eventos, exceto culturais e esportivos",PAS_4.8,4.8 Outros serviços prestados principalmente às empresas,PAS,covered,Organizacao de eventos em PAS_4.8 (grupo 82.3)
8230-0/02,8230002,82.30-0,82.3,82,N,"Atividades de organização de eventos, exceto culturais e esportivos",PAS_4.8,4.8 Outros serviços prestados principalmente às empresas,PAS,covered,Organizacao de eventos em PAS_4.8 (grupo 82.3)
8291-1/00,8291100,82.91-1,82.9,82,N,Atividades de cobrança e informações cadastrais,PAS_4.8,4.8 Outros serviços prestados principalmente às empresas,PAS,covered,Outros servicos B2B NEC (grupo 82.9)
8292-0/00,8292000,82.92-0,82.9,82,N,Envasamento e empacotamento sob contrato,PAS_4.8,4.8 Outros serviços prestados principalmente às empresas,PAS,covered,Outros servicos B2B NEC (grupo 82.9)
8299-7/01,8299701,82.99-7,82.9,82,N,Atividades de serviços prestados principalmente às empresas não especificadas anteriormente,PAS_4.8,4.8 Outros serviços prestados principalmente às empresas,PAS,covered,Outros servicos B2B NEC (grupo 82.9)
8299-7/02,8299702,82.99-7,82.9,82,N,Atividades de serviços prestados principalmente às empresas não especificadas anteriormente,PAS_4.8,4.8 Outros serviços prestados principalmente às empresas,PAS,covered,Outros servicos B2B NEC (grupo 82.9)
8299-7/03,8299703,82.99-7,82.9,82,N,Atividades de serviços prestados principalmente às empresas não especificadas anteriormente,PAS_4.8,4.8 Outros serviços prestados principalmente às empresas,PAS,covered,Outros servicos B2B NEC (grupo 82.9)
8299-7/04,8299704,82.99-7,82.9,82,N,Atividades de serviços prestados principalmente às empresas não especificadas anteriormente,PAS_4.8,4.8 Outros serviços prestados principalmente às empresas,PAS,covered,Outros servicos B2B NEC (grupo 82.9)
8299-7/05,8299705,82.99-7,82.9,82,N,Atividades de serviços prestados principalmente às empresas não especificadas anteriormente,PAS_4.8,4.8 Outros serviços prestados principalmente às empresas,PAS,covered,Outros servicos B2B NEC (grupo 82.9)
8299-7/06,8299706,82.99-7,82.9,82,N,Atividades de serviços prestados principalmente às empresas não especificadas anteriormente,PAS_4.8,4.8 Outros serviços prestados principalmente às empresas,PAS,covered,Outros servicos B2B NEC (grupo 82.9)
8299-7/07,8299707,82.99-7,82.9,82,N,Atividades de serviços prestados principalmente às empresas não especificadas anteriormente,PAS_4.8,4.8 Outros serviços prestados principalmente às empresas,PAS,covered,Outros servicos B2B NEC (grupo 82.9)
8299-7/99,8299799,82.99-7,82.9,82,N,Atividades de serviços prestados principalmente às empresas não especificadas anteriormente,PAS_4.8,4.8 Outros serviços prestados principalmente às empresas,PAS,covered,Outros servicos B2B NEC (grupo 82.9)
8411-6/00,8411600,84.11-6,84.1,84,O,Administração pública em geral,,,,not_covered,Secao O nao coberta por PIA/PAC/PAS
8412-4/00,8412400,84.12-4,84.1,84,O,"Regulação das atividades de saúde, educação, serviços culturais e outros serviços sociais",,,,not_covered,Secao O nao coberta por PIA/PAC/PAS
8413-2/00,8413200,84.13-2,84.1,84,O,Regulação das atividades econômicas,,,,not_covered,Secao O nao coberta por PIA/PAC/PAS
8421-3/00,8421300,84.21-3,84.2,84,O,Relações exteriores,,,,not_covered,Secao O nao coberta por PIA/PAC/PAS
8422-1/00,8422100,84.22-1,84.2,84,O,Defesa,,,,not_covered,Secao O nao coberta por PIA/PAC/PAS
8423-0/00,8423000,84.23-0,84.2,84,O,Justiça,,,,not_covered,Secao O nao coberta por PIA/PAC/PAS
8424-8/00,8424800,84.24-8,84.2,84,O,Segurança e ordem pública,,,,not_covered,Secao O nao coberta por PIA/PAC/PAS
8425-6/00,8425600,84.25-6,84.2,84,O,Defesa Civil,,,,not_covered,Secao O nao coberta por PIA/PAC/PAS
8430-2/00,8430200,84.30-2,84.3,84,O,Seguridade social obrigatória,,,,not_covered,Secao O nao coberta por PIA/PAC/PAS
8511-2/00,8511200,85.11-2,85.1,85,P,Educação infantil - creche,PAS_2.5,2.5 Atividades de ensino continuado,PAS,covered,PAS — divisao 85
8512-1/00,8512100,85.12-1,85.1,85,P,Educação infantil - pré-escola,PAS_2.5,2.5 Atividades de ensino continuado,PAS,covered,PAS — divisao 85
8513-9/00,8513900,85.13-9,85.1,85,P,Ensino fundamental,PAS_2.5,2.5 Atividades de ensino continuado,PAS,covered,PAS — divisao 85
8520-1/00,8520100,85.20-1,85.2,85,P,Ensino médio,PAS_2.5,2.5 Atividades de ensino continuado,PAS,covered,PAS — divisao 85
8531-7/00,8531700,85.31-7,85.3,85,P,Educação superior - graduação,PAS_2.5,2.5 Atividades de ensino continuado,PAS,covered,PAS — divisao 85
8532-5/00,8532500,85.32-5,85.3,85,P,Educação superior - graduação e pós-graduação,PAS_2.5,2.5 Atividades de ensino continuado,PAS,covered,PAS — divisao 85
8533-3/00,8533300,85.33-3,85.3,85,P,Educação superior - pós-graduação e extensão,PAS_2.5,2.5 Atividades de ensino continuado,PAS,covered,PAS — divisao 85
8541-4/00,8541400,85.41-4,85.4,85,P,Educação profissional de nível técnico,PAS_2.5,2.5 Atividades de ensino continuado,PAS,covered,PAS — divisao 85
8542-2/00,8542200,85.42-2,85.4,85,P,Educação profissional de nível tecnológico,PAS_2.5,2.5 Atividades de ensino continuado,PAS,covered,PAS — divisao 85
8550-3/01,8550301,85.50-3,85.5,85,P,Atividades de apoio à educação,PAS_2.5,2.5 Atividades de ensino continuado,PAS,covered,PAS — divisao 85
8550-3/02,8550302,85.50-3,85.5,85,P,Atividades de apoio à educação,PAS_2.5,2.5 Atividades de ensino continuado,PAS,covered,PAS — divisao 85
8591-1/00,8591100,85.91-1,85.9,85,P,Ensino de esportes,PAS_2.5,2.5 Atividades de ensino continuado,PAS,covered,PAS — divisao 85
8592-9/01,8592901,85.92-9,85.9,85,P,Ensino de arte e cultura,PAS_2.5,2.5 Atividades de ensino continuado,PAS,covered,PAS — divisao 85
8592-9/02,8592902,85.92-9,85.9,85,P,Ensino de arte e cultura,PAS_2.5,2.5 Atividades de ensino continuado,PAS,covered,PAS — divisao 85
8592-9/03,8592903,85.92-9,85.9,85,P,Ensino de arte e cultura,PAS_2.5,2.5 Atividades de ensino continuado,PAS,covered,PAS — divisao 85
8592-9/99,8592999,85.92-9,85.9,85,P,Ensino de arte e cultura,PAS_2.5,2.5 Atividades de ensino continuado,PAS,covered,PAS — divisao 85
8593-7/00,8593700,85.93-7,85.9,85,P,Ensino de idiomas,PAS_2.5,2.5 Atividades de ensino continuado,PAS,covered,PAS — divisao 85
8599-6/01,8599601,85.99-6,85.9,85,P,Atividades de ensino não especificadas anteriormente,PAS_2.5,2.5 Atividades de ensino continuado,PAS,covered,PAS — divisao 85
8599-6/02,8599602,85.99-6,85.9,85,P,Atividades de ensino não especificadas anteriormente,PAS_2.5,2.5 Atividades de ensino continuado,PAS,covered,PAS — divisao 85
8599-6/03,8599603,85.99-6,85.9,85,P,Atividades de ensino não especificadas anteriormente,PAS_2.5,2.5 Atividades de ensino continuado,PAS,covered,PAS — divisao 85
8599-6/04,8599604,85.99-6,85.9,85,P,Atividades de ensino não especificadas anteriormente,PAS_2.5,2.5 Atividades de ensino continuado,PAS,covered,PAS — divisao 85
8599-6/05,8599605,85.99-6,85.9,85,P,Atividades de ensino não especificadas anteriormente,PAS_2.5,2.5 Atividades de ensino continuado,PAS,covered,PAS — divisao 85
8599-6/99,8599699,85.99-6,85.9,85,P,Atividades de ensino não especificadas anteriormente,PAS_2.5,2.5 Atividades de ensino continuado,PAS,covered,PAS — divisao 85
8610-1/01,8610101,86.10-1,86.1,86,Q,Atividades de atendimento hospitalar,,,,not_covered,Saude (secao Q) — nao coberta
8610-1/02,8610102,86.10-1,86.1,86,Q,Atividades de atendimento hospitalar,,,,not_covered,Saude (secao Q) — nao coberta
8621-6/01,8621601,86.21-6,86.2,86,Q,Serviços móveis de atendimento a urgências,,,,not_covered,Saude (secao Q) — nao coberta
8621-6/02,8621602,86.21-6,86.2,86,Q,Serviços móveis de atendimento a urgências,,,,not_covered,Saude (secao Q) — nao coberta
8622-4/00,8622400,86.22-4,86.2,86,Q,"Serviços de remoção de pacientes, exceto os serviços móveis de atendimento a urgências",,,,not_covered,Saude (secao Q) — nao coberta
8630-5/01,8630501,86.30-5,86.3,86,Q,Atividades de atenção ambulatorial executadas por médicos e odontólogos,,,,not_covered,Saude (secao Q) — nao coberta
8630-5/02,8630502,86.30-5,86.3,86,Q,Atividades de atenção ambulatorial executadas por médicos e odontólogos,,,,not_covered,Saude (secao Q) — nao coberta
8630-5/03,8630503,86.30-5,86.3,86,Q,Atividades de atenção ambulatorial executadas por médicos e odontólogos,,,,not_covered,Saude (secao Q) — nao coberta
8630-5/04,8630504,86.30-5,86.3,86,Q,Atividades de atenção ambulatorial executadas por médicos e odontólogos,,,,not_covered,Saude (secao Q) — nao coberta
8630-5/06,8630506,86.30-5,86.3,86,Q,Atividades de atenção ambulatorial executadas por médicos e odontólogos,,,,not_covered,Saude (secao Q) — nao coberta
8630-5/07,8630507,86.30-5,86.3,86,Q,Atividades de atenção ambulatorial executadas por médicos e odontólogos,,,,not_covered,Saude (secao Q) — nao coberta
8630-5/99,8630599,86.30-5,86.3,86,Q,Atividades de atenção ambulatorial executadas por médicos e odontólogos,,,,not_covered,Saude (secao Q) — nao coberta
8640-2/01,8640201,86.40-2,86.4,86,Q,Atividades de serviços de complementação diagnóstica e terapêutica,,,,not_covered,Saude (secao Q) — nao coberta
8640-2/02,8640202,86.40-2,86.4,86,Q,Atividades de serviços de complementação diagnóstica e terapêutica,,,,not_covered,Saude (secao Q) — nao coberta
8640-2/03,8640203,86.40-2,86.4,86,Q,Atividades de serviços de complementação diagnóstica e terapêutica,,,,not_covered,Saude (secao Q) — nao coberta
8640-2/04,8640204,86.40-2,86.4,86,Q,Atividades de serviços de complementação diagnóstica e terapêutica,,,,not_covered,Saude (secao Q) — nao coberta
8640-2/05,8640205,86.40-2,86.4,86,Q,Atividades de serviços de complementação diagnóstica e terapêutica,,,,not_covered,Saude (secao Q) — nao coberta
8640-2/06,8640206,86.40-2,86.4,86,Q,Atividades de serviços de complementação diagnóstica e terapêutica,,,,not_covered,Saude (secao Q) — nao coberta
8640-2/07,8640207,86.40-2,86.4,86,Q,Atividades de serviços de complementação diagnóstica e terapêutica,,,,not_covered,Saude (secao Q) — nao coberta
8640-2/08,8640208,86.40-2,86.4,86,Q,Atividades de serviços de complementação diagnóstica e terapêutica,,,,not_covered,Saude (secao Q) — nao coberta
8640-2/09,8640209,86.40-2,86.4,86,Q,Atividades de serviços de complementação diagnóstica e terapêutica,,,,not_covered,Saude (secao Q) — nao coberta
8640-2/10,8640210,86.40-2,86.4,86,Q,Atividades de serviços de complementação diagnóstica e terapêutica,,,,not_covered,Saude (secao Q) — nao coberta
8640-2/11,8640211,86.40-2,86.4,86,Q,Atividades de serviços de complementação diagnóstica e terapêutica,,,,not_covered,Saude (secao Q) — nao coberta
8640-2/12,8640212,86.40-2,86.4,86,Q,Atividades de serviços de complementação diagnóstica e terapêutica,,,,not_covered,Saude (secao Q) — nao coberta
8640-2/13,8640213,86.40-2,86.4,86,Q,Atividades de serviços de complementação diagnóstica e terapêutica,,,,not_covered,Saude (secao Q) — nao coberta
8640-2/14,8640214,86.40-2,86.4,86,Q,Atividades de serviços de complementação diagnóstica e terapêutica,,,,not_covered,Saude (secao Q) — nao coberta
8640-2/99,8640299,86.40-2,86.4,86,Q,Atividades de serviços de complementação diagnóstica e terapêutica,,,,not_covered,Saude (secao Q) — nao coberta
8650-0/01,8650001,86.50-0,86.5,86,Q,"Atividades de profissionais da área de saúde, exceto médicos e odontólogos",,,,not_covered,Saude (secao Q) — nao coberta
8650-0/02,8650002,86.50-0,86.5,86,Q,"Atividades de profissionais da área de saúde, exceto médicos e odontólogos",,,,not_covered,Saude (secao Q) — nao coberta
8650-0/03,8650003,86.50-0,86.5,86,Q,"Atividades de profissionais da área de saúde, exceto médicos e odontólogos",,,,not_covered,Saude (secao Q) — nao coberta
8650-0/04,8650004,86.50-0,86.5,86,Q,"Atividades de profissionais da área de saúde, exceto médicos e odontólogos",,,,not_covered,Saude (secao Q) — nao coberta
8650-0/05,8650005,86.50-0,86.5,86,Q,"Atividades de profissionais da área de saúde, exceto médicos e odontólogos",,,,not_covered,Saude (secao Q) — nao coberta
8650-0/06,8650006,86.50-0,86.5,86,Q,"Atividades de profissionais da área de saúde, exceto médicos e odontólogos",,,,not_covered,Saude (secao Q) — nao coberta
8650-0/07,8650007,86.50-0,86.5,86,Q,"Atividades de profissionais da área de saúde, exceto médicos e odontólogos",,,,not_covered,Saude (secao Q) — nao coberta
8650-0/99,8650099,86.50-0,86.5,86,Q,"Atividades de profissionais da área de saúde, exceto médicos e odontólogos",,,,not_covered,Saude (secao Q) — nao coberta
8660-7/00,8660700,86.60-7,86.6,86,Q,Atividades de apoio à gestão de saúde,,,,not_covered,Saude (secao Q) — nao coberta
8690-9/01,8690901,86.90-9,86.9,86,Q,Atividades de atenção à saúde humana não especificadas anteriormente,,,,not_covered,Saude (secao Q) — nao coberta
8690-9/02,8690902,86.90-9,86.9,86,Q,Atividades de atenção à saúde humana não especificadas anteriormente,,,,not_covered,Saude (secao Q) — nao coberta
8690-9/99,8690999,86.90-9,86.9,86,Q,Atividades de atenção à saúde humana não especificadas anteriormente,,,,not_covered,Saude (secao Q) — nao coberta
8711-5/01,8711501,87.11-5,87.1,87,Q,"Atividades de assistência a idosos, deficientes físicos, imunodeprimidos e convalescentes prestadas em residências coletivas e particulares",,,,not_covered,Saude (secao Q) — nao coberta
8711-5/02,8711502,87.11-5,87.1,87,Q,"Atividades de assistência a idosos, deficientes físicos, imunodeprimidos e convalescentes prestadas em residências coletivas e particulares",,,,not_covered,Saude (secao Q) — nao coberta
8711-5/03,8711503,87.11-5,87.1,87,Q,"Atividades de assistência a idosos, deficientes físicos, imunodeprimidos e convalescentes prestadas em residências coletivas e particulares",,,,not_covered,Saude (secao Q) — nao coberta
8711-5/04,8711504,87.11-5,87.1,87,Q,"Atividades de assistência a idosos, deficientes físicos, imunodeprimidos e convalescentes prestadas em residências coletivas e particulares",,,,not_covered,Saude (secao Q) — nao coberta
8711-5/05,8711505,87.11-5,87.1,87,Q,"Atividades de assistência a idosos, deficientes físicos, imunodeprimidos e convalescentes prestadas em residências coletivas e particulares",,,,not_covered,Saude (secao Q) — nao coberta
8712-3/00,8712300,87.12-3,87.1,87,Q,Atividades de fornecimento de infra-estrutura de apoio e assistência a paciente no domicílio,,,,not_covered,Saude (secao Q) — nao coberta
8720-4/01,8720401,87.20-4,87.2,87,Q,"Atividades de assistência psicossocial e à saúde a portadores de distúrbios psíquicos, deficiência mental e dependência química",,,,not_covered,Saude (secao Q) — nao coberta
8720-4/99,8720499,87.20-4,87.2,87,Q,"Atividades de assistência psicossocial e à saúde a portadores de distúrbios psíquicos, deficiência mental e dependência química",,,,not_covered,Saude (secao Q) — nao coberta
8730-1/01,8730101,87.30-1,87.3,87,Q,Atividades de assistência social prestadas em residências coletivas e particulares,,,,not_covered,Saude (secao Q) — nao coberta
8730-1/02,8730102,87.30-1,87.3,87,Q,Atividades de assistência social prestadas em residências coletivas e particulares,,,,not_covered,Saude (secao Q) — nao coberta
8730-1/99,8730199,87.30-1,87.3,87,Q,Atividades de assistência social prestadas em residências coletivas e particulares,,,,not_covered,Saude (secao Q) — nao coberta
8800-6/00,8800600,88.00-6,88.0,88,Q,Serviços de assistência social sem alojamento,,,,not_covered,Saude (secao Q) — nao coberta
9001-9/01,9001901,90.01-9,90.0,90,R,"Artes cênicas, espetáculos e atividades complementares",PAS_2.3,"2.3 Atividades culturais, recreativas e esportivas",PAS,covered,PAS — divisao 90
9001-9/02,9001902,90.01-9,90.0,90,R,"Artes cênicas, espetáculos e atividades complementares",PAS_2.3,"2.3 Atividades culturais, recreativas e esportivas",PAS,covered,PAS — divisao 90
9001-9/03,9001903,90.01-9,90.0,90,R,"Artes cênicas, espetáculos e atividades complementares",PAS_2.3,"2.3 Atividades culturais, recreativas e esportivas",PAS,covered,PAS — divisao 90
9001-9/04,9001904,90.01-9,90.0,90,R,"Artes cênicas, espetáculos e atividades complementares",PAS_2.3,"2.3 Atividades culturais, recreativas e esportivas",PAS,covered,PAS — divisao 90
9001-9/05,9001905,90.01-9,90.0,90,R,"Artes cênicas, espetáculos e atividades complementares",PAS_2.3,"2.3 Atividades culturais, recreativas e esportivas",PAS,covered,PAS — divisao 90
9001-9/06,9001906,90.01-9,90.0,90,R,"Artes cênicas, espetáculos e atividades complementares",PAS_2.3,"2.3 Atividades culturais, recreativas e esportivas",PAS,covered,PAS — divisao 90
9001-9/99,9001999,90.01-9,90.0,90,R,"Artes cênicas, espetáculos e atividades complementares",PAS_2.3,"2.3 Atividades culturais, recreativas e esportivas",PAS,covered,PAS — divisao 90
9002-7/01,9002701,90.02-7,90.0,90,R,Criação artística,PAS_2.3,"2.3 Atividades culturais, recreativas e esportivas",PAS,covered,PAS — divisao 90
9002-7/02,9002702,90.02-7,90.0,90,R,Criação artística,PAS_2.3,"2.3 Atividades culturais, recreativas e esportivas",PAS,covered,PAS — divisao 90
9003-5/00,9003500,90.03-5,90.0,90,R,"Gestão de espaços para artes cênicas, espetáculos e outras atividades artísticas",PAS_2.3,"2.3 Atividades culturais, recreativas e esportivas",PAS,covered,PAS — divisao 90
9101-5/00,9101500,91.01-5,91.0,91,R,Atividades de bibliotecas e arquivos,PAS_2.3,"2.3 Atividades culturais, recreativas e esportivas",PAS,ambiguous_review_needed,PAS_2.3 cobre secao R (90-93) como agregado; bands CSV mostra apenas div 90
9102-3/01,9102301,91.02-3,91.0,91,R,"Atividades de museus e de exploração, restauração artística e conservação de lugares e prédios históricos e atrações similares",PAS_2.3,"2.3 Atividades culturais, recreativas e esportivas",PAS,ambiguous_review_needed,PAS_2.3 cobre secao R (90-93) como agregado; bands CSV mostra apenas div 90
9102-3/02,9102302,91.02-3,91.0,91,R,"Atividades de museus e de exploração, restauração artística e conservação de lugares e prédios históricos e atrações similares",PAS_2.3,"2.3 Atividades culturais, recreativas e esportivas",PAS,ambiguous_review_needed,PAS_2.3 cobre secao R (90-93) como agregado; bands CSV mostra apenas div 90
9103-1/00,9103100,91.03-1,91.0,91,R,"Atividades de jardins botânicos, zoológicos, parques nacionais, reservas ecológicas e áreas de proteção ambiental",PAS_2.3,"2.3 Atividades culturais, recreativas e esportivas",PAS,ambiguous_review_needed,PAS_2.3 cobre secao R (90-93) como agregado; bands CSV mostra apenas div 90
9200-3/01,9200301,92.00-3,92.0,92,R,Atividades de exploração de jogos de azar e apostas,PAS_2.3,"2.3 Atividades culturais, recreativas e esportivas",PAS,ambiguous_review_needed,PAS_2.3 cobre secao R (90-93) como agregado; bands CSV mostra apenas div 90
9200-3/02,9200302,92.00-3,92.0,92,R,Atividades de exploração de jogos de azar e apostas,PAS_2.3,"2.3 Atividades culturais, recreativas e esportivas",PAS,ambiguous_review_needed,PAS_2.3 cobre secao R (90-93) como agregado; bands CSV mostra apenas div 90
9200-3/99,9200399,92.00-3,92.0,92,R,Atividades de exploração de jogos de azar e apostas,PAS_2.3,"2.3 Atividades culturais, recreativas e esportivas",PAS,ambiguous_review_needed,PAS_2.3 cobre secao R (90-93) como agregado; bands CSV mostra apenas div 90
9311-5/00,9311500,93.11-5,93.1,93,R,Gestão de instalações de esportes,PAS_2.3,"2.3 Atividades culturais, recreativas e esportivas",PAS,ambiguous_review_needed,PAS_2.3 cobre secao R (90-93) como agregado; bands CSV mostra apenas div 90
9312-3/00,9312300,93.12-3,93.1,93,R,"Clubes sociais, esportivos e similares",PAS_2.3,"2.3 Atividades culturais, recreativas e esportivas",PAS,ambiguous_review_needed,PAS_2.3 cobre secao R (90-93) como agregado; bands CSV mostra apenas div 90
9313-1/00,9313100,93.13-1,93.1,93,R,Atividades de condicionamento físico,PAS_2.3,"2.3 Atividades culturais, recreativas e esportivas",PAS,ambiguous_review_needed,PAS_2.3 cobre secao R (90-93) como agregado; bands CSV mostra apenas div 90
9319-1/01,9319101,93.19-1,93.1,93,R,Atividades esportivas não especificadas anteriormente,PAS_2.3,"2.3 Atividades culturais, recreativas e esportivas",PAS,ambiguous_review_needed,PAS_2.3 cobre secao R (90-93) como agregado; bands CSV mostra apenas div 90
9319-1/99,9319199,93.19-1,93.1,93,R,Atividades esportivas não especificadas anteriormente,PAS_2.3,"2.3 Atividades culturais, recreativas e esportivas",PAS,ambiguous_review_needed,PAS_2.3 cobre secao R (90-93) como agregado; bands CSV mostra apenas div 90
9321-2/00,9321200,93.21-2,93.2,93,R,Parques de diversão e parques temáticos,PAS_2.3,"2.3 Atividades culturais, recreativas e esportivas",PAS,ambiguous_review_needed,PAS_2.3 cobre secao R (90-93) como agregado; bands CSV mostra apenas div 90
9329-8/01,9329801,93.29-8,93.2,93,R,Atividades de recreação e lazer não especificadas anteriormente,PAS_2.3,"2.3 Atividades culturais, recreativas e esportivas",PAS,ambiguous_review_needed,PAS_2.3 cobre secao R (90-93) como agregado; bands CSV mostra apenas div 90
9329-8/02,9329802,93.29-8,93.2,93,R,Atividades de recreação e lazer não especificadas anteriormente,PAS_2.3,"2.3 Atividades culturais, recreativas e esportivas",PAS,ambiguous_review_needed,PAS_2.3 cobre secao R (90-93) como agregado; bands CSV mostra apenas div 90
9329-8/03,9329803,93.29-8,93.2,93,R,Atividades de recreação e lazer não especificadas anteriormente,PAS_2.3,"2.3 Atividades culturais, recreativas e esportivas",PAS,ambiguous_review_needed,PAS_2.3 cobre secao R (90-93) como agregado; bands CSV mostra apenas div 90
9329-8/04,9329804,93.29-8,93.2,93,R,Atividades de recreação e lazer não especificadas anteriormente,PAS_2.3,"2.3 Atividades culturais, recreativas e esportivas",PAS,ambiguous_review_needed,PAS_2.3 cobre secao R (90-93) como agregado; bands CSV mostra apenas div 90
9329-8/99,9329899,93.29-8,93.2,93,R,Atividades de recreação e lazer não especificadas anteriormente,PAS_2.3,"2.3 Atividades culturais, recreativas e esportivas",PAS,ambiguous_review_needed,PAS_2.3 cobre secao R (90-93) como agregado; bands CSV mostra apenas div 90
9411-1/00,9411100,94.11-1,94.1,94,S,Atividades de organizações associativas patronais e empresariais,,,,not_covered,Div 94 (Associacoes) — nao coberta por PAS
9412-0/00,9412000,94.12-0,94.1,94,S,Atividades de organizações associativas profissionais,,,,not_covered,Div 94 (Associacoes) — nao coberta por PAS
9420-1/00,9420100,94.20-1,94.2,94,S,Atividades de organizações sindicais,,,,not_covered,Div 94 (Associacoes) — nao coberta por PAS
9430-8/00,9430800,94.30-8,94.3,94,S,Atividades de associações de defesa de direitos sociais,,,,not_covered,Div 94 (Associacoes) — nao coberta por PAS
9491-0/00,9491000,94.91-0,94.9,94,S,Atividades de organizações religiosas,,,,not_covered,Div 94 (Associacoes) — nao coberta por PAS
9492-8/00,9492800,94.92-8,94.9,94,S,Atividades de organizações políticas,,,,not_covered,Div 94 (Associacoes) — nao coberta por PAS
9493-6/00,9493600,94.93-6,94.9,94,S,Atividades de organizações associativas ligadas à cultura e à arte,,,,not_covered,Div 94 (Associacoes) — nao coberta por PAS
9499-5/00,9499500,94.99-5,94.9,94,S,Atividades associativas não especificadas anteriormente,,,,not_covered,Div 94 (Associacoes) — nao coberta por PAS
9511-8/00,9511800,95.11-8,95.1,95,S,Reparação e manutenção de computadores e de equipamentos periféricos,PAS_7.2,7.2 Manutenção e reparação de equipamentos de informática e comunicação,PAS,covered,Reparacao de computadores e comunicacao (grupo 95.1)
9512-6/00,9512600,95.12-6,95.1,95,S,Reparação e manutenção de equipamentos de comunicação,PAS_7.2,7.2 Manutenção e reparação de equipamentos de informática e comunicação,PAS,covered,Reparacao de computadores e comunicacao (grupo 95.1)
9521-5/00,9521500,95.21-5,95.2,95,S,Reparação e manutenção de equipamentos eletroeletrônicos de uso pessoal e doméstico,PAS_7.3,7.3 Manutenção e reparação de objetos pessoais e domésticos,PAS,covered,Reparacao de objetos pessoais e domesticos (grupo 95.2)
9529-1/01,9529101,95.29-1,95.2,95,S,Reparação e manutenção de objetos e equipamentos pessoais e domésticos não especificados anteriormente,PAS_7.3,7.3 Manutenção e reparação de objetos pessoais e domésticos,PAS,covered,Reparacao de objetos pessoais e domesticos (grupo 95.2)
9529-1/02,9529102,95.29-1,95.2,95,S,Reparação e manutenção de objetos e equipamentos pessoais e domésticos não especificados anteriormente,PAS_7.3,7.3 Manutenção e reparação de objetos pessoais e domésticos,PAS,covered,Reparacao de objetos pessoais e domesticos (grupo 95.2)
9529-1/03,9529103,95.29-1,95.2,95,S,Reparação e manutenção de objetos e equipamentos pessoais e domésticos não especificados anteriormente,PAS_7.3,7.3 Manutenção e reparação de objetos pessoais e domésticos,PAS,covered,Reparacao de objetos pessoais e domesticos (grupo 95.2)
9529-1/04,9529104,95.29-1,95.2,95,S,Reparação e manutenção de objetos e equipamentos pessoais e domésticos não especificados anteriormente,PAS_7.3,7.3 Manutenção e reparação de objetos pessoais e domésticos,PAS,covered,Reparacao de objetos pessoais e domesticos (grupo 95.2)
9529-1/05,9529105,95.29-1,95.2,95,S,Reparação e manutenção de objetos e equipamentos pessoais e domésticos não especificados anteriormente,PAS_7.3,7.3 Manutenção e reparação de objetos pessoais e domésticos,PAS,covered,Reparacao de objetos pessoais e domesticos (grupo 95.2)
9529-1/06,9529106,95.29-1,95.2,95,S,Reparação e manutenção de objetos e equipamentos pessoais e domésticos não especificados anteriormente,PAS_7.3,7.3 Manutenção e reparação de objetos pessoais e domésticos,PAS,covered,Reparacao de objetos pessoais e domesticos (grupo 95.2)
9529-1/99,9529199,95.29-1,95.2,95,S,Reparação e manutenção de objetos e equipamentos pessoais e domésticos não especificados anteriormente,PAS_7.3,7.3 Manutenção e reparação de objetos pessoais e domésticos,PAS,covered,Reparacao de objetos pessoais e domesticos (grupo 95.2)
9601-7/01,9601701,96.01-7,96.0,96,S,"Lavanderias, tinturarias e toalheiros",PAS_2.4,2.4 Serviços pessoais,PAS,covered,PAS — divisao 96
9601-7/02,9601702,96.01-7,96.0,96,S,"Lavanderias, tinturarias e toalheiros",PAS_2.4,2.4 Serviços pessoais,PAS,covered,PAS — divisao 96
9601-7/03,9601703,96.01-7,96.0,96,S,"Lavanderias, tinturarias e toalheiros",PAS_2.4,2.4 Serviços pessoais,PAS,covered,PAS — divisao 96
9602-5/01,9602501,96.02-5,96.0,96,S,Cabeleireiros e outras atividades de tratamento de beleza,PAS_2.4,2.4 Serviços pessoais,PAS,covered,PAS — divisao 96
9602-5/02,9602502,96.02-5,96.0,96,S,Cabeleireiros e outras atividades de tratamento de beleza,PAS_2.4,2.4 Serviços pessoais,PAS,covered,PAS — divisao 96
9603-3/01,9603301,96.03-3,96.0,96,S,Atividades funerárias e serviços relacionados,PAS_2.4,2.4 Serviços pessoais,PAS,covered,PAS — divisao 96
9603-3/02,9603302,96.03-3,96.0,96,S,Atividades funerárias e serviços relacionados,PAS_2.4,2.4 Serviços pessoais,PAS,covered,PAS — divisao 96
9603-3/03,9603303,96.03-3,96.0,96,S,Atividades funerárias e serviços relacionados,PAS_2.4,2.4 Serviços pessoais,PAS,covered,PAS — divisao 96
9603-3/04,9603304,96.03-3,96.0,96,S,Atividades funerárias e serviços relacionados,PAS_2.4,2.4 Serviços pessoais,PAS,covered,PAS — divisao 96
9603-3/05,9603305,96.03-3,96.0,96,S,Atividades funerárias e serviços relacionados,PAS_2.4,2.4 Serviços pessoais,PAS,covered,PAS — divisao 96
9603-3/99,9603399,96.03-3,96.0,96,S,Atividades funerárias e serviços relacionados,PAS_2.4,2.4 Serviços pessoais,PAS,covered,PAS — divisao 96
9609-2/01,9609201,96.09-2,96.0,96,S,Atividades de serviços pessoais não especificadas anteriormente,PAS_2.4,2.4 Serviços pessoais,PAS,covered,PAS — divisao 96
9609-2/02,9609202,96.09-2,96.0,96,S,Atividades de serviços pessoais não especificadas anteriormente,PAS_2.4,2.4 Serviços pessoais,PAS,covered,PAS — divisao 96
9609-2/03,9609203,96.09-2,96.0,96,S,Atividades de serviços pessoais não especificadas anteriormente,PAS_2.4,2.4 Serviços pessoais,PAS,covered,PAS — divisao 96
9609-2/04,9609204,96.09-2,96.0,96,S,Atividades de serviços pessoais não especificadas anteriormente,PAS_2.4,2.4 Serviços pessoais,PAS,covered,PAS — divisao 96
9609-2/99,9609299,96.09-2,96.0,96,S,Atividades de serviços pessoais não especificadas anteriormente,PAS_2.4,2.4 Serviços pessoais,PAS,covered,PAS — divisao 96
9700-5/00,9700500,97.00-5,97.0,97,T,Serviços domésticos,,,,not_covered,Secao T nao coberta por PIA/PAC/PAS
9900-8/00,9900800,99.00-8,99.0,99,U,Organismos internacionais e outras instituições extraterritoriais,,,,not_covered,Secao U nao coberta por PIA/PAC/PAS
